season,poll_stage,poll_week,effective_schedule_week,poll_order,poll_label,poll_date,team_id,team_name,team_abbreviation,division,conference,is_ranked,rank,previous_rank,rank_change,entered_poll,dropped_from_previous_poll,weeks_ranked_to_date,best_rank_to_date
2025,preseason,,1,1,Preseason,2025-08-11,2,Auburn Tigers,AUB,FBS,Southeastern Conference,false,,,,,,0,
2025,preseason,,1,1,Preseason,2025-08-11,5,UAB Blazers,UAB,FBS,American Conference,false,,,,,,0,
2025,preseason,,1,1,Preseason,2025-08-11,6,South Alabama Jaguars,USA,FBS,Sun Belt Conference,false,,,,,,0,
2025,preseason,,1,1,Preseason,2025-08-11,8,Arkansas Razorbacks,ARK,FBS,Southeastern Conference,false,,,,,,0,
2025,preseason,,1,1,Preseason,2025-08-11,9,Arizona State Sun Devils,ASU,FBS,Big 12 Conference,true,11,,,,,1,11
2025,preseason,,1,1,Preseason,2025-08-11,12,Arizona Wildcats,ARIZ,FBS,Big 12 Conference,false,,,,,,0,
2025,preseason,,1,1,Preseason,2025-08-11,13,Cal Poly Mustangs,CP,FCS,Big Sky Conference,false,,,,,,0,
2025,preseason,,1,1,Preseason,2025-08-11,16,Sacramento State Hornets,SAC,FCS,Big Sky Conference,false,,,,,,0,
2025,preseason,,1,1,Preseason,2025-08-11,21,San Diego State Aztecs,SDSU,FBS,Mountain West Conference,false,,,,,,0,
2025,preseason,,1,1,Preseason,2025-08-11,23,San José State Spartans,SJSU,FBS,Mountain West Conference,false,,,,,,0,
2025,preseason,,1,1,Preseason,2025-08-11,24,Stanford Cardinal,STAN,FBS,Atlantic Coast Conference,false,,,,,,0,
2025,preseason,,1,1,Preseason,2025-08-11,25,California Golden Bears,CAL,FBS,Atlantic Coast Conference,false,,,,,,0,
2025,preseason,,1,1,Preseason,2025-08-11,26,UCLA Bruins,UCLA,FBS,Big Ten Conference,false,,,,,,0,
2025,preseason,,1,1,Preseason,2025-08-11,30,USC Trojans,USC,FBS,Big Ten Conference,false,,,,,,0,
2025,preseason,,1,1,Preseason,2025-08-11,36,Colorado State Rams,CSU,FBS,Mountain West Conference,false,,,,,,0,
2025,preseason,,1,1,Preseason,2025-08-11,38,Colorado Buffaloes,COLO,FBS,Big 12 Conference,false,,,,,,0,
2025,preseason,,1,1,Preseason,2025-08-11,41,UConn Huskies,CONN,FBS,FBS Independents,false,,,,,,0,
2025,preseason,,1,1,Preseason,2025-08-11,47,Howard Bison,HOW,FCS,Mid-Eastern Athletic Conference,false,,,,,,0,
2025,preseason,,1,1,Preseason,2025-08-11,48,Delaware Blue Hens,DEL,FBS,Conference USA,false,,,,,,0,
2025,preseason,,1,1,Preseason,2025-08-11,50,Florida A&M Rattlers,FAMU,FCS,Southwestern Athletic Conference,false,,,,,,0,
2025,preseason,,1,1,Preseason,2025-08-11,52,Florida State Seminoles,FSU,FBS,Atlantic Coast Conference,false,,,,,,0,
2025,preseason,,1,1,Preseason,2025-08-11,55,Jacksonville State Gamecocks,JVST,FBS,Conference USA,false,,,,,,0,
2025,preseason,,1,1,Preseason,2025-08-11,57,Florida Gators,FLA,FBS,Southeastern Conference,true,15,,,,,1,15
2025,preseason,,1,1,Preseason,2025-08-11,58,South Florida Bulls,USF,FBS,American Conference,false,,,,,,0,
2025,preseason,,1,1,Preseason,2025-08-11,59,Georgia Tech Yellow Jackets,GT,FBS,Atlantic Coast Conference,false,,,,,,0,
2025,preseason,,1,1,Preseason,2025-08-11,61,Georgia Bulldogs,UGA,FBS,Southeastern Conference,true,5,,,,,1,5
2025,preseason,,1,1,Preseason,2025-08-11,62,Hawai'i Rainbow Warriors,HAW,FBS,Mountain West Conference,false,,,,,,0,
2025,preseason,,1,1,Preseason,2025-08-11,66,Iowa State Cyclones,ISU,FBS,Big 12 Conference,true,22,,,,,1,22
2025,preseason,,1,1,Preseason,2025-08-11,68,Boise State Broncos,BOIS,FBS,Mountain West Conference,true,25,,,,,1,25
2025,preseason,,1,1,Preseason,2025-08-11,70,Idaho Vandals,IDHO,FCS,Big Sky Conference,false,,,,,,0,
2025,preseason,,1,1,Preseason,2025-08-11,77,Northwestern Wildcats,NU,FBS,Big Ten Conference,false,,,,,,0,
2025,preseason,,1,1,Preseason,2025-08-11,79,Southern Illinois Salukis,SIU,FCS,Missouri Valley Football Conference,false,,,,,,0,
2025,preseason,,1,1,Preseason,2025-08-11,84,Indiana Hoosiers,IU,FBS,Big Ten Conference,true,20,,,,,1,20
2025,preseason,,1,1,Preseason,2025-08-11,87,Notre Dame Fighting Irish,ND,FBS,FBS Independents,true,6,,,,,1,6
2025,preseason,,1,1,Preseason,2025-08-11,93,Murray State Racers,MUR,FCS,Missouri Valley Football Conference,false,,,,,,0,
2025,preseason,,1,1,Preseason,2025-08-11,96,Kentucky Wildcats,UK,FBS,Southeastern Conference,false,,,,,,0,
2025,preseason,,1,1,Preseason,2025-08-11,97,Louisville Cardinals,LOU,FBS,Atlantic Coast Conference,false,,,,,,0,
2025,preseason,,1,1,Preseason,2025-08-11,98,Western Kentucky Hilltoppers,WKU,FBS,Conference USA,false,,,,,,0,
2025,preseason,,1,1,Preseason,2025-08-11,99,LSU Tigers,LSU,FBS,Southeastern Conference,true,9,,,,,1,9
2025,preseason,,1,1,Preseason,2025-08-11,103,Boston College Eagles,BC,FBS,Atlantic Coast Conference,false,,,,,,0,
2025,preseason,,1,1,Preseason,2025-08-11,107,Holy Cross Crusaders,HC,FCS,Patriot League,false,,,,,,0,
2025,preseason,,1,1,Preseason,2025-08-11,113,Massachusetts Minutemen,MASS,FBS,Mid-American Conference,false,,,,,,0,
2025,preseason,,1,1,Preseason,2025-08-11,119,Towson Tigers,TOW,FCS,Coastal Athletic Association,false,,,,,,0,
2025,preseason,,1,1,Preseason,2025-08-11,120,Maryland Terrapins,MD,FBS,Big Ten Conference,false,,,,,,0,
2025,preseason,,1,1,Preseason,2025-08-11,127,Michigan State Spartans,MSU,FBS,Big Ten Conference,false,,,,,,0,
2025,preseason,,1,1,Preseason,2025-08-11,130,Michigan Wolverines,MICH,FBS,Big Ten Conference,true,14,,,,,1,14
2025,preseason,,1,1,Preseason,2025-08-11,135,Minnesota Golden Gophers,MINN,FBS,Big Ten Conference,false,,,,,,0,
2025,preseason,,1,1,Preseason,2025-08-11,142,Missouri Tigers,MIZ,FBS,Southeastern Conference,false,,,,,,0,
2025,preseason,,1,1,Preseason,2025-08-11,145,Ole Miss Rebels,MISS,FBS,Southeastern Conference,true,21,,,,,1,21
2025,preseason,,1,1,Preseason,2025-08-11,147,Montana State Bobcats,MTST,FCS,Big Sky Conference,false,,,,,,0,
2025,preseason,,1,1,Preseason,2025-08-11,149,Montana Grizzlies,MONT,FCS,Big Sky Conference,false,,,,,,0,
2025,preseason,,1,1,Preseason,2025-08-11,150,Duke Blue Devils,DUKE,FBS,Atlantic Coast Conference,false,,,,,,0,
2025,preseason,,1,1,Preseason,2025-08-11,151,East Carolina Pirates,ECU,FBS,American Conference,false,,,,,,0,
2025,preseason,,1,1,Preseason,2025-08-11,152,NC State Wolfpack,NCSU,FBS,Atlantic Coast Conference,false,,,,,,0,
2025,preseason,,1,1,Preseason,2025-08-11,153,North Carolina Tar Heels,UNC,FBS,Atlantic Coast Conference,false,,,,,,0,
2025,preseason,,1,1,Preseason,2025-08-11,154,Wake Forest Demon Deacons,WAKE,FBS,Atlantic Coast Conference,false,,,,,,0,
2025,preseason,,1,1,Preseason,2025-08-11,155,North Dakota Fighting Hawks,UND,FCS,Missouri Valley Football Conference,false,,,,,,0,
2025,preseason,,1,1,Preseason,2025-08-11,158,Nebraska Cornhuskers,NEB,FBS,Big Ten Conference,false,,,,,,0,
2025,preseason,,1,1,Preseason,2025-08-11,160,New Hampshire Wildcats,UNH,FCS,Coastal Athletic Association,false,,,,,,0,
2025,preseason,,1,1,Preseason,2025-08-11,164,Rutgers Scarlet Knights,RUTG,FBS,Big Ten Conference,false,,,,,,0,
2025,preseason,,1,1,Preseason,2025-08-11,166,New Mexico State Aggies,NMSU,FBS,Conference USA,false,,,,,,0,
2025,preseason,,1,1,Preseason,2025-08-11,167,New Mexico Lobos,UNM,FBS,Mountain West Conference,false,,,,,,0,
2025,preseason,,1,1,Preseason,2025-08-11,183,Syracuse Orange,SYR,FBS,Atlantic Coast Conference,false,,,,,,0,
2025,preseason,,1,1,Preseason,2025-08-11,189,Bowling Green Falcons,BGSU,FBS,Mid-American Conference,false,,,,,,0,
2025,preseason,,1,1,Preseason,2025-08-11,193,Miami (OH) RedHawks,M-OH,FBS,Mid-American Conference,false,,,,,,0,
2025,preseason,,1,1,Preseason,2025-08-11,194,Ohio State Buckeyes,OSU,FBS,Big Ten Conference,true,3,,,,,1,3
2025,preseason,,1,1,Preseason,2025-08-11,195,Ohio Bobcats,OHIO,FBS,Mid-American Conference,false,,,,,,0,
2025,preseason,,1,1,Preseason,2025-08-11,197,Oklahoma State Cowboys,OKST,FBS,Big 12 Conference,false,,,,,,0,
2025,preseason,,1,1,Preseason,2025-08-11,201,Oklahoma Sooners,OU,FBS,Southeastern Conference,true,18,,,,,1,18
2025,preseason,,1,1,Preseason,2025-08-11,202,Tulsa Golden Hurricane,TLSA,FBS,American Conference,false,,,,,,0,
2025,preseason,,1,1,Preseason,2025-08-11,204,Oregon State Beavers,ORST,FBS,Pac-12 Conference,false,,,,,,0,
2025,preseason,,1,1,Preseason,2025-08-11,213,Penn State Nittany Lions,PSU,FBS,Big Ten Conference,true,2,,,,,1,2
2025,preseason,,1,1,Preseason,2025-08-11,218,Temple Owls,TEM,FBS,American Conference,false,,,,,,0,
2025,preseason,,1,1,Preseason,2025-08-11,221,Pittsburgh Panthers,PITT,FBS,Atlantic Coast Conference,false,,,,,,0,
2025,preseason,,1,1,Preseason,2025-08-11,222,Villanova Wildcats,VILL,FCS,Coastal Athletic Association,false,,,,,,0,
2025,preseason,,1,1,Preseason,2025-08-11,227,Rhode Island Rams,URI,FCS,Coastal Athletic Association,false,,,,,,0,
2025,preseason,,1,1,Preseason,2025-08-11,228,Clemson Tigers,CLEM,FBS,Atlantic Coast Conference,true,4,,,,,1,4
2025,preseason,,1,1,Preseason,2025-08-11,231,Furman Paladins,FUR,FCS,Southern Conference,false,,,,,,0,
2025,preseason,,1,1,Preseason,2025-08-11,233,South Dakota Coyotes,SDAK,FCS,Missouri Valley Football Conference,false,,,,,,0,
2025,preseason,,1,1,Preseason,2025-08-11,235,Memphis Tigers,MEM,FBS,American Conference,false,,,,,,0,
2025,preseason,,1,1,Preseason,2025-08-11,236,Chattanooga Mocs,UTC,FCS,Southern Conference,false,,,,,,0,
2025,preseason,,1,1,Preseason,2025-08-11,238,Vanderbilt Commodores,VAN,FBS,Southeastern Conference,false,,,,,,0,
2025,preseason,,1,1,Preseason,2025-08-11,239,Baylor Bears,BAY,FBS,Big 12 Conference,false,,,,,,0,
2025,preseason,,1,1,Preseason,2025-08-11,242,Rice Owls,RICE,FBS,American Conference,false,,,,,,0,
2025,preseason,,1,1,Preseason,2025-08-11,245,Texas A&M Aggies,TA&M,FBS,Southeastern Conference,true,19,,,,,1,19
2025,preseason,,1,1,Preseason,2025-08-11,248,Houston Cougars,HOU,FBS,Big 12 Conference,false,,,,,,0,
2025,preseason,,1,1,Preseason,2025-08-11,249,North Texas Mean Green,UNT,FBS,American Conference,false,,,,,,0,
2025,preseason,,1,1,Preseason,2025-08-11,251,Texas Longhorns,TEX,FBS,Southeastern Conference,true,1,,,,,1,1
2025,preseason,,1,1,Preseason,2025-08-11,252,BYU Cougars,BYU,FBS,Big 12 Conference,false,,,,,,0,
2025,preseason,,1,1,Preseason,2025-08-11,254,Utah Utes,UTAH,FBS,Big 12 Conference,false,,,,,,0,
2025,preseason,,1,1,Preseason,2025-08-11,256,James Madison Dukes,JMU,FBS,Sun Belt Conference,false,,,,,,0,
2025,preseason,,1,1,Preseason,2025-08-11,257,Richmond Spiders,RICH,FCS,Patriot League,false,,,,,,0,
2025,preseason,,1,1,Preseason,2025-08-11,258,Virginia Cavaliers,UVA,FBS,Atlantic Coast Conference,false,,,,,,0,
2025,preseason,,1,1,Preseason,2025-08-11,259,Virginia Tech Hokies,VT,FBS,Atlantic Coast Conference,false,,,,,,0,
2025,preseason,,1,1,Preseason,2025-08-11,264,Washington Huskies,WASH,FBS,Big Ten Conference,false,,,,,,0,
2025,preseason,,1,1,Preseason,2025-08-11,265,Washington State Cougars,WSU,FBS,Pac-12 Conference,false,,,,,,0,
2025,preseason,,1,1,Preseason,2025-08-11,275,Wisconsin Badgers,WIS,FBS,Big Ten Conference,false,,,,,,0,
2025,preseason,,1,1,Preseason,2025-08-11,276,Marshall Thundering Herd,MRSH,FBS,Sun Belt Conference,false,,,,,,0,
2025,preseason,,1,1,Preseason,2025-08-11,277,West Virginia Mountaineers,WVU,FBS,Big 12 Conference,false,,,,,,0,
2025,preseason,,1,1,Preseason,2025-08-11,278,Fresno State Bulldogs,FRES,FBS,Mountain West Conference,false,,,,,,0,
2025,preseason,,1,1,Preseason,2025-08-11,282,Indiana State Sycamores,INST,FCS,Missouri Valley Football Conference,false,,,,,,0,
2025,preseason,,1,1,Preseason,2025-08-11,290,Georgia Southern Eagles,GASO,FBS,Sun Belt Conference,false,,,,,,0,
2025,preseason,,1,1,Preseason,2025-08-11,295,Old Dominion Monarchs,ODU,FBS,Sun Belt Conference,false,,,,,,0,
2025,preseason,,1,1,Preseason,2025-08-11,302,UC Davis Aggies,UCD,FCS,Big Sky Conference,false,,,,,,0,
2025,preseason,,1,1,Preseason,2025-08-11,304,Idaho State Bengals,IDST,FCS,Big Sky Conference,false,,,,,,0,
2025,preseason,,1,1,Preseason,2025-08-11,309,Louisiana Ragin' Cajuns,UL,FBS,Sun Belt Conference,false,,,,,,0,
2025,preseason,,1,1,Preseason,2025-08-11,311,Maine Black Bears,ME,FCS,Coastal Athletic Association,false,,,,,,0,
2025,preseason,,1,1,Preseason,2025-08-11,322,Lafayette Leopards,LAF,FCS,Patriot League,false,,,,,,0,
2025,preseason,,1,1,Preseason,2025-08-11,324,Coastal Carolina Chanticleers,CCU,FBS,Sun Belt Conference,false,,,,,,0,
2025,preseason,,1,1,Preseason,2025-08-11,326,Texas State Bobcats,TXST,FBS,Sun Belt Conference,false,,,,,,0,
2025,preseason,,1,1,Preseason,2025-08-11,328,Utah State Aggies,USU,FBS,Mountain West Conference,false,,,,,,0,
2025,preseason,,1,1,Preseason,2025-08-11,331,Eastern Washington Eagles,EWU,FCS,Big Sky Conference,false,,,,,,0,
2025,preseason,,1,1,Preseason,2025-08-11,333,Alabama Crimson Tide,ALA,FBS,Southeastern Conference,true,8,,,,,1,8
2025,preseason,,1,1,Preseason,2025-08-11,338,Kennesaw State Owls,KENN,FBS,Conference USA,false,,,,,,0,
2025,preseason,,1,1,Preseason,2025-08-11,344,Mississippi State Bulldogs,MSST,FBS,Southeastern Conference,false,,,,,,0,
2025,preseason,,1,1,Preseason,2025-08-11,349,Army Black Knights,ARMY,FBS,American Conference,false,,,,,,0,
2025,preseason,,1,1,Preseason,2025-08-11,356,Illinois Fighting Illini,ILL,FBS,Big Ten Conference,true,12,,,,,1,12
2025,preseason,,1,1,Preseason,2025-08-11,399,UAlbany Great Danes,ALB,FCS,Coastal Athletic Association,false,,,,,,0,
2025,preseason,,1,1,Preseason,2025-08-11,2000,Abilene Christian Wildcats,ACU,FCS,United Athletic Conference,false,,,,,,0,
2025,preseason,,1,1,Preseason,2025-08-11,2005,Air Force Falcons,AFA,FBS,Mountain West Conference,false,,,,,,0,
2025,preseason,,1,1,Preseason,2025-08-11,2006,Akron Zips,AKR,FBS,Mid-American Conference,false,,,,,,0,
2025,preseason,,1,1,Preseason,2025-08-11,2010,Alabama A&M Bulldogs,AAMU,FCS,Southwestern Athletic Conference,false,,,,,,0,
2025,preseason,,1,1,Preseason,2025-08-11,2011,Alabama State Hornets,ALST,FCS,Southwestern Athletic Conference,false,,,,,,0,
2025,preseason,,1,1,Preseason,2025-08-11,2016,Alcorn State Braves,ALCN,FCS,Southwestern Athletic Conference,false,,,,,,0,
2025,preseason,,1,1,Preseason,2025-08-11,2026,App State Mountaineers,APP,FBS,Sun Belt Conference,false,,,,,,0,
2025,preseason,,1,1,Preseason,2025-08-11,2029,Arkansas-Pine Bluff Golden Lions,UAPB,FCS,Southwestern Athletic Conference,false,,,,,,0,
2025,preseason,,1,1,Preseason,2025-08-11,2032,Arkansas State Red Wolves,ARST,FBS,Sun Belt Conference,false,,,,,,0,
2025,preseason,,1,1,Preseason,2025-08-11,2046,Austin Peay Governors,APSU,FCS,United Athletic Conference,false,,,,,,0,
2025,preseason,,1,1,Preseason,2025-08-11,2050,Ball State Cardinals,BALL,FBS,Mid-American Conference,false,,,,,,0,
2025,preseason,,1,1,Preseason,2025-08-11,2065,Bethune-Cookman Wildcats,BCU,FCS,Southwestern Athletic Conference,false,,,,,,0,
2025,preseason,,1,1,Preseason,2025-08-11,2083,Bucknell Bison,BUCK,FCS,Patriot League,false,,,,,,0,
2025,preseason,,1,1,Preseason,2025-08-11,2084,Buffalo Bulls,BUFF,FBS,Mid-American Conference,false,,,,,,0,
2025,preseason,,1,1,Preseason,2025-08-11,2097,Campbell Fighting Camels,CAM,FCS,Coastal Athletic Association,false,,,,,,0,
2025,preseason,,1,1,Preseason,2025-08-11,2110,Central Arkansas Bears,CARK,FCS,United Athletic Conference,false,,,,,,0,
2025,preseason,,1,1,Preseason,2025-08-11,2115,Central Connecticut Blue Devils,CCSU,FCS,Northeast Conference,false,,,,,,0,
2025,preseason,,1,1,Preseason,2025-08-11,2116,UCF Knights,UCF,FBS,Big 12 Conference,false,,,,,,0,
2025,preseason,,1,1,Preseason,2025-08-11,2117,Central Michigan Chippewas,CMU,FBS,Mid-American Conference,false,,,,,,0,
2025,preseason,,1,1,Preseason,2025-08-11,2127,Charleston Southern Buccaneers,CHSO,FCS,Ohio Valley Conference,false,,,,,,0,
2025,preseason,,1,1,Preseason,2025-08-11,2132,Cincinnati Bearcats,CIN,FBS,Big 12 Conference,false,,,,,,0,
2025,preseason,,1,1,Preseason,2025-08-11,2142,Colgate Raiders,COLG,FCS,Patriot League,false,,,,,,0,
2025,preseason,,1,1,Preseason,2025-08-11,2169,Delaware State Hornets,DSU,FCS,Mid-Eastern Athletic Conference,false,,,,,,0,
2025,preseason,,1,1,Preseason,2025-08-11,2184,Duquesne Dukes,DUQ,FCS,Northeast Conference,false,,,,,,0,
2025,preseason,,1,1,Preseason,2025-08-11,2193,East Tennessee State Buccaneers,ETSU,FCS,Southern Conference,false,,,,,,0,
2025,preseason,,1,1,Preseason,2025-08-11,2197,Eastern Illinois Panthers,EIU,FCS,Ohio Valley Conference,false,,,,,,0,
2025,preseason,,1,1,Preseason,2025-08-11,2198,Eastern Kentucky Colonels,EKU,FCS,United Athletic Conference,false,,,,,,0,
2025,preseason,,1,1,Preseason,2025-08-11,2199,Eastern Michigan Eagles,EMU,FBS,Mid-American Conference,false,,,,,,0,
2025,preseason,,1,1,Preseason,2025-08-11,2210,Elon Phoenix,ELON,FCS,Coastal Athletic Association,false,,,,,,0,
2025,preseason,,1,1,Preseason,2025-08-11,2226,Florida Atlantic Owls,FAU,FBS,American Conference,false,,,,,,0,
2025,preseason,,1,1,Preseason,2025-08-11,2229,Florida International Panthers,FIU,FBS,Conference USA,false,,,,,,0,
2025,preseason,,1,1,Preseason,2025-08-11,2230,Fordham Rams,FOR,FCS,Patriot League,false,,,,,,0,
2025,preseason,,1,1,Preseason,2025-08-11,2241,Gardner-Webb Runnin' Bulldogs,GWEB,FCS,Ohio Valley Conference,false,,,,,,0,
2025,preseason,,1,1,Preseason,2025-08-11,2247,Georgia State Panthers,GAST,FBS,Sun Belt Conference,false,,,,,,0,
2025,preseason,,1,1,Preseason,2025-08-11,2277,Houston Christian Huskies,HCU,FCS,Southland Conference,false,,,,,,0,
2025,preseason,,1,1,Preseason,2025-08-11,2287,Illinois State Redbirds,ILST,FCS,Missouri Valley Football Conference,false,,,,,,0,
2025,preseason,,1,1,Preseason,2025-08-11,2294,Iowa Hawkeyes,IOWA,FBS,Big Ten Conference,false,,,,,,0,
2025,preseason,,1,1,Preseason,2025-08-11,2296,Jackson State Tigers,JKST,FCS,Southwestern Athletic Conference,false,,,,,,0,
2025,preseason,,1,1,Preseason,2025-08-11,2305,Kansas Jayhawks,KU,FBS,Big 12 Conference,false,,,,,,0,
2025,preseason,,1,1,Preseason,2025-08-11,2306,Kansas State Wildcats,KSU,FBS,Big 12 Conference,true,17,,,,,1,17
2025,preseason,,1,1,Preseason,2025-08-11,2309,Kent State Golden Flashes,KENT,FBS,Mid-American Conference,false,,,,,,0,
2025,preseason,,1,1,Preseason,2025-08-11,2320,Lamar Cardinals,LAM,FCS,Southland Conference,false,,,,,,0,
2025,preseason,,1,1,Preseason,2025-08-11,2335,Liberty Flames,LIB,FBS,Conference USA,false,,,,,,0,
2025,preseason,,1,1,Preseason,2025-08-11,2341,Long Island University Sharks,LIU,FCS,Northeast Conference,false,,,,,,0,
2025,preseason,,1,1,Preseason,2025-08-11,2348,Louisiana Tech Bulldogs,LT,FBS,Conference USA,false,,,,,,0,
2025,preseason,,1,1,Preseason,2025-08-11,2377,McNeese Cowboys,MCN,FCS,Southland Conference,false,,,,,,0,
2025,preseason,,1,1,Preseason,2025-08-11,2382,Mercer Bears,MER,FCS,Southern Conference,false,,,,,,0,
2025,preseason,,1,1,Preseason,2025-08-11,2385,Mercyhurst Lakers,MERC,FCS,Northeast Conference,false,,,,,,0,
2025,preseason,,1,1,Preseason,2025-08-11,2390,Miami Hurricanes,MIA,FBS,Atlantic Coast Conference,true,10,,,,,1,10
2025,preseason,,1,1,Preseason,2025-08-11,2393,Middle Tennessee Blue Raiders,MTSU,FBS,Conference USA,false,,,,,,0,
2025,preseason,,1,1,Preseason,2025-08-11,2405,Monmouth Hawks,MONM,FCS,Coastal Athletic Association,false,,,,,,0,
2025,preseason,,1,1,Preseason,2025-08-11,2415,Morgan State Bears,MORG,FCS,Mid-Eastern Athletic Conference,false,,,,,,0,
2025,preseason,,1,1,Preseason,2025-08-11,2426,Navy Midshipmen,NAVY,FBS,American Conference,false,,,,,,0,
2025,preseason,,1,1,Preseason,2025-08-11,2428,North Carolina Central Eagles,NCCU,FCS,Mid-Eastern Athletic Conference,false,,,,,,0,
2025,preseason,,1,1,Preseason,2025-08-11,2429,Charlotte 49ers,CLT,FBS,American Conference,false,,,,,,0,
2025,preseason,,1,1,Preseason,2025-08-11,2433,UL Monroe Warhawks,ULM,FBS,Sun Belt Conference,false,,,,,,0,
2025,preseason,,1,1,Preseason,2025-08-11,2439,UNLV Rebels,UNLV,FBS,Mountain West Conference,false,,,,,,0,
2025,preseason,,1,1,Preseason,2025-08-11,2440,Nevada Wolf Pack,NEV,FBS,Mountain West Conference,false,,,,,,0,
2025,preseason,,1,1,Preseason,2025-08-11,2447,Nicholls Colonels,NICH,FCS,Southland Conference,false,,,,,,0,
2025,preseason,,1,1,Preseason,2025-08-11,2448,North Carolina A&T Aggies,NCAT,FCS,Coastal Athletic Association,false,,,,,,0,
2025,preseason,,1,1,Preseason,2025-08-11,2449,North Dakota State Bison,NDSU,FCS,Missouri Valley Football Conference,false,,,,,,0,
2025,preseason,,1,1,Preseason,2025-08-11,2450,Norfolk State Spartans,NORF,FCS,Mid-Eastern Athletic Conference,false,,,,,,0,
2025,preseason,,1,1,Preseason,2025-08-11,2453,North Alabama Lions,UNA,FCS,United Athletic Conference,false,,,,,,0,
2025,preseason,,1,1,Preseason,2025-08-11,2458,Northern Colorado Bears,UNCO,FCS,Big Sky Conference,false,,,,,,0,
2025,preseason,,1,1,Preseason,2025-08-11,2459,Northern Illinois Huskies,NIU,FBS,Mid-American Conference,false,,,,,,0,
2025,preseason,,1,1,Preseason,2025-08-11,2460,Northern Iowa Panthers,UNI,FCS,Missouri Valley Football Conference,false,,,,,,0,
2025,preseason,,1,1,Preseason,2025-08-11,2464,Northern Arizona Lumberjacks,NAU,FCS,Big Sky Conference,false,,,,,,0,
2025,preseason,,1,1,Preseason,2025-08-11,2466,Northwestern State Demons,NWST,FCS,Southland Conference,false,,,,,,0,
2025,preseason,,1,1,Preseason,2025-08-11,2483,Oregon Ducks,ORE,FBS,Big Ten Conference,true,7,,,,,1,7
2025,preseason,,1,1,Preseason,2025-08-11,2502,Portland State Vikings,PRST,FCS,Big Sky Conference,false,,,,,,0,
2025,preseason,,1,1,Preseason,2025-08-11,2504,Prairie View A&M Panthers,PV,FCS,Southwestern Athletic Conference,false,,,,,,0,
2025,preseason,,1,1,Preseason,2025-08-11,2509,Purdue Boilermakers,PUR,FBS,Big Ten Conference,false,,,,,,0,
2025,preseason,,1,1,Preseason,2025-08-11,2523,Robert Morris Colonials,RMU,FCS,Northeast Conference,false,,,,,,0,
2025,preseason,,1,1,Preseason,2025-08-11,2534,Sam Houston Bearkats,SHSU,FBS,Conference USA,false,,,,,,0,
2025,preseason,,1,1,Preseason,2025-08-11,2535,Samford Bulldogs,SAM,FCS,Southern Conference,false,,,,,,0,
2025,preseason,,1,1,Preseason,2025-08-11,2545,SE Louisiana Lions,SELA,FCS,Southland Conference,false,,,,,,0,
2025,preseason,,1,1,Preseason,2025-08-11,2546,Southeast Missouri State Redhawks,SEMO,FCS,Ohio Valley Conference,false,,,,,,0,
2025,preseason,,1,1,Preseason,2025-08-11,2567,SMU Mustangs,SMU,FBS,Atlantic Coast Conference,true,16,,,,,1,16
2025,preseason,,1,1,Preseason,2025-08-11,2569,South Carolina State Bulldogs,SCST,FCS,Mid-Eastern Athletic Conference,false,,,,,,0,
2025,preseason,,1,1,Preseason,2025-08-11,2571,South Dakota State Jackrabbits,SDST,FCS,Missouri Valley Football Conference,false,,,,,,0,
2025,preseason,,1,1,Preseason,2025-08-11,2572,Southern Miss Golden Eagles,USM,FBS,Sun Belt Conference,false,,,,,,0,
2025,preseason,,1,1,Preseason,2025-08-11,2579,South Carolina Gamecocks,SC,FBS,Southeastern Conference,true,13,,,,,1,13
2025,preseason,,1,1,Preseason,2025-08-11,2582,Southern Jaguars,SOU,FCS,Southwestern Athletic Conference,false,,,,,,0,
2025,preseason,,1,1,Preseason,2025-08-11,2598,Saint Francis Red Flash,SFPA,FCS,Northeast Conference,false,,,,,,0,
2025,preseason,,1,1,Preseason,2025-08-11,2617,Stephen F. Austin Lumberjacks,SFA,FCS,Southland Conference,false,,,,,,0,
2025,preseason,,1,1,Preseason,2025-08-11,2619,Stony Brook Seawolves,STBK,FCS,Coastal Athletic Association,false,,,,,,0,
2025,preseason,,1,1,Preseason,2025-08-11,2623,Missouri State Bears,MOST,FBS,Conference USA,false,,,,,,0,
2025,preseason,,1,1,Preseason,2025-08-11,2627,Tarleton State Texans,TAR,FCS,United Athletic Conference,false,,,,,,0,
2025,preseason,,1,1,Preseason,2025-08-11,2628,TCU Horned Frogs,TCU,FBS,Big 12 Conference,false,,,,,,0,
2025,preseason,,1,1,Preseason,2025-08-11,2630,UT Martin Skyhawks,UTM,FCS,Ohio Valley Conference,false,,,,,,0,
2025,preseason,,1,1,Preseason,2025-08-11,2633,Tennessee Volunteers,TENN,FBS,Southeastern Conference,true,24,,,,,1,24
2025,preseason,,1,1,Preseason,2025-08-11,2634,Tennessee State Tigers,TNST,FCS,Ohio Valley Conference,false,,,,,,0,
2025,preseason,,1,1,Preseason,2025-08-11,2635,Tennessee Tech Golden Eagles,TNTC,FCS,Ohio Valley Conference,false,,,,,,0,
2025,preseason,,1,1,Preseason,2025-08-11,2636,UTSA Roadrunners,UTSA,FBS,American Conference,false,,,,,,0,
2025,preseason,,1,1,Preseason,2025-08-11,2638,UTEP Miners,UTEP,FBS,Conference USA,false,,,,,,0,
2025,preseason,,1,1,Preseason,2025-08-11,2640,Texas Southern Tigers,TXSO,FCS,Southwestern Athletic Conference,false,,,,,,0,
2025,preseason,,1,1,Preseason,2025-08-11,2641,Texas Tech Red Raiders,TTU,FBS,Big 12 Conference,true,23,,,,,1,23
2025,preseason,,1,1,Preseason,2025-08-11,2643,The Citadel Bulldogs,CIT,FCS,Southern Conference,false,,,,,,0,
2025,preseason,,1,1,Preseason,2025-08-11,2649,Toledo Rockets,TOL,FBS,Mid-American Conference,false,,,,,,0,
2025,preseason,,1,1,Preseason,2025-08-11,2653,Troy Trojans,TROY,FBS,Sun Belt Conference,false,,,,,,0,
2025,preseason,,1,1,Preseason,2025-08-11,2655,Tulane Green Wave,TULN,FBS,American Conference,false,,,,,,0,
2025,preseason,,1,1,Preseason,2025-08-11,2678,VMI Keydets,VMI,FCS,Southern Conference,false,,,,,,0,
2025,preseason,,1,1,Preseason,2025-08-11,2681,Wagner Seahawks,WAG,FCS,Northeast Conference,false,,,,,,0,
2025,preseason,,1,1,Preseason,2025-08-11,2692,Weber State Wildcats,WEB,FCS,Big Sky Conference,false,,,,,,0,
2025,preseason,,1,1,Preseason,2025-08-11,2710,Western Illinois Leathernecks,WIU,FCS,Ohio Valley Conference,false,,,,,,0,
2025,preseason,,1,1,Preseason,2025-08-11,2711,Western Michigan Broncos,WMU,FBS,Mid-American Conference,false,,,,,,0,
2025,preseason,,1,1,Preseason,2025-08-11,2717,Western Carolina Catamounts,WCU,FCS,Southern Conference,false,,,,,,0,
2025,preseason,,1,1,Preseason,2025-08-11,2729,William & Mary Tribe,W&M,FCS,Coastal Athletic Association,false,,,,,,0,
2025,preseason,,1,1,Preseason,2025-08-11,2747,Wofford Terriers,WOF,FCS,Southern Conference,false,,,,,,0,
2025,preseason,,1,1,Preseason,2025-08-11,2751,Wyoming Cowboys,WYO,FBS,Mountain West Conference,false,,,,,,0,
2025,preseason,,1,1,Preseason,2025-08-11,2754,Youngstown State Penguins,YSU,FCS,Missouri Valley Football Conference,false,,,,,,0,
2025,preseason,,1,1,Preseason,2025-08-11,2755,Grambling Tigers,GRAM,FCS,Southwestern Athletic Conference,false,,,,,,0,
2025,preseason,,1,1,Preseason,2025-08-11,2771,Merrimack Warriors,MRMK,FCS,FCS Independents,false,,,,,,0,
2025,preseason,,1,1,Preseason,2025-08-11,2803,Bryant Bulldogs,BRY,FCS,Coastal Athletic Association,false,,,,,,0,
2025,preseason,,1,1,Preseason,2025-08-11,2815,Lindenwood Lions,LIN,FCS,Ohio Valley Conference,false,,,,,,0,
2025,preseason,,1,1,Preseason,2025-08-11,2837,East Texas A&M Lions,ETAM,FCS,Southland Conference,false,,,,,,0,
2025,preseason,,1,1,Preseason,2025-08-11,2900,St. Thomas-Minnesota Tommies,STMN,FCS,Pioneer Football League,false,,,,,,0,
2025,preseason,,1,1,Preseason,2025-08-11,2916,Incarnate Word Cardinals,UIW,FCS,Southland Conference,false,,,,,,0,
2025,regular,2,2,2,Week 2,2025-09-02,2,Auburn Tigers,AUB,FBS,Southeastern Conference,false,,,,false,false,0,
2025,regular,2,2,2,Week 2,2025-09-02,5,UAB Blazers,UAB,FBS,American Conference,false,,,,false,false,0,
2025,regular,2,2,2,Week 2,2025-09-02,6,South Alabama Jaguars,USA,FBS,Sun Belt Conference,false,,,,false,false,0,
2025,regular,2,2,2,Week 2,2025-09-02,8,Arkansas Razorbacks,ARK,FBS,Southeastern Conference,false,,,,false,false,0,
2025,regular,2,2,2,Week 2,2025-09-02,9,Arizona State Sun Devils,ASU,FBS,Big 12 Conference,true,12,11,-1,false,false,2,11
2025,regular,2,2,2,Week 2,2025-09-02,12,Arizona Wildcats,ARIZ,FBS,Big 12 Conference,false,,,,false,false,0,
2025,regular,2,2,2,Week 2,2025-09-02,13,Cal Poly Mustangs,CP,FCS,Big Sky Conference,false,,,,false,false,0,
2025,regular,2,2,2,Week 2,2025-09-02,16,Sacramento State Hornets,SAC,FCS,Big Sky Conference,false,,,,false,false,0,
2025,regular,2,2,2,Week 2,2025-09-02,21,San Diego State Aztecs,SDSU,FBS,Mountain West Conference,false,,,,false,false,0,
2025,regular,2,2,2,Week 2,2025-09-02,23,San José State Spartans,SJSU,FBS,Mountain West Conference,false,,,,false,false,0,
2025,regular,2,2,2,Week 2,2025-09-02,24,Stanford Cardinal,STAN,FBS,Atlantic Coast Conference,false,,,,false,false,0,
2025,regular,2,2,2,Week 2,2025-09-02,25,California Golden Bears,CAL,FBS,Atlantic Coast Conference,false,,,,false,false,0,
2025,regular,2,2,2,Week 2,2025-09-02,26,UCLA Bruins,UCLA,FBS,Big Ten Conference,false,,,,false,false,0,
2025,regular,2,2,2,Week 2,2025-09-02,30,USC Trojans,USC,FBS,Big Ten Conference,false,,,,false,false,0,
2025,regular,2,2,2,Week 2,2025-09-02,36,Colorado State Rams,CSU,FBS,Mountain West Conference,false,,,,false,false,0,
2025,regular,2,2,2,Week 2,2025-09-02,38,Colorado Buffaloes,COLO,FBS,Big 12 Conference,false,,,,false,false,0,
2025,regular,2,2,2,Week 2,2025-09-02,41,UConn Huskies,CONN,FBS,FBS Independents,false,,,,false,false,0,
2025,regular,2,2,2,Week 2,2025-09-02,47,Howard Bison,HOW,FCS,Mid-Eastern Athletic Conference,false,,,,false,false,0,
2025,regular,2,2,2,Week 2,2025-09-02,48,Delaware Blue Hens,DEL,FBS,Conference USA,false,,,,false,false,0,
2025,regular,2,2,2,Week 2,2025-09-02,50,Florida A&M Rattlers,FAMU,FCS,Southwestern Athletic Conference,false,,,,false,false,0,
2025,regular,2,2,2,Week 2,2025-09-02,52,Florida State Seminoles,FSU,FBS,Atlantic Coast Conference,true,14,,,true,false,1,14
2025,regular,2,2,2,Week 2,2025-09-02,55,Jacksonville State Gamecocks,JVST,FBS,Conference USA,false,,,,false,false,0,
2025,regular,2,2,2,Week 2,2025-09-02,57,Florida Gators,FLA,FBS,Southeastern Conference,true,13,15,2,false,false,2,13
2025,regular,2,2,2,Week 2,2025-09-02,58,South Florida Bulls,USF,FBS,American Conference,false,,,,false,false,0,
2025,regular,2,2,2,Week 2,2025-09-02,59,Georgia Tech Yellow Jackets,GT,FBS,Atlantic Coast Conference,false,,,,false,false,0,
2025,regular,2,2,2,Week 2,2025-09-02,61,Georgia Bulldogs,UGA,FBS,Southeastern Conference,true,4,5,1,false,false,2,4
2025,regular,2,2,2,Week 2,2025-09-02,62,Hawai'i Rainbow Warriors,HAW,FBS,Mountain West Conference,false,,,,false,false,0,
2025,regular,2,2,2,Week 2,2025-09-02,66,Iowa State Cyclones,ISU,FBS,Big 12 Conference,true,16,22,6,false,false,2,16
2025,regular,2,2,2,Week 2,2025-09-02,68,Boise State Broncos,BOIS,FBS,Mountain West Conference,false,,25,,false,true,1,25
2025,regular,2,2,2,Week 2,2025-09-02,70,Idaho Vandals,IDHO,FCS,Big Sky Conference,false,,,,false,false,0,
2025,regular,2,2,2,Week 2,2025-09-02,77,Northwestern Wildcats,NU,FBS,Big Ten Conference,false,,,,false,false,0,
2025,regular,2,2,2,Week 2,2025-09-02,79,Southern Illinois Salukis,SIU,FCS,Missouri Valley Football Conference,false,,,,false,false,0,
2025,regular,2,2,2,Week 2,2025-09-02,84,Indiana Hoosiers,IU,FBS,Big Ten Conference,true,23,20,-3,false,false,2,20
2025,regular,2,2,2,Week 2,2025-09-02,87,Notre Dame Fighting Irish,ND,FBS,FBS Independents,true,9,6,-3,false,false,2,6
2025,regular,2,2,2,Week 2,2025-09-02,93,Murray State Racers,MUR,FCS,Missouri Valley Football Conference,false,,,,false,false,0,
2025,regular,2,2,2,Week 2,2025-09-02,96,Kentucky Wildcats,UK,FBS,Southeastern Conference,false,,,,false,false,0,
2025,regular,2,2,2,Week 2,2025-09-02,97,Louisville Cardinals,LOU,FBS,Atlantic Coast Conference,false,,,,false,false,0,
2025,regular,2,2,2,Week 2,2025-09-02,98,Western Kentucky Hilltoppers,WKU,FBS,Conference USA,false,,,,false,false,0,
2025,regular,2,2,2,Week 2,2025-09-02,99,LSU Tigers,LSU,FBS,Southeastern Conference,true,3,9,6,false,false,2,3
2025,regular,2,2,2,Week 2,2025-09-02,103,Boston College Eagles,BC,FBS,Atlantic Coast Conference,false,,,,false,false,0,
2025,regular,2,2,2,Week 2,2025-09-02,107,Holy Cross Crusaders,HC,FCS,Patriot League,false,,,,false,false,0,
2025,regular,2,2,2,Week 2,2025-09-02,113,Massachusetts Minutemen,MASS,FBS,Mid-American Conference,false,,,,false,false,0,
2025,regular,2,2,2,Week 2,2025-09-02,119,Towson Tigers,TOW,FCS,Coastal Athletic Association,false,,,,false,false,0,
2025,regular,2,2,2,Week 2,2025-09-02,120,Maryland Terrapins,MD,FBS,Big Ten Conference,false,,,,false,false,0,
2025,regular,2,2,2,Week 2,2025-09-02,127,Michigan State Spartans,MSU,FBS,Big Ten Conference,false,,,,false,false,0,
2025,regular,2,2,2,Week 2,2025-09-02,130,Michigan Wolverines,MICH,FBS,Big Ten Conference,true,15,14,-1,false,false,2,14
2025,regular,2,2,2,Week 2,2025-09-02,135,Minnesota Golden Gophers,MINN,FBS,Big Ten Conference,false,,,,false,false,0,
2025,regular,2,2,2,Week 2,2025-09-02,142,Missouri Tigers,MIZ,FBS,Southeastern Conference,false,,,,false,false,0,
2025,regular,2,2,2,Week 2,2025-09-02,145,Ole Miss Rebels,MISS,FBS,Southeastern Conference,true,20,21,1,false,false,2,20
2025,regular,2,2,2,Week 2,2025-09-02,147,Montana State Bobcats,MTST,FCS,Big Sky Conference,false,,,,false,false,0,
2025,regular,2,2,2,Week 2,2025-09-02,149,Montana Grizzlies,MONT,FCS,Big Sky Conference,false,,,,false,false,0,
2025,regular,2,2,2,Week 2,2025-09-02,150,Duke Blue Devils,DUKE,FBS,Atlantic Coast Conference,false,,,,false,false,0,
2025,regular,2,2,2,Week 2,2025-09-02,151,East Carolina Pirates,ECU,FBS,American Conference,false,,,,false,false,0,
2025,regular,2,2,2,Week 2,2025-09-02,152,NC State Wolfpack,NCSU,FBS,Atlantic Coast Conference,false,,,,false,false,0,
2025,regular,2,2,2,Week 2,2025-09-02,153,North Carolina Tar Heels,UNC,FBS,Atlantic Coast Conference,false,,,,false,false,0,
2025,regular,2,2,2,Week 2,2025-09-02,154,Wake Forest Demon Deacons,WAKE,FBS,Atlantic Coast Conference,false,,,,false,false,0,
2025,regular,2,2,2,Week 2,2025-09-02,155,North Dakota Fighting Hawks,UND,FCS,Missouri Valley Football Conference,false,,,,false,false,0,
2025,regular,2,2,2,Week 2,2025-09-02,158,Nebraska Cornhuskers,NEB,FBS,Big Ten Conference,false,,,,false,false,0,
2025,regular,2,2,2,Week 2,2025-09-02,160,New Hampshire Wildcats,UNH,FCS,Coastal Athletic Association,false,,,,false,false,0,
2025,regular,2,2,2,Week 2,2025-09-02,164,Rutgers Scarlet Knights,RUTG,FBS,Big Ten Conference,false,,,,false,false,0,
2025,regular,2,2,2,Week 2,2025-09-02,166,New Mexico State Aggies,NMSU,FBS,Conference USA,false,,,,false,false,0,
2025,regular,2,2,2,Week 2,2025-09-02,167,New Mexico Lobos,UNM,FBS,Mountain West Conference,false,,,,false,false,0,
2025,regular,2,2,2,Week 2,2025-09-02,183,Syracuse Orange,SYR,FBS,Atlantic Coast Conference,false,,,,false,false,0,
2025,regular,2,2,2,Week 2,2025-09-02,189,Bowling Green Falcons,BGSU,FBS,Mid-American Conference,false,,,,false,false,0,
2025,regular,2,2,2,Week 2,2025-09-02,193,Miami (OH) RedHawks,M-OH,FBS,Mid-American Conference,false,,,,false,false,0,
2025,regular,2,2,2,Week 2,2025-09-02,194,Ohio State Buckeyes,OSU,FBS,Big Ten Conference,true,1,3,2,false,false,2,1
2025,regular,2,2,2,Week 2,2025-09-02,195,Ohio Bobcats,OHIO,FBS,Mid-American Conference,false,,,,false,false,0,
2025,regular,2,2,2,Week 2,2025-09-02,197,Oklahoma State Cowboys,OKST,FBS,Big 12 Conference,false,,,,false,false,0,
2025,regular,2,2,2,Week 2,2025-09-02,201,Oklahoma Sooners,OU,FBS,Southeastern Conference,true,18,18,0,false,false,2,18
2025,regular,2,2,2,Week 2,2025-09-02,202,Tulsa Golden Hurricane,TLSA,FBS,American Conference,false,,,,false,false,0,
2025,regular,2,2,2,Week 2,2025-09-02,204,Oregon State Beavers,ORST,FBS,Pac-12 Conference,false,,,,false,false,0,
2025,regular,2,2,2,Week 2,2025-09-02,213,Penn State Nittany Lions,PSU,FBS,Big Ten Conference,true,2,2,0,false,false,2,2
2025,regular,2,2,2,Week 2,2025-09-02,218,Temple Owls,TEM,FBS,American Conference,false,,,,false,false,0,
2025,regular,2,2,2,Week 2,2025-09-02,221,Pittsburgh Panthers,PITT,FBS,Atlantic Coast Conference,false,,,,false,false,0,
2025,regular,2,2,2,Week 2,2025-09-02,222,Villanova Wildcats,VILL,FCS,Coastal Athletic Association,false,,,,false,false,0,
2025,regular,2,2,2,Week 2,2025-09-02,227,Rhode Island Rams,URI,FCS,Coastal Athletic Association,false,,,,false,false,0,
2025,regular,2,2,2,Week 2,2025-09-02,228,Clemson Tigers,CLEM,FBS,Atlantic Coast Conference,true,8,4,-4,false,false,2,4
2025,regular,2,2,2,Week 2,2025-09-02,231,Furman Paladins,FUR,FCS,Southern Conference,false,,,,false,false,0,
2025,regular,2,2,2,Week 2,2025-09-02,233,South Dakota Coyotes,SDAK,FCS,Missouri Valley Football Conference,false,,,,false,false,0,
2025,regular,2,2,2,Week 2,2025-09-02,235,Memphis Tigers,MEM,FBS,American Conference,false,,,,false,false,0,
2025,regular,2,2,2,Week 2,2025-09-02,236,Chattanooga Mocs,UTC,FCS,Southern Conference,false,,,,false,false,0,
2025,regular,2,2,2,Week 2,2025-09-02,238,Vanderbilt Commodores,VAN,FBS,Southeastern Conference,false,,,,false,false,0,
2025,regular,2,2,2,Week 2,2025-09-02,239,Baylor Bears,BAY,FBS,Big 12 Conference,false,,,,false,false,0,
2025,regular,2,2,2,Week 2,2025-09-02,242,Rice Owls,RICE,FBS,American Conference,false,,,,false,false,0,
2025,regular,2,2,2,Week 2,2025-09-02,245,Texas A&M Aggies,TA&M,FBS,Southeastern Conference,true,19,19,0,false,false,2,19
2025,regular,2,2,2,Week 2,2025-09-02,248,Houston Cougars,HOU,FBS,Big 12 Conference,false,,,,false,false,0,
2025,regular,2,2,2,Week 2,2025-09-02,249,North Texas Mean Green,UNT,FBS,American Conference,false,,,,false,false,0,
2025,regular,2,2,2,Week 2,2025-09-02,251,Texas Longhorns,TEX,FBS,Southeastern Conference,true,7,1,-6,false,false,2,1
2025,regular,2,2,2,Week 2,2025-09-02,252,BYU Cougars,BYU,FBS,Big 12 Conference,false,,,,false,false,0,
2025,regular,2,2,2,Week 2,2025-09-02,254,Utah Utes,UTAH,FBS,Big 12 Conference,true,25,,,true,false,1,25
2025,regular,2,2,2,Week 2,2025-09-02,256,James Madison Dukes,JMU,FBS,Sun Belt Conference,false,,,,false,false,0,
2025,regular,2,2,2,Week 2,2025-09-02,257,Richmond Spiders,RICH,FCS,Patriot League,false,,,,false,false,0,
2025,regular,2,2,2,Week 2,2025-09-02,258,Virginia Cavaliers,UVA,FBS,Atlantic Coast Conference,false,,,,false,false,0,
2025,regular,2,2,2,Week 2,2025-09-02,259,Virginia Tech Hokies,VT,FBS,Atlantic Coast Conference,false,,,,false,false,0,
2025,regular,2,2,2,Week 2,2025-09-02,264,Washington Huskies,WASH,FBS,Big Ten Conference,false,,,,false,false,0,
2025,regular,2,2,2,Week 2,2025-09-02,265,Washington State Cougars,WSU,FBS,Pac-12 Conference,false,,,,false,false,0,
2025,regular,2,2,2,Week 2,2025-09-02,275,Wisconsin Badgers,WIS,FBS,Big Ten Conference,false,,,,false,false,0,
2025,regular,2,2,2,Week 2,2025-09-02,276,Marshall Thundering Herd,MRSH,FBS,Sun Belt Conference,false,,,,false,false,0,
2025,regular,2,2,2,Week 2,2025-09-02,277,West Virginia Mountaineers,WVU,FBS,Big 12 Conference,false,,,,false,false,0,
2025,regular,2,2,2,Week 2,2025-09-02,278,Fresno State Bulldogs,FRES,FBS,Mountain West Conference,false,,,,false,false,0,
2025,regular,2,2,2,Week 2,2025-09-02,282,Indiana State Sycamores,INST,FCS,Missouri Valley Football Conference,false,,,,false,false,0,
2025,regular,2,2,2,Week 2,2025-09-02,290,Georgia Southern Eagles,GASO,FBS,Sun Belt Conference,false,,,,false,false,0,
2025,regular,2,2,2,Week 2,2025-09-02,295,Old Dominion Monarchs,ODU,FBS,Sun Belt Conference,false,,,,false,false,0,
2025,regular,2,2,2,Week 2,2025-09-02,302,UC Davis Aggies,UCD,FCS,Big Sky Conference,false,,,,false,false,0,
2025,regular,2,2,2,Week 2,2025-09-02,304,Idaho State Bengals,IDST,FCS,Big Sky Conference,false,,,,false,false,0,
2025,regular,2,2,2,Week 2,2025-09-02,309,Louisiana Ragin' Cajuns,UL,FBS,Sun Belt Conference,false,,,,false,false,0,
2025,regular,2,2,2,Week 2,2025-09-02,311,Maine Black Bears,ME,FCS,Coastal Athletic Association,false,,,,false,false,0,
2025,regular,2,2,2,Week 2,2025-09-02,322,Lafayette Leopards,LAF,FCS,Patriot League,false,,,,false,false,0,
2025,regular,2,2,2,Week 2,2025-09-02,324,Coastal Carolina Chanticleers,CCU,FBS,Sun Belt Conference,false,,,,false,false,0,
2025,regular,2,2,2,Week 2,2025-09-02,326,Texas State Bobcats,TXST,FBS,Sun Belt Conference,false,,,,false,false,0,
2025,regular,2,2,2,Week 2,2025-09-02,328,Utah State Aggies,USU,FBS,Mountain West Conference,false,,,,false,false,0,
2025,regular,2,2,2,Week 2,2025-09-02,331,Eastern Washington Eagles,EWU,FCS,Big Sky Conference,false,,,,false,false,0,
2025,regular,2,2,2,Week 2,2025-09-02,333,Alabama Crimson Tide,ALA,FBS,Southeastern Conference,true,21,8,-13,false,false,2,8
2025,regular,2,2,2,Week 2,2025-09-02,338,Kennesaw State Owls,KENN,FBS,Conference USA,false,,,,false,false,0,
2025,regular,2,2,2,Week 2,2025-09-02,344,Mississippi State Bulldogs,MSST,FBS,Southeastern Conference,false,,,,false,false,0,
2025,regular,2,2,2,Week 2,2025-09-02,349,Army Black Knights,ARMY,FBS,American Conference,false,,,,false,false,0,
2025,regular,2,2,2,Week 2,2025-09-02,356,Illinois Fighting Illini,ILL,FBS,Big Ten Conference,true,11,12,1,false,false,2,11
2025,regular,2,2,2,Week 2,2025-09-02,399,UAlbany Great Danes,ALB,FCS,Coastal Athletic Association,false,,,,false,false,0,
2025,regular,2,2,2,Week 2,2025-09-02,2000,Abilene Christian Wildcats,ACU,FCS,United Athletic Conference,false,,,,false,false,0,
2025,regular,2,2,2,Week 2,2025-09-02,2005,Air Force Falcons,AFA,FBS,Mountain West Conference,false,,,,false,false,0,
2025,regular,2,2,2,Week 2,2025-09-02,2006,Akron Zips,AKR,FBS,Mid-American Conference,false,,,,false,false,0,
2025,regular,2,2,2,Week 2,2025-09-02,2010,Alabama A&M Bulldogs,AAMU,FCS,Southwestern Athletic Conference,false,,,,false,false,0,
2025,regular,2,2,2,Week 2,2025-09-02,2011,Alabama State Hornets,ALST,FCS,Southwestern Athletic Conference,false,,,,false,false,0,
2025,regular,2,2,2,Week 2,2025-09-02,2016,Alcorn State Braves,ALCN,FCS,Southwestern Athletic Conference,false,,,,false,false,0,
2025,regular,2,2,2,Week 2,2025-09-02,2026,App State Mountaineers,APP,FBS,Sun Belt Conference,false,,,,false,false,0,
2025,regular,2,2,2,Week 2,2025-09-02,2029,Arkansas-Pine Bluff Golden Lions,UAPB,FCS,Southwestern Athletic Conference,false,,,,false,false,0,
2025,regular,2,2,2,Week 2,2025-09-02,2032,Arkansas State Red Wolves,ARST,FBS,Sun Belt Conference,false,,,,false,false,0,
2025,regular,2,2,2,Week 2,2025-09-02,2046,Austin Peay Governors,APSU,FCS,United Athletic Conference,false,,,,false,false,0,
2025,regular,2,2,2,Week 2,2025-09-02,2050,Ball State Cardinals,BALL,FBS,Mid-American Conference,false,,,,false,false,0,
2025,regular,2,2,2,Week 2,2025-09-02,2065,Bethune-Cookman Wildcats,BCU,FCS,Southwestern Athletic Conference,false,,,,false,false,0,
2025,regular,2,2,2,Week 2,2025-09-02,2083,Bucknell Bison,BUCK,FCS,Patriot League,false,,,,false,false,0,
2025,regular,2,2,2,Week 2,2025-09-02,2084,Buffalo Bulls,BUFF,FBS,Mid-American Conference,false,,,,false,false,0,
2025,regular,2,2,2,Week 2,2025-09-02,2097,Campbell Fighting Camels,CAM,FCS,Coastal Athletic Association,false,,,,false,false,0,
2025,regular,2,2,2,Week 2,2025-09-02,2110,Central Arkansas Bears,CARK,FCS,United Athletic Conference,false,,,,false,false,0,
2025,regular,2,2,2,Week 2,2025-09-02,2115,Central Connecticut Blue Devils,CCSU,FCS,Northeast Conference,false,,,,false,false,0,
2025,regular,2,2,2,Week 2,2025-09-02,2116,UCF Knights,UCF,FBS,Big 12 Conference,false,,,,false,false,0,
2025,regular,2,2,2,Week 2,2025-09-02,2117,Central Michigan Chippewas,CMU,FBS,Mid-American Conference,false,,,,false,false,0,
2025,regular,2,2,2,Week 2,2025-09-02,2127,Charleston Southern Buccaneers,CHSO,FCS,Ohio Valley Conference,false,,,,false,false,0,
2025,regular,2,2,2,Week 2,2025-09-02,2132,Cincinnati Bearcats,CIN,FBS,Big 12 Conference,false,,,,false,false,0,
2025,regular,2,2,2,Week 2,2025-09-02,2142,Colgate Raiders,COLG,FCS,Patriot League,false,,,,false,false,0,
2025,regular,2,2,2,Week 2,2025-09-02,2169,Delaware State Hornets,DSU,FCS,Mid-Eastern Athletic Conference,false,,,,false,false,0,
2025,regular,2,2,2,Week 2,2025-09-02,2184,Duquesne Dukes,DUQ,FCS,Northeast Conference,false,,,,false,false,0,
2025,regular,2,2,2,Week 2,2025-09-02,2193,East Tennessee State Buccaneers,ETSU,FCS,Southern Conference,false,,,,false,false,0,
2025,regular,2,2,2,Week 2,2025-09-02,2197,Eastern Illinois Panthers,EIU,FCS,Ohio Valley Conference,false,,,,false,false,0,
2025,regular,2,2,2,Week 2,2025-09-02,2198,Eastern Kentucky Colonels,EKU,FCS,United Athletic Conference,false,,,,false,false,0,
2025,regular,2,2,2,Week 2,2025-09-02,2199,Eastern Michigan Eagles,EMU,FBS,Mid-American Conference,false,,,,false,false,0,
2025,regular,2,2,2,Week 2,2025-09-02,2210,Elon Phoenix,ELON,FCS,Coastal Athletic Association,false,,,,false,false,0,
2025,regular,2,2,2,Week 2,2025-09-02,2226,Florida Atlantic Owls,FAU,FBS,American Conference,false,,,,false,false,0,
2025,regular,2,2,2,Week 2,2025-09-02,2229,Florida International Panthers,FIU,FBS,Conference USA,false,,,,false,false,0,
2025,regular,2,2,2,Week 2,2025-09-02,2230,Fordham Rams,FOR,FCS,Patriot League,false,,,,false,false,0,
2025,regular,2,2,2,Week 2,2025-09-02,2241,Gardner-Webb Runnin' Bulldogs,GWEB,FCS,Ohio Valley Conference,false,,,,false,false,0,
2025,regular,2,2,2,Week 2,2025-09-02,2247,Georgia State Panthers,GAST,FBS,Sun Belt Conference,false,,,,false,false,0,
2025,regular,2,2,2,Week 2,2025-09-02,2277,Houston Christian Huskies,HCU,FCS,Southland Conference,false,,,,false,false,0,
2025,regular,2,2,2,Week 2,2025-09-02,2287,Illinois State Redbirds,ILST,FCS,Missouri Valley Football Conference,false,,,,false,false,0,
2025,regular,2,2,2,Week 2,2025-09-02,2294,Iowa Hawkeyes,IOWA,FBS,Big Ten Conference,false,,,,false,false,0,
2025,regular,2,2,2,Week 2,2025-09-02,2296,Jackson State Tigers,JKST,FCS,Southwestern Athletic Conference,false,,,,false,false,0,
2025,regular,2,2,2,Week 2,2025-09-02,2305,Kansas Jayhawks,KU,FBS,Big 12 Conference,false,,,,false,false,0,
2025,regular,2,2,2,Week 2,2025-09-02,2306,Kansas State Wildcats,KSU,FBS,Big 12 Conference,false,,17,,false,true,1,17
2025,regular,2,2,2,Week 2,2025-09-02,2309,Kent State Golden Flashes,KENT,FBS,Mid-American Conference,false,,,,false,false,0,
2025,regular,2,2,2,Week 2,2025-09-02,2320,Lamar Cardinals,LAM,FCS,Southland Conference,false,,,,false,false,0,
2025,regular,2,2,2,Week 2,2025-09-02,2335,Liberty Flames,LIB,FBS,Conference USA,false,,,,false,false,0,
2025,regular,2,2,2,Week 2,2025-09-02,2341,Long Island University Sharks,LIU,FCS,Northeast Conference,false,,,,false,false,0,
2025,regular,2,2,2,Week 2,2025-09-02,2348,Louisiana Tech Bulldogs,LT,FBS,Conference USA,false,,,,false,false,0,
2025,regular,2,2,2,Week 2,2025-09-02,2377,McNeese Cowboys,MCN,FCS,Southland Conference,false,,,,false,false,0,
2025,regular,2,2,2,Week 2,2025-09-02,2382,Mercer Bears,MER,FCS,Southern Conference,false,,,,false,false,0,
2025,regular,2,2,2,Week 2,2025-09-02,2385,Mercyhurst Lakers,MERC,FCS,Northeast Conference,false,,,,false,false,0,
2025,regular,2,2,2,Week 2,2025-09-02,2390,Miami Hurricanes,MIA,FBS,Atlantic Coast Conference,true,5,10,5,false,false,2,5
2025,regular,2,2,2,Week 2,2025-09-02,2393,Middle Tennessee Blue Raiders,MTSU,FBS,Conference USA,false,,,,false,false,0,
2025,regular,2,2,2,Week 2,2025-09-02,2405,Monmouth Hawks,MONM,FCS,Coastal Athletic Association,false,,,,false,false,0,
2025,regular,2,2,2,Week 2,2025-09-02,2415,Morgan State Bears,MORG,FCS,Mid-Eastern Athletic Conference,false,,,,false,false,0,
2025,regular,2,2,2,Week 2,2025-09-02,2426,Navy Midshipmen,NAVY,FBS,American Conference,false,,,,false,false,0,
2025,regular,2,2,2,Week 2,2025-09-02,2428,North Carolina Central Eagles,NCCU,FCS,Mid-Eastern Athletic Conference,false,,,,false,false,0,
2025,regular,2,2,2,Week 2,2025-09-02,2429,Charlotte 49ers,CLT,FBS,American Conference,false,,,,false,false,0,
2025,regular,2,2,2,Week 2,2025-09-02,2433,UL Monroe Warhawks,ULM,FBS,Sun Belt Conference,false,,,,false,false,0,
2025,regular,2,2,2,Week 2,2025-09-02,2439,UNLV Rebels,UNLV,FBS,Mountain West Conference,false,,,,false,false,0,
2025,regular,2,2,2,Week 2,2025-09-02,2440,Nevada Wolf Pack,NEV,FBS,Mountain West Conference,false,,,,false,false,0,
2025,regular,2,2,2,Week 2,2025-09-02,2447,Nicholls Colonels,NICH,FCS,Southland Conference,false,,,,false,false,0,
2025,regular,2,2,2,Week 2,2025-09-02,2448,North Carolina A&T Aggies,NCAT,FCS,Coastal Athletic Association,false,,,,false,false,0,
2025,regular,2,2,2,Week 2,2025-09-02,2449,North Dakota State Bison,NDSU,FCS,Missouri Valley Football Conference,false,,,,false,false,0,
2025,regular,2,2,2,Week 2,2025-09-02,2450,Norfolk State Spartans,NORF,FCS,Mid-Eastern Athletic Conference,false,,,,false,false,0,
2025,regular,2,2,2,Week 2,2025-09-02,2453,North Alabama Lions,UNA,FCS,United Athletic Conference,false,,,,false,false,0,
2025,regular,2,2,2,Week 2,2025-09-02,2458,Northern Colorado Bears,UNCO,FCS,Big Sky Conference,false,,,,false,false,0,
2025,regular,2,2,2,Week 2,2025-09-02,2459,Northern Illinois Huskies,NIU,FBS,Mid-American Conference,false,,,,false,false,0,
2025,regular,2,2,2,Week 2,2025-09-02,2460,Northern Iowa Panthers,UNI,FCS,Missouri Valley Football Conference,false,,,,false,false,0,
2025,regular,2,2,2,Week 2,2025-09-02,2464,Northern Arizona Lumberjacks,NAU,FCS,Big Sky Conference,false,,,,false,false,0,
2025,regular,2,2,2,Week 2,2025-09-02,2466,Northwestern State Demons,NWST,FCS,Southland Conference,false,,,,false,false,0,
2025,regular,2,2,2,Week 2,2025-09-02,2483,Oregon Ducks,ORE,FBS,Big Ten Conference,true,6,7,1,false,false,2,6
2025,regular,2,2,2,Week 2,2025-09-02,2502,Portland State Vikings,PRST,FCS,Big Sky Conference,false,,,,false,false,0,
2025,regular,2,2,2,Week 2,2025-09-02,2504,Prairie View A&M Panthers,PV,FCS,Southwestern Athletic Conference,false,,,,false,false,0,
2025,regular,2,2,2,Week 2,2025-09-02,2509,Purdue Boilermakers,PUR,FBS,Big Ten Conference,false,,,,false,false,0,
2025,regular,2,2,2,Week 2,2025-09-02,2523,Robert Morris Colonials,RMU,FCS,Northeast Conference,false,,,,false,false,0,
2025,regular,2,2,2,Week 2,2025-09-02,2534,Sam Houston Bearkats,SHSU,FBS,Conference USA,false,,,,false,false,0,
2025,regular,2,2,2,Week 2,2025-09-02,2535,Samford Bulldogs,SAM,FCS,Southern Conference,false,,,,false,false,0,
2025,regular,2,2,2,Week 2,2025-09-02,2545,SE Louisiana Lions,SELA,FCS,Southland Conference,false,,,,false,false,0,
2025,regular,2,2,2,Week 2,2025-09-02,2546,Southeast Missouri State Redhawks,SEMO,FCS,Ohio Valley Conference,false,,,,false,false,0,
2025,regular,2,2,2,Week 2,2025-09-02,2567,SMU Mustangs,SMU,FBS,Atlantic Coast Conference,true,17,16,-1,false,false,2,16
2025,regular,2,2,2,Week 2,2025-09-02,2569,South Carolina State Bulldogs,SCST,FCS,Mid-Eastern Athletic Conference,false,,,,false,false,0,
2025,regular,2,2,2,Week 2,2025-09-02,2571,South Dakota State Jackrabbits,SDST,FCS,Missouri Valley Football Conference,false,,,,false,false,0,
2025,regular,2,2,2,Week 2,2025-09-02,2572,Southern Miss Golden Eagles,USM,FBS,Sun Belt Conference,false,,,,false,false,0,
2025,regular,2,2,2,Week 2,2025-09-02,2579,South Carolina Gamecocks,SC,FBS,Southeastern Conference,true,10,13,3,false,false,2,10
2025,regular,2,2,2,Week 2,2025-09-02,2582,Southern Jaguars,SOU,FCS,Southwestern Athletic Conference,false,,,,false,false,0,
2025,regular,2,2,2,Week 2,2025-09-02,2598,Saint Francis Red Flash,SFPA,FCS,Northeast Conference,false,,,,false,false,0,
2025,regular,2,2,2,Week 2,2025-09-02,2617,Stephen F. Austin Lumberjacks,SFA,FCS,Southland Conference,false,,,,false,false,0,
2025,regular,2,2,2,Week 2,2025-09-02,2619,Stony Brook Seawolves,STBK,FCS,Coastal Athletic Association,false,,,,false,false,0,
2025,regular,2,2,2,Week 2,2025-09-02,2623,Missouri State Bears,MOST,FBS,Conference USA,false,,,,false,false,0,
2025,regular,2,2,2,Week 2,2025-09-02,2627,Tarleton State Texans,TAR,FCS,United Athletic Conference,false,,,,false,false,0,
2025,regular,2,2,2,Week 2,2025-09-02,2628,TCU Horned Frogs,TCU,FBS,Big 12 Conference,false,,,,false,false,0,
2025,regular,2,2,2,Week 2,2025-09-02,2630,UT Martin Skyhawks,UTM,FCS,Ohio Valley Conference,false,,,,false,false,0,
2025,regular,2,2,2,Week 2,2025-09-02,2633,Tennessee Volunteers,TENN,FBS,Southeastern Conference,true,22,24,2,false,false,2,22
2025,regular,2,2,2,Week 2,2025-09-02,2634,Tennessee State Tigers,TNST,FCS,Ohio Valley Conference,false,,,,false,false,0,
2025,regular,2,2,2,Week 2,2025-09-02,2635,Tennessee Tech Golden Eagles,TNTC,FCS,Ohio Valley Conference,false,,,,false,false,0,
2025,regular,2,2,2,Week 2,2025-09-02,2636,UTSA Roadrunners,UTSA,FBS,American Conference,false,,,,false,false,0,
2025,regular,2,2,2,Week 2,2025-09-02,2638,UTEP Miners,UTEP,FBS,Conference USA,false,,,,false,false,0,
2025,regular,2,2,2,Week 2,2025-09-02,2640,Texas Southern Tigers,TXSO,FCS,Southwestern Athletic Conference,false,,,,false,false,0,
2025,regular,2,2,2,Week 2,2025-09-02,2641,Texas Tech Red Raiders,TTU,FBS,Big 12 Conference,true,24,23,-1,false,false,2,23
2025,regular,2,2,2,Week 2,2025-09-02,2643,The Citadel Bulldogs,CIT,FCS,Southern Conference,false,,,,false,false,0,
2025,regular,2,2,2,Week 2,2025-09-02,2649,Toledo Rockets,TOL,FBS,Mid-American Conference,false,,,,false,false,0,
2025,regular,2,2,2,Week 2,2025-09-02,2653,Troy Trojans,TROY,FBS,Sun Belt Conference,false,,,,false,false,0,
2025,regular,2,2,2,Week 2,2025-09-02,2655,Tulane Green Wave,TULN,FBS,American Conference,false,,,,false,false,0,
2025,regular,2,2,2,Week 2,2025-09-02,2678,VMI Keydets,VMI,FCS,Southern Conference,false,,,,false,false,0,
2025,regular,2,2,2,Week 2,2025-09-02,2681,Wagner Seahawks,WAG,FCS,Northeast Conference,false,,,,false,false,0,
2025,regular,2,2,2,Week 2,2025-09-02,2692,Weber State Wildcats,WEB,FCS,Big Sky Conference,false,,,,false,false,0,
2025,regular,2,2,2,Week 2,2025-09-02,2710,Western Illinois Leathernecks,WIU,FCS,Ohio Valley Conference,false,,,,false,false,0,
2025,regular,2,2,2,Week 2,2025-09-02,2711,Western Michigan Broncos,WMU,FBS,Mid-American Conference,false,,,,false,false,0,
2025,regular,2,2,2,Week 2,2025-09-02,2717,Western Carolina Catamounts,WCU,FCS,Southern Conference,false,,,,false,false,0,
2025,regular,2,2,2,Week 2,2025-09-02,2729,William & Mary Tribe,W&M,FCS,Coastal Athletic Association,false,,,,false,false,0,
2025,regular,2,2,2,Week 2,2025-09-02,2747,Wofford Terriers,WOF,FCS,Southern Conference,false,,,,false,false,0,
2025,regular,2,2,2,Week 2,2025-09-02,2751,Wyoming Cowboys,WYO,FBS,Mountain West Conference,false,,,,false,false,0,
2025,regular,2,2,2,Week 2,2025-09-02,2754,Youngstown State Penguins,YSU,FCS,Missouri Valley Football Conference,false,,,,false,false,0,
2025,regular,2,2,2,Week 2,2025-09-02,2755,Grambling Tigers,GRAM,FCS,Southwestern Athletic Conference,false,,,,false,false,0,
2025,regular,2,2,2,Week 2,2025-09-02,2771,Merrimack Warriors,MRMK,FCS,FCS Independents,false,,,,false,false,0,
2025,regular,2,2,2,Week 2,2025-09-02,2803,Bryant Bulldogs,BRY,FCS,Coastal Athletic Association,false,,,,false,false,0,
2025,regular,2,2,2,Week 2,2025-09-02,2815,Lindenwood Lions,LIN,FCS,Ohio Valley Conference,false,,,,false,false,0,
2025,regular,2,2,2,Week 2,2025-09-02,2837,East Texas A&M Lions,ETAM,FCS,Southland Conference,false,,,,false,false,0,
2025,regular,2,2,2,Week 2,2025-09-02,2900,St. Thomas-Minnesota Tommies,STMN,FCS,Pioneer Football League,false,,,,false,false,0,
2025,regular,2,2,2,Week 2,2025-09-02,2916,Incarnate Word Cardinals,UIW,FCS,Southland Conference,false,,,,false,false,0,
2025,regular,3,3,3,Week 3,2025-09-07,2,Auburn Tigers,AUB,FBS,Southeastern Conference,true,24,,,true,false,1,24
2025,regular,3,3,3,Week 3,2025-09-07,5,UAB Blazers,UAB,FBS,American Conference,false,,,,false,false,0,
2025,regular,3,3,3,Week 3,2025-09-07,6,South Alabama Jaguars,USA,FBS,Sun Belt Conference,false,,,,false,false,0,
2025,regular,3,3,3,Week 3,2025-09-07,8,Arkansas Razorbacks,ARK,FBS,Southeastern Conference,false,,,,false,false,0,
2025,regular,3,3,3,Week 3,2025-09-07,9,Arizona State Sun Devils,ASU,FBS,Big 12 Conference,false,,12,,false,true,2,11
2025,regular,3,3,3,Week 3,2025-09-07,12,Arizona Wildcats,ARIZ,FBS,Big 12 Conference,false,,,,false,false,0,
2025,regular,3,3,3,Week 3,2025-09-07,13,Cal Poly Mustangs,CP,FCS,Big Sky Conference,false,,,,false,false,0,
2025,regular,3,3,3,Week 3,2025-09-07,16,Sacramento State Hornets,SAC,FCS,Big Sky Conference,false,,,,false,false,0,
2025,regular,3,3,3,Week 3,2025-09-07,21,San Diego State Aztecs,SDSU,FBS,Mountain West Conference,false,,,,false,false,0,
2025,regular,3,3,3,Week 3,2025-09-07,23,San José State Spartans,SJSU,FBS,Mountain West Conference,false,,,,false,false,0,
2025,regular,3,3,3,Week 3,2025-09-07,24,Stanford Cardinal,STAN,FBS,Atlantic Coast Conference,false,,,,false,false,0,
2025,regular,3,3,3,Week 3,2025-09-07,25,California Golden Bears,CAL,FBS,Atlantic Coast Conference,false,,,,false,false,0,
2025,regular,3,3,3,Week 3,2025-09-07,26,UCLA Bruins,UCLA,FBS,Big Ten Conference,false,,,,false,false,0,
2025,regular,3,3,3,Week 3,2025-09-07,30,USC Trojans,USC,FBS,Big Ten Conference,false,,,,false,false,0,
2025,regular,3,3,3,Week 3,2025-09-07,36,Colorado State Rams,CSU,FBS,Mountain West Conference,false,,,,false,false,0,
2025,regular,3,3,3,Week 3,2025-09-07,38,Colorado Buffaloes,COLO,FBS,Big 12 Conference,false,,,,false,false,0,
2025,regular,3,3,3,Week 3,2025-09-07,41,UConn Huskies,CONN,FBS,FBS Independents,false,,,,false,false,0,
2025,regular,3,3,3,Week 3,2025-09-07,47,Howard Bison,HOW,FCS,Mid-Eastern Athletic Conference,false,,,,false,false,0,
2025,regular,3,3,3,Week 3,2025-09-07,48,Delaware Blue Hens,DEL,FBS,Conference USA,false,,,,false,false,0,
2025,regular,3,3,3,Week 3,2025-09-07,50,Florida A&M Rattlers,FAMU,FCS,Southwestern Athletic Conference,false,,,,false,false,0,
2025,regular,3,3,3,Week 3,2025-09-07,52,Florida State Seminoles,FSU,FBS,Atlantic Coast Conference,true,10,14,4,false,false,2,10
2025,regular,3,3,3,Week 3,2025-09-07,55,Jacksonville State Gamecocks,JVST,FBS,Conference USA,false,,,,false,false,0,
2025,regular,3,3,3,Week 3,2025-09-07,57,Florida Gators,FLA,FBS,Southeastern Conference,false,,13,,false,true,2,13
2025,regular,3,3,3,Week 3,2025-09-07,58,South Florida Bulls,USF,FBS,American Conference,true,18,,,true,false,1,18
2025,regular,3,3,3,Week 3,2025-09-07,59,Georgia Tech Yellow Jackets,GT,FBS,Atlantic Coast Conference,false,,,,false,false,0,
2025,regular,3,3,3,Week 3,2025-09-07,61,Georgia Bulldogs,UGA,FBS,Southeastern Conference,true,6,4,-2,false,false,3,4
2025,regular,3,3,3,Week 3,2025-09-07,62,Hawai'i Rainbow Warriors,HAW,FBS,Mountain West Conference,false,,,,false,false,0,
2025,regular,3,3,3,Week 3,2025-09-07,66,Iowa State Cyclones,ISU,FBS,Big 12 Conference,true,14,16,2,false,false,3,14
2025,regular,3,3,3,Week 3,2025-09-07,68,Boise State Broncos,BOIS,FBS,Mountain West Conference,false,,,,false,false,1,25
2025,regular,3,3,3,Week 3,2025-09-07,70,Idaho Vandals,IDHO,FCS,Big Sky Conference,false,,,,false,false,0,
2025,regular,3,3,3,Week 3,2025-09-07,77,Northwestern Wildcats,NU,FBS,Big Ten Conference,false,,,,false,false,0,
2025,regular,3,3,3,Week 3,2025-09-07,79,Southern Illinois Salukis,SIU,FCS,Missouri Valley Football Conference,false,,,,false,false,0,
2025,regular,3,3,3,Week 3,2025-09-07,84,Indiana Hoosiers,IU,FBS,Big Ten Conference,true,22,23,1,false,false,3,20
2025,regular,3,3,3,Week 3,2025-09-07,87,Notre Dame Fighting Irish,ND,FBS,FBS Independents,true,8,9,1,false,false,3,6
2025,regular,3,3,3,Week 3,2025-09-07,93,Murray State Racers,MUR,FCS,Missouri Valley Football Conference,false,,,,false,false,0,
2025,regular,3,3,3,Week 3,2025-09-07,96,Kentucky Wildcats,UK,FBS,Southeastern Conference,false,,,,false,false,0,
2025,regular,3,3,3,Week 3,2025-09-07,97,Louisville Cardinals,LOU,FBS,Atlantic Coast Conference,false,,,,false,false,0,
2025,regular,3,3,3,Week 3,2025-09-07,98,Western Kentucky Hilltoppers,WKU,FBS,Conference USA,false,,,,false,false,0,
2025,regular,3,3,3,Week 3,2025-09-07,99,LSU Tigers,LSU,FBS,Southeastern Conference,true,3,3,0,false,false,3,3
2025,regular,3,3,3,Week 3,2025-09-07,103,Boston College Eagles,BC,FBS,Atlantic Coast Conference,false,,,,false,false,0,
2025,regular,3,3,3,Week 3,2025-09-07,107,Holy Cross Crusaders,HC,FCS,Patriot League,false,,,,false,false,0,
2025,regular,3,3,3,Week 3,2025-09-07,113,Massachusetts Minutemen,MASS,FBS,Mid-American Conference,false,,,,false,false,0,
2025,regular,3,3,3,Week 3,2025-09-07,119,Towson Tigers,TOW,FCS,Coastal Athletic Association,false,,,,false,false,0,
2025,regular,3,3,3,Week 3,2025-09-07,120,Maryland Terrapins,MD,FBS,Big Ten Conference,false,,,,false,false,0,
2025,regular,3,3,3,Week 3,2025-09-07,127,Michigan State Spartans,MSU,FBS,Big Ten Conference,false,,,,false,false,0,
2025,regular,3,3,3,Week 3,2025-09-07,130,Michigan Wolverines,MICH,FBS,Big Ten Conference,true,23,15,-8,false,false,3,14
2025,regular,3,3,3,Week 3,2025-09-07,135,Minnesota Golden Gophers,MINN,FBS,Big Ten Conference,false,,,,false,false,0,
2025,regular,3,3,3,Week 3,2025-09-07,142,Missouri Tigers,MIZ,FBS,Southeastern Conference,true,25,,,true,false,1,25
2025,regular,3,3,3,Week 3,2025-09-07,145,Ole Miss Rebels,MISS,FBS,Southeastern Conference,true,17,20,3,false,false,3,17
2025,regular,3,3,3,Week 3,2025-09-07,147,Montana State Bobcats,MTST,FCS,Big Sky Conference,false,,,,false,false,0,
2025,regular,3,3,3,Week 3,2025-09-07,149,Montana Grizzlies,MONT,FCS,Big Sky Conference,false,,,,false,false,0,
2025,regular,3,3,3,Week 3,2025-09-07,150,Duke Blue Devils,DUKE,FBS,Atlantic Coast Conference,false,,,,false,false,0,
2025,regular,3,3,3,Week 3,2025-09-07,151,East Carolina Pirates,ECU,FBS,American Conference,false,,,,false,false,0,
2025,regular,3,3,3,Week 3,2025-09-07,152,NC State Wolfpack,NCSU,FBS,Atlantic Coast Conference,false,,,,false,false,0,
2025,regular,3,3,3,Week 3,2025-09-07,153,North Carolina Tar Heels,UNC,FBS,Atlantic Coast Conference,false,,,,false,false,0,
2025,regular,3,3,3,Week 3,2025-09-07,154,Wake Forest Demon Deacons,WAKE,FBS,Atlantic Coast Conference,false,,,,false,false,0,
2025,regular,3,3,3,Week 3,2025-09-07,155,North Dakota Fighting Hawks,UND,FCS,Missouri Valley Football Conference,false,,,,false,false,0,
2025,regular,3,3,3,Week 3,2025-09-07,158,Nebraska Cornhuskers,NEB,FBS,Big Ten Conference,false,,,,false,false,0,
2025,regular,3,3,3,Week 3,2025-09-07,160,New Hampshire Wildcats,UNH,FCS,Coastal Athletic Association,false,,,,false,false,0,
2025,regular,3,3,3,Week 3,2025-09-07,164,Rutgers Scarlet Knights,RUTG,FBS,Big Ten Conference,false,,,,false,false,0,
2025,regular,3,3,3,Week 3,2025-09-07,166,New Mexico State Aggies,NMSU,FBS,Conference USA,false,,,,false,false,0,
2025,regular,3,3,3,Week 3,2025-09-07,167,New Mexico Lobos,UNM,FBS,Mountain West Conference,false,,,,false,false,0,
2025,regular,3,3,3,Week 3,2025-09-07,183,Syracuse Orange,SYR,FBS,Atlantic Coast Conference,false,,,,false,false,0,
2025,regular,3,3,3,Week 3,2025-09-07,189,Bowling Green Falcons,BGSU,FBS,Mid-American Conference,false,,,,false,false,0,
2025,regular,3,3,3,Week 3,2025-09-07,193,Miami (OH) RedHawks,M-OH,FBS,Mid-American Conference,false,,,,false,false,0,
2025,regular,3,3,3,Week 3,2025-09-07,194,Ohio State Buckeyes,OSU,FBS,Big Ten Conference,true,1,1,0,false,false,3,1
2025,regular,3,3,3,Week 3,2025-09-07,195,Ohio Bobcats,OHIO,FBS,Mid-American Conference,false,,,,false,false,0,
2025,regular,3,3,3,Week 3,2025-09-07,197,Oklahoma State Cowboys,OKST,FBS,Big 12 Conference,false,,,,false,false,0,
2025,regular,3,3,3,Week 3,2025-09-07,201,Oklahoma Sooners,OU,FBS,Southeastern Conference,true,13,18,5,false,false,3,13
2025,regular,3,3,3,Week 3,2025-09-07,202,Tulsa Golden Hurricane,TLSA,FBS,American Conference,false,,,,false,false,0,
2025,regular,3,3,3,Week 3,2025-09-07,204,Oregon State Beavers,ORST,FBS,Pac-12 Conference,false,,,,false,false,0,
2025,regular,3,3,3,Week 3,2025-09-07,213,Penn State Nittany Lions,PSU,FBS,Big Ten Conference,true,2,2,0,false,false,3,2
2025,regular,3,3,3,Week 3,2025-09-07,218,Temple Owls,TEM,FBS,American Conference,false,,,,false,false,0,
2025,regular,3,3,3,Week 3,2025-09-07,221,Pittsburgh Panthers,PITT,FBS,Atlantic Coast Conference,false,,,,false,false,0,
2025,regular,3,3,3,Week 3,2025-09-07,222,Villanova Wildcats,VILL,FCS,Coastal Athletic Association,false,,,,false,false,0,
2025,regular,3,3,3,Week 3,2025-09-07,227,Rhode Island Rams,URI,FCS,Coastal Athletic Association,false,,,,false,false,0,
2025,regular,3,3,3,Week 3,2025-09-07,228,Clemson Tigers,CLEM,FBS,Atlantic Coast Conference,true,12,8,-4,false,false,3,4
2025,regular,3,3,3,Week 3,2025-09-07,231,Furman Paladins,FUR,FCS,Southern Conference,false,,,,false,false,0,
2025,regular,3,3,3,Week 3,2025-09-07,233,South Dakota Coyotes,SDAK,FCS,Missouri Valley Football Conference,false,,,,false,false,0,
2025,regular,3,3,3,Week 3,2025-09-07,235,Memphis Tigers,MEM,FBS,American Conference,false,,,,false,false,0,
2025,regular,3,3,3,Week 3,2025-09-07,236,Chattanooga Mocs,UTC,FCS,Southern Conference,false,,,,false,false,0,
2025,regular,3,3,3,Week 3,2025-09-07,238,Vanderbilt Commodores,VAN,FBS,Southeastern Conference,false,,,,false,false,0,
2025,regular,3,3,3,Week 3,2025-09-07,239,Baylor Bears,BAY,FBS,Big 12 Conference,false,,,,false,false,0,
2025,regular,3,3,3,Week 3,2025-09-07,242,Rice Owls,RICE,FBS,American Conference,false,,,,false,false,0,
2025,regular,3,3,3,Week 3,2025-09-07,245,Texas A&M Aggies,TA&M,FBS,Southeastern Conference,true,16,19,3,false,false,3,16
2025,regular,3,3,3,Week 3,2025-09-07,248,Houston Cougars,HOU,FBS,Big 12 Conference,false,,,,false,false,0,
2025,regular,3,3,3,Week 3,2025-09-07,249,North Texas Mean Green,UNT,FBS,American Conference,false,,,,false,false,0,
2025,regular,3,3,3,Week 3,2025-09-07,251,Texas Longhorns,TEX,FBS,Southeastern Conference,true,7,7,0,false,false,3,1
2025,regular,3,3,3,Week 3,2025-09-07,252,BYU Cougars,BYU,FBS,Big 12 Conference,false,,,,false,false,0,
2025,regular,3,3,3,Week 3,2025-09-07,254,Utah Utes,UTAH,FBS,Big 12 Conference,true,20,25,5,false,false,2,20
2025,regular,3,3,3,Week 3,2025-09-07,256,James Madison Dukes,JMU,FBS,Sun Belt Conference,false,,,,false,false,0,
2025,regular,3,3,3,Week 3,2025-09-07,257,Richmond Spiders,RICH,FCS,Patriot League,false,,,,false,false,0,
2025,regular,3,3,3,Week 3,2025-09-07,258,Virginia Cavaliers,UVA,FBS,Atlantic Coast Conference,false,,,,false,false,0,
2025,regular,3,3,3,Week 3,2025-09-07,259,Virginia Tech Hokies,VT,FBS,Atlantic Coast Conference,false,,,,false,false,0,
2025,regular,3,3,3,Week 3,2025-09-07,264,Washington Huskies,WASH,FBS,Big Ten Conference,false,,,,false,false,0,
2025,regular,3,3,3,Week 3,2025-09-07,265,Washington State Cougars,WSU,FBS,Pac-12 Conference,false,,,,false,false,0,
2025,regular,3,3,3,Week 3,2025-09-07,275,Wisconsin Badgers,WIS,FBS,Big Ten Conference,false,,,,false,false,0,
2025,regular,3,3,3,Week 3,2025-09-07,276,Marshall Thundering Herd,MRSH,FBS,Sun Belt Conference,false,,,,false,false,0,
2025,regular,3,3,3,Week 3,2025-09-07,277,West Virginia Mountaineers,WVU,FBS,Big 12 Conference,false,,,,false,false,0,
2025,regular,3,3,3,Week 3,2025-09-07,278,Fresno State Bulldogs,FRES,FBS,Mountain West Conference,false,,,,false,false,0,
2025,regular,3,3,3,Week 3,2025-09-07,282,Indiana State Sycamores,INST,FCS,Missouri Valley Football Conference,false,,,,false,false,0,
2025,regular,3,3,3,Week 3,2025-09-07,290,Georgia Southern Eagles,GASO,FBS,Sun Belt Conference,false,,,,false,false,0,
2025,regular,3,3,3,Week 3,2025-09-07,295,Old Dominion Monarchs,ODU,FBS,Sun Belt Conference,false,,,,false,false,0,
2025,regular,3,3,3,Week 3,2025-09-07,302,UC Davis Aggies,UCD,FCS,Big Sky Conference,false,,,,false,false,0,
2025,regular,3,3,3,Week 3,2025-09-07,304,Idaho State Bengals,IDST,FCS,Big Sky Conference,false,,,,false,false,0,
2025,regular,3,3,3,Week 3,2025-09-07,309,Louisiana Ragin' Cajuns,UL,FBS,Sun Belt Conference,false,,,,false,false,0,
2025,regular,3,3,3,Week 3,2025-09-07,311,Maine Black Bears,ME,FCS,Coastal Athletic Association,false,,,,false,false,0,
2025,regular,3,3,3,Week 3,2025-09-07,322,Lafayette Leopards,LAF,FCS,Patriot League,false,,,,false,false,0,
2025,regular,3,3,3,Week 3,2025-09-07,324,Coastal Carolina Chanticleers,CCU,FBS,Sun Belt Conference,false,,,,false,false,0,
2025,regular,3,3,3,Week 3,2025-09-07,326,Texas State Bobcats,TXST,FBS,Sun Belt Conference,false,,,,false,false,0,
2025,regular,3,3,3,Week 3,2025-09-07,328,Utah State Aggies,USU,FBS,Mountain West Conference,false,,,,false,false,0,
2025,regular,3,3,3,Week 3,2025-09-07,331,Eastern Washington Eagles,EWU,FCS,Big Sky Conference,false,,,,false,false,0,
2025,regular,3,3,3,Week 3,2025-09-07,333,Alabama Crimson Tide,ALA,FBS,Southeastern Conference,true,19,21,2,false,false,3,8
2025,regular,3,3,3,Week 3,2025-09-07,338,Kennesaw State Owls,KENN,FBS,Conference USA,false,,,,false,false,0,
2025,regular,3,3,3,Week 3,2025-09-07,344,Mississippi State Bulldogs,MSST,FBS,Southeastern Conference,false,,,,false,false,0,
2025,regular,3,3,3,Week 3,2025-09-07,349,Army Black Knights,ARMY,FBS,American Conference,false,,,,false,false,0,
2025,regular,3,3,3,Week 3,2025-09-07,356,Illinois Fighting Illini,ILL,FBS,Big Ten Conference,true,9,11,2,false,false,3,9
2025,regular,3,3,3,Week 3,2025-09-07,399,UAlbany Great Danes,ALB,FCS,Coastal Athletic Association,false,,,,false,false,0,
2025,regular,3,3,3,Week 3,2025-09-07,2000,Abilene Christian Wildcats,ACU,FCS,United Athletic Conference,false,,,,false,false,0,
2025,regular,3,3,3,Week 3,2025-09-07,2005,Air Force Falcons,AFA,FBS,Mountain West Conference,false,,,,false,false,0,
2025,regular,3,3,3,Week 3,2025-09-07,2006,Akron Zips,AKR,FBS,Mid-American Conference,false,,,,false,false,0,
2025,regular,3,3,3,Week 3,2025-09-07,2010,Alabama A&M Bulldogs,AAMU,FCS,Southwestern Athletic Conference,false,,,,false,false,0,
2025,regular,3,3,3,Week 3,2025-09-07,2011,Alabama State Hornets,ALST,FCS,Southwestern Athletic Conference,false,,,,false,false,0,
2025,regular,3,3,3,Week 3,2025-09-07,2016,Alcorn State Braves,ALCN,FCS,Southwestern Athletic Conference,false,,,,false,false,0,
2025,regular,3,3,3,Week 3,2025-09-07,2026,App State Mountaineers,APP,FBS,Sun Belt Conference,false,,,,false,false,0,
2025,regular,3,3,3,Week 3,2025-09-07,2029,Arkansas-Pine Bluff Golden Lions,UAPB,FCS,Southwestern Athletic Conference,false,,,,false,false,0,
2025,regular,3,3,3,Week 3,2025-09-07,2032,Arkansas State Red Wolves,ARST,FBS,Sun Belt Conference,false,,,,false,false,0,
2025,regular,3,3,3,Week 3,2025-09-07,2046,Austin Peay Governors,APSU,FCS,United Athletic Conference,false,,,,false,false,0,
2025,regular,3,3,3,Week 3,2025-09-07,2050,Ball State Cardinals,BALL,FBS,Mid-American Conference,false,,,,false,false,0,
2025,regular,3,3,3,Week 3,2025-09-07,2065,Bethune-Cookman Wildcats,BCU,FCS,Southwestern Athletic Conference,false,,,,false,false,0,
2025,regular,3,3,3,Week 3,2025-09-07,2083,Bucknell Bison,BUCK,FCS,Patriot League,false,,,,false,false,0,
2025,regular,3,3,3,Week 3,2025-09-07,2084,Buffalo Bulls,BUFF,FBS,Mid-American Conference,false,,,,false,false,0,
2025,regular,3,3,3,Week 3,2025-09-07,2097,Campbell Fighting Camels,CAM,FCS,Coastal Athletic Association,false,,,,false,false,0,
2025,regular,3,3,3,Week 3,2025-09-07,2110,Central Arkansas Bears,CARK,FCS,United Athletic Conference,false,,,,false,false,0,
2025,regular,3,3,3,Week 3,2025-09-07,2115,Central Connecticut Blue Devils,CCSU,FCS,Northeast Conference,false,,,,false,false,0,
2025,regular,3,3,3,Week 3,2025-09-07,2116,UCF Knights,UCF,FBS,Big 12 Conference,false,,,,false,false,0,
2025,regular,3,3,3,Week 3,2025-09-07,2117,Central Michigan Chippewas,CMU,FBS,Mid-American Conference,false,,,,false,false,0,
2025,regular,3,3,3,Week 3,2025-09-07,2127,Charleston Southern Buccaneers,CHSO,FCS,Ohio Valley Conference,false,,,,false,false,0,
2025,regular,3,3,3,Week 3,2025-09-07,2132,Cincinnati Bearcats,CIN,FBS,Big 12 Conference,false,,,,false,false,0,
2025,regular,3,3,3,Week 3,2025-09-07,2142,Colgate Raiders,COLG,FCS,Patriot League,false,,,,false,false,0,
2025,regular,3,3,3,Week 3,2025-09-07,2169,Delaware State Hornets,DSU,FCS,Mid-Eastern Athletic Conference,false,,,,false,false,0,
2025,regular,3,3,3,Week 3,2025-09-07,2184,Duquesne Dukes,DUQ,FCS,Northeast Conference,false,,,,false,false,0,
2025,regular,3,3,3,Week 3,2025-09-07,2193,East Tennessee State Buccaneers,ETSU,FCS,Southern Conference,false,,,,false,false,0,
2025,regular,3,3,3,Week 3,2025-09-07,2197,Eastern Illinois Panthers,EIU,FCS,Ohio Valley Conference,false,,,,false,false,0,
2025,regular,3,3,3,Week 3,2025-09-07,2198,Eastern Kentucky Colonels,EKU,FCS,United Athletic Conference,false,,,,false,false,0,
2025,regular,3,3,3,Week 3,2025-09-07,2199,Eastern Michigan Eagles,EMU,FBS,Mid-American Conference,false,,,,false,false,0,
2025,regular,3,3,3,Week 3,2025-09-07,2210,Elon Phoenix,ELON,FCS,Coastal Athletic Association,false,,,,false,false,0,
2025,regular,3,3,3,Week 3,2025-09-07,2226,Florida Atlantic Owls,FAU,FBS,American Conference,false,,,,false,false,0,
2025,regular,3,3,3,Week 3,2025-09-07,2229,Florida International Panthers,FIU,FBS,Conference USA,false,,,,false,false,0,
2025,regular,3,3,3,Week 3,2025-09-07,2230,Fordham Rams,FOR,FCS,Patriot League,false,,,,false,false,0,
2025,regular,3,3,3,Week 3,2025-09-07,2241,Gardner-Webb Runnin' Bulldogs,GWEB,FCS,Ohio Valley Conference,false,,,,false,false,0,
2025,regular,3,3,3,Week 3,2025-09-07,2247,Georgia State Panthers,GAST,FBS,Sun Belt Conference,false,,,,false,false,0,
2025,regular,3,3,3,Week 3,2025-09-07,2277,Houston Christian Huskies,HCU,FCS,Southland Conference,false,,,,false,false,0,
2025,regular,3,3,3,Week 3,2025-09-07,2287,Illinois State Redbirds,ILST,FCS,Missouri Valley Football Conference,false,,,,false,false,0,
2025,regular,3,3,3,Week 3,2025-09-07,2294,Iowa Hawkeyes,IOWA,FBS,Big Ten Conference,false,,,,false,false,0,
2025,regular,3,3,3,Week 3,2025-09-07,2296,Jackson State Tigers,JKST,FCS,Southwestern Athletic Conference,false,,,,false,false,0,
2025,regular,3,3,3,Week 3,2025-09-07,2305,Kansas Jayhawks,KU,FBS,Big 12 Conference,false,,,,false,false,0,
2025,regular,3,3,3,Week 3,2025-09-07,2306,Kansas State Wildcats,KSU,FBS,Big 12 Conference,false,,,,false,false,1,17
2025,regular,3,3,3,Week 3,2025-09-07,2309,Kent State Golden Flashes,KENT,FBS,Mid-American Conference,false,,,,false,false,0,
2025,regular,3,3,3,Week 3,2025-09-07,2320,Lamar Cardinals,LAM,FCS,Southland Conference,false,,,,false,false,0,
2025,regular,3,3,3,Week 3,2025-09-07,2335,Liberty Flames,LIB,FBS,Conference USA,false,,,,false,false,0,
2025,regular,3,3,3,Week 3,2025-09-07,2341,Long Island University Sharks,LIU,FCS,Northeast Conference,false,,,,false,false,0,
2025,regular,3,3,3,Week 3,2025-09-07,2348,Louisiana Tech Bulldogs,LT,FBS,Conference USA,false,,,,false,false,0,
2025,regular,3,3,3,Week 3,2025-09-07,2377,McNeese Cowboys,MCN,FCS,Southland Conference,false,,,,false,false,0,
2025,regular,3,3,3,Week 3,2025-09-07,2382,Mercer Bears,MER,FCS,Southern Conference,false,,,,false,false,0,
2025,regular,3,3,3,Week 3,2025-09-07,2385,Mercyhurst Lakers,MERC,FCS,Northeast Conference,false,,,,false,false,0,
2025,regular,3,3,3,Week 3,2025-09-07,2390,Miami Hurricanes,MIA,FBS,Atlantic Coast Conference,true,5,5,0,false,false,3,5
2025,regular,3,3,3,Week 3,2025-09-07,2393,Middle Tennessee Blue Raiders,MTSU,FBS,Conference USA,false,,,,false,false,0,
2025,regular,3,3,3,Week 3,2025-09-07,2405,Monmouth Hawks,MONM,FCS,Coastal Athletic Association,false,,,,false,false,0,
2025,regular,3,3,3,Week 3,2025-09-07,2415,Morgan State Bears,MORG,FCS,Mid-Eastern Athletic Conference,false,,,,false,false,0,
2025,regular,3,3,3,Week 3,2025-09-07,2426,Navy Midshipmen,NAVY,FBS,American Conference,false,,,,false,false,0,
2025,regular,3,3,3,Week 3,2025-09-07,2428,North Carolina Central Eagles,NCCU,FCS,Mid-Eastern Athletic Conference,false,,,,false,false,0,
2025,regular,3,3,3,Week 3,2025-09-07,2429,Charlotte 49ers,CLT,FBS,American Conference,false,,,,false,false,0,
2025,regular,3,3,3,Week 3,2025-09-07,2433,UL Monroe Warhawks,ULM,FBS,Sun Belt Conference,false,,,,false,false,0,
2025,regular,3,3,3,Week 3,2025-09-07,2439,UNLV Rebels,UNLV,FBS,Mountain West Conference,false,,,,false,false,0,
2025,regular,3,3,3,Week 3,2025-09-07,2440,Nevada Wolf Pack,NEV,FBS,Mountain West Conference,false,,,,false,false,0,
2025,regular,3,3,3,Week 3,2025-09-07,2447,Nicholls Colonels,NICH,FCS,Southland Conference,false,,,,false,false,0,
2025,regular,3,3,3,Week 3,2025-09-07,2448,North Carolina A&T Aggies,NCAT,FCS,Coastal Athletic Association,false,,,,false,false,0,
2025,regular,3,3,3,Week 3,2025-09-07,2449,North Dakota State Bison,NDSU,FCS,Missouri Valley Football Conference,false,,,,false,false,0,
2025,regular,3,3,3,Week 3,2025-09-07,2450,Norfolk State Spartans,NORF,FCS,Mid-Eastern Athletic Conference,false,,,,false,false,0,
2025,regular,3,3,3,Week 3,2025-09-07,2453,North Alabama Lions,UNA,FCS,United Athletic Conference,false,,,,false,false,0,
2025,regular,3,3,3,Week 3,2025-09-07,2458,Northern Colorado Bears,UNCO,FCS,Big Sky Conference,false,,,,false,false,0,
2025,regular,3,3,3,Week 3,2025-09-07,2459,Northern Illinois Huskies,NIU,FBS,Mid-American Conference,false,,,,false,false,0,
2025,regular,3,3,3,Week 3,2025-09-07,2460,Northern Iowa Panthers,UNI,FCS,Missouri Valley Football Conference,false,,,,false,false,0,
2025,regular,3,3,3,Week 3,2025-09-07,2464,Northern Arizona Lumberjacks,NAU,FCS,Big Sky Conference,false,,,,false,false,0,
2025,regular,3,3,3,Week 3,2025-09-07,2466,Northwestern State Demons,NWST,FCS,Southland Conference,false,,,,false,false,0,
2025,regular,3,3,3,Week 3,2025-09-07,2483,Oregon Ducks,ORE,FBS,Big Ten Conference,true,4,6,2,false,false,3,4
2025,regular,3,3,3,Week 3,2025-09-07,2502,Portland State Vikings,PRST,FCS,Big Sky Conference,false,,,,false,false,0,
2025,regular,3,3,3,Week 3,2025-09-07,2504,Prairie View A&M Panthers,PV,FCS,Southwestern Athletic Conference,false,,,,false,false,0,
2025,regular,3,3,3,Week 3,2025-09-07,2509,Purdue Boilermakers,PUR,FBS,Big Ten Conference,false,,,,false,false,0,
2025,regular,3,3,3,Week 3,2025-09-07,2523,Robert Morris Colonials,RMU,FCS,Northeast Conference,false,,,,false,false,0,
2025,regular,3,3,3,Week 3,2025-09-07,2534,Sam Houston Bearkats,SHSU,FBS,Conference USA,false,,,,false,false,0,
2025,regular,3,3,3,Week 3,2025-09-07,2535,Samford Bulldogs,SAM,FCS,Southern Conference,false,,,,false,false,0,
2025,regular,3,3,3,Week 3,2025-09-07,2545,SE Louisiana Lions,SELA,FCS,Southland Conference,false,,,,false,false,0,
2025,regular,3,3,3,Week 3,2025-09-07,2546,Southeast Missouri State Redhawks,SEMO,FCS,Ohio Valley Conference,false,,,,false,false,0,
2025,regular,3,3,3,Week 3,2025-09-07,2567,SMU Mustangs,SMU,FBS,Atlantic Coast Conference,false,,17,,false,true,2,16
2025,regular,3,3,3,Week 3,2025-09-07,2569,South Carolina State Bulldogs,SCST,FCS,Mid-Eastern Athletic Conference,false,,,,false,false,0,
2025,regular,3,3,3,Week 3,2025-09-07,2571,South Dakota State Jackrabbits,SDST,FCS,Missouri Valley Football Conference,false,,,,false,false,0,
2025,regular,3,3,3,Week 3,2025-09-07,2572,Southern Miss Golden Eagles,USM,FBS,Sun Belt Conference,false,,,,false,false,0,
2025,regular,3,3,3,Week 3,2025-09-07,2579,South Carolina Gamecocks,SC,FBS,Southeastern Conference,true,11,10,-1,false,false,3,10
2025,regular,3,3,3,Week 3,2025-09-07,2582,Southern Jaguars,SOU,FCS,Southwestern Athletic Conference,false,,,,false,false,0,
2025,regular,3,3,3,Week 3,2025-09-07,2598,Saint Francis Red Flash,SFPA,FCS,Northeast Conference,false,,,,false,false,0,
2025,regular,3,3,3,Week 3,2025-09-07,2617,Stephen F. Austin Lumberjacks,SFA,FCS,Southland Conference,false,,,,false,false,0,
2025,regular,3,3,3,Week 3,2025-09-07,2619,Stony Brook Seawolves,STBK,FCS,Coastal Athletic Association,false,,,,false,false,0,
2025,regular,3,3,3,Week 3,2025-09-07,2623,Missouri State Bears,MOST,FBS,Conference USA,false,,,,false,false,0,
2025,regular,3,3,3,Week 3,2025-09-07,2627,Tarleton State Texans,TAR,FCS,United Athletic Conference,false,,,,false,false,0,
2025,regular,3,3,3,Week 3,2025-09-07,2628,TCU Horned Frogs,TCU,FBS,Big 12 Conference,false,,,,false,false,0,
2025,regular,3,3,3,Week 3,2025-09-07,2630,UT Martin Skyhawks,UTM,FCS,Ohio Valley Conference,false,,,,false,false,0,
2025,regular,3,3,3,Week 3,2025-09-07,2633,Tennessee Volunteers,TENN,FBS,Southeastern Conference,true,15,22,7,false,false,3,15
2025,regular,3,3,3,Week 3,2025-09-07,2634,Tennessee State Tigers,TNST,FCS,Ohio Valley Conference,false,,,,false,false,0,
2025,regular,3,3,3,Week 3,2025-09-07,2635,Tennessee Tech Golden Eagles,TNTC,FCS,Ohio Valley Conference,false,,,,false,false,0,
2025,regular,3,3,3,Week 3,2025-09-07,2636,UTSA Roadrunners,UTSA,FBS,American Conference,false,,,,false,false,0,
2025,regular,3,3,3,Week 3,2025-09-07,2638,UTEP Miners,UTEP,FBS,Conference USA,false,,,,false,false,0,
2025,regular,3,3,3,Week 3,2025-09-07,2640,Texas Southern Tigers,TXSO,FCS,Southwestern Athletic Conference,false,,,,false,false,0,
2025,regular,3,3,3,Week 3,2025-09-07,2641,Texas Tech Red Raiders,TTU,FBS,Big 12 Conference,true,21,24,3,false,false,3,21
2025,regular,3,3,3,Week 3,2025-09-07,2643,The Citadel Bulldogs,CIT,FCS,Southern Conference,false,,,,false,false,0,
2025,regular,3,3,3,Week 3,2025-09-07,2649,Toledo Rockets,TOL,FBS,Mid-American Conference,false,,,,false,false,0,
2025,regular,3,3,3,Week 3,2025-09-07,2653,Troy Trojans,TROY,FBS,Sun Belt Conference,false,,,,false,false,0,
2025,regular,3,3,3,Week 3,2025-09-07,2655,Tulane Green Wave,TULN,FBS,American Conference,false,,,,false,false,0,
2025,regular,3,3,3,Week 3,2025-09-07,2678,VMI Keydets,VMI,FCS,Southern Conference,false,,,,false,false,0,
2025,regular,3,3,3,Week 3,2025-09-07,2681,Wagner Seahawks,WAG,FCS,Northeast Conference,false,,,,false,false,0,
2025,regular,3,3,3,Week 3,2025-09-07,2692,Weber State Wildcats,WEB,FCS,Big Sky Conference,false,,,,false,false,0,
2025,regular,3,3,3,Week 3,2025-09-07,2710,Western Illinois Leathernecks,WIU,FCS,Ohio Valley Conference,false,,,,false,false,0,
2025,regular,3,3,3,Week 3,2025-09-07,2711,Western Michigan Broncos,WMU,FBS,Mid-American Conference,false,,,,false,false,0,
2025,regular,3,3,3,Week 3,2025-09-07,2717,Western Carolina Catamounts,WCU,FCS,Southern Conference,false,,,,false,false,0,
2025,regular,3,3,3,Week 3,2025-09-07,2729,William & Mary Tribe,W&M,FCS,Coastal Athletic Association,false,,,,false,false,0,
2025,regular,3,3,3,Week 3,2025-09-07,2747,Wofford Terriers,WOF,FCS,Southern Conference,false,,,,false,false,0,
2025,regular,3,3,3,Week 3,2025-09-07,2751,Wyoming Cowboys,WYO,FBS,Mountain West Conference,false,,,,false,false,0,
2025,regular,3,3,3,Week 3,2025-09-07,2754,Youngstown State Penguins,YSU,FCS,Missouri Valley Football Conference,false,,,,false,false,0,
2025,regular,3,3,3,Week 3,2025-09-07,2755,Grambling Tigers,GRAM,FCS,Southwestern Athletic Conference,false,,,,false,false,0,
2025,regular,3,3,3,Week 3,2025-09-07,2771,Merrimack Warriors,MRMK,FCS,FCS Independents,false,,,,false,false,0,
2025,regular,3,3,3,Week 3,2025-09-07,2803,Bryant Bulldogs,BRY,FCS,Coastal Athletic Association,false,,,,false,false,0,
2025,regular,3,3,3,Week 3,2025-09-07,2815,Lindenwood Lions,LIN,FCS,Ohio Valley Conference,false,,,,false,false,0,
2025,regular,3,3,3,Week 3,2025-09-07,2837,East Texas A&M Lions,ETAM,FCS,Southland Conference,false,,,,false,false,0,
2025,regular,3,3,3,Week 3,2025-09-07,2900,St. Thomas-Minnesota Tommies,STMN,FCS,Pioneer Football League,false,,,,false,false,0,
2025,regular,3,3,3,Week 3,2025-09-07,2916,Incarnate Word Cardinals,UIW,FCS,Southland Conference,false,,,,false,false,0,
2025,regular,4,4,4,Week 4,2025-09-14,2,Auburn Tigers,AUB,FBS,Southeastern Conference,true,22,24,2,false,false,2,22
2025,regular,4,4,4,Week 4,2025-09-14,5,UAB Blazers,UAB,FBS,American Conference,false,,,,false,false,0,
2025,regular,4,4,4,Week 4,2025-09-14,6,South Alabama Jaguars,USA,FBS,Sun Belt Conference,false,,,,false,false,0,
2025,regular,4,4,4,Week 4,2025-09-14,8,Arkansas Razorbacks,ARK,FBS,Southeastern Conference,false,,,,false,false,0,
2025,regular,4,4,4,Week 4,2025-09-14,9,Arizona State Sun Devils,ASU,FBS,Big 12 Conference,false,,,,false,false,2,11
2025,regular,4,4,4,Week 4,2025-09-14,12,Arizona Wildcats,ARIZ,FBS,Big 12 Conference,false,,,,false,false,0,
2025,regular,4,4,4,Week 4,2025-09-14,13,Cal Poly Mustangs,CP,FCS,Big Sky Conference,false,,,,false,false,0,
2025,regular,4,4,4,Week 4,2025-09-14,16,Sacramento State Hornets,SAC,FCS,Big Sky Conference,false,,,,false,false,0,
2025,regular,4,4,4,Week 4,2025-09-14,21,San Diego State Aztecs,SDSU,FBS,Mountain West Conference,false,,,,false,false,0,
2025,regular,4,4,4,Week 4,2025-09-14,23,San José State Spartans,SJSU,FBS,Mountain West Conference,false,,,,false,false,0,
2025,regular,4,4,4,Week 4,2025-09-14,24,Stanford Cardinal,STAN,FBS,Atlantic Coast Conference,false,,,,false,false,0,
2025,regular,4,4,4,Week 4,2025-09-14,25,California Golden Bears,CAL,FBS,Atlantic Coast Conference,false,,,,false,false,0,
2025,regular,4,4,4,Week 4,2025-09-14,26,UCLA Bruins,UCLA,FBS,Big Ten Conference,false,,,,false,false,0,
2025,regular,4,4,4,Week 4,2025-09-14,30,USC Trojans,USC,FBS,Big Ten Conference,true,25,,,true,false,1,25
2025,regular,4,4,4,Week 4,2025-09-14,36,Colorado State Rams,CSU,FBS,Mountain West Conference,false,,,,false,false,0,
2025,regular,4,4,4,Week 4,2025-09-14,38,Colorado Buffaloes,COLO,FBS,Big 12 Conference,false,,,,false,false,0,
2025,regular,4,4,4,Week 4,2025-09-14,41,UConn Huskies,CONN,FBS,FBS Independents,false,,,,false,false,0,
2025,regular,4,4,4,Week 4,2025-09-14,47,Howard Bison,HOW,FCS,Mid-Eastern Athletic Conference,false,,,,false,false,0,
2025,regular,4,4,4,Week 4,2025-09-14,48,Delaware Blue Hens,DEL,FBS,Conference USA,false,,,,false,false,0,
2025,regular,4,4,4,Week 4,2025-09-14,50,Florida A&M Rattlers,FAMU,FCS,Southwestern Athletic Conference,false,,,,false,false,0,
2025,regular,4,4,4,Week 4,2025-09-14,52,Florida State Seminoles,FSU,FBS,Atlantic Coast Conference,true,7,10,3,false,false,3,7
2025,regular,4,4,4,Week 4,2025-09-14,55,Jacksonville State Gamecocks,JVST,FBS,Conference USA,false,,,,false,false,0,
2025,regular,4,4,4,Week 4,2025-09-14,57,Florida Gators,FLA,FBS,Southeastern Conference,false,,,,false,false,2,13
2025,regular,4,4,4,Week 4,2025-09-14,58,South Florida Bulls,USF,FBS,American Conference,false,,18,,false,true,1,18
2025,regular,4,4,4,Week 4,2025-09-14,59,Georgia Tech Yellow Jackets,GT,FBS,Atlantic Coast Conference,true,18,,,true,false,1,18
2025,regular,4,4,4,Week 4,2025-09-14,61,Georgia Bulldogs,UGA,FBS,Southeastern Conference,true,5,6,1,false,false,4,4
2025,regular,4,4,4,Week 4,2025-09-14,62,Hawai'i Rainbow Warriors,HAW,FBS,Mountain West Conference,false,,,,false,false,0,
2025,regular,4,4,4,Week 4,2025-09-14,66,Iowa State Cyclones,ISU,FBS,Big 12 Conference,true,12,14,2,false,false,4,12
2025,regular,4,4,4,Week 4,2025-09-14,68,Boise State Broncos,BOIS,FBS,Mountain West Conference,false,,,,false,false,1,25
2025,regular,4,4,4,Week 4,2025-09-14,70,Idaho Vandals,IDHO,FCS,Big Sky Conference,false,,,,false,false,0,
2025,regular,4,4,4,Week 4,2025-09-14,77,Northwestern Wildcats,NU,FBS,Big Ten Conference,false,,,,false,false,0,
2025,regular,4,4,4,Week 4,2025-09-14,79,Southern Illinois Salukis,SIU,FCS,Missouri Valley Football Conference,false,,,,false,false,0,
2025,regular,4,4,4,Week 4,2025-09-14,84,Indiana Hoosiers,IU,FBS,Big Ten Conference,true,19,22,3,false,false,4,19
2025,regular,4,4,4,Week 4,2025-09-14,87,Notre Dame Fighting Irish,ND,FBS,FBS Independents,true,24,8,-16,false,false,4,6
2025,regular,4,4,4,Week 4,2025-09-14,93,Murray State Racers,MUR,FCS,Missouri Valley Football Conference,false,,,,false,false,0,
2025,regular,4,4,4,Week 4,2025-09-14,96,Kentucky Wildcats,UK,FBS,Southeastern Conference,false,,,,false,false,0,
2025,regular,4,4,4,Week 4,2025-09-14,97,Louisville Cardinals,LOU,FBS,Atlantic Coast Conference,false,,,,false,false,0,
2025,regular,4,4,4,Week 4,2025-09-14,98,Western Kentucky Hilltoppers,WKU,FBS,Conference USA,false,,,,false,false,0,
2025,regular,4,4,4,Week 4,2025-09-14,99,LSU Tigers,LSU,FBS,Southeastern Conference,true,3,3,0,false,false,4,3
2025,regular,4,4,4,Week 4,2025-09-14,103,Boston College Eagles,BC,FBS,Atlantic Coast Conference,false,,,,false,false,0,
2025,regular,4,4,4,Week 4,2025-09-14,107,Holy Cross Crusaders,HC,FCS,Patriot League,false,,,,false,false,0,
2025,regular,4,4,4,Week 4,2025-09-14,113,Massachusetts Minutemen,MASS,FBS,Mid-American Conference,false,,,,false,false,0,
2025,regular,4,4,4,Week 4,2025-09-14,119,Towson Tigers,TOW,FCS,Coastal Athletic Association,false,,,,false,false,0,
2025,regular,4,4,4,Week 4,2025-09-14,120,Maryland Terrapins,MD,FBS,Big Ten Conference,false,,,,false,false,0,
2025,regular,4,4,4,Week 4,2025-09-14,127,Michigan State Spartans,MSU,FBS,Big Ten Conference,false,,,,false,false,0,
2025,regular,4,4,4,Week 4,2025-09-14,130,Michigan Wolverines,MICH,FBS,Big Ten Conference,true,21,23,2,false,false,4,14
2025,regular,4,4,4,Week 4,2025-09-14,135,Minnesota Golden Gophers,MINN,FBS,Big Ten Conference,false,,,,false,false,0,
2025,regular,4,4,4,Week 4,2025-09-14,142,Missouri Tigers,MIZ,FBS,Southeastern Conference,true,23,25,2,false,false,2,23
2025,regular,4,4,4,Week 4,2025-09-14,145,Ole Miss Rebels,MISS,FBS,Southeastern Conference,true,13,17,4,false,false,4,13
2025,regular,4,4,4,Week 4,2025-09-14,147,Montana State Bobcats,MTST,FCS,Big Sky Conference,false,,,,false,false,0,
2025,regular,4,4,4,Week 4,2025-09-14,149,Montana Grizzlies,MONT,FCS,Big Sky Conference,false,,,,false,false,0,
2025,regular,4,4,4,Week 4,2025-09-14,150,Duke Blue Devils,DUKE,FBS,Atlantic Coast Conference,false,,,,false,false,0,
2025,regular,4,4,4,Week 4,2025-09-14,151,East Carolina Pirates,ECU,FBS,American Conference,false,,,,false,false,0,
2025,regular,4,4,4,Week 4,2025-09-14,152,NC State Wolfpack,NCSU,FBS,Atlantic Coast Conference,false,,,,false,false,0,
2025,regular,4,4,4,Week 4,2025-09-14,153,North Carolina Tar Heels,UNC,FBS,Atlantic Coast Conference,false,,,,false,false,0,
2025,regular,4,4,4,Week 4,2025-09-14,154,Wake Forest Demon Deacons,WAKE,FBS,Atlantic Coast Conference,false,,,,false,false,0,
2025,regular,4,4,4,Week 4,2025-09-14,155,North Dakota Fighting Hawks,UND,FCS,Missouri Valley Football Conference,false,,,,false,false,0,
2025,regular,4,4,4,Week 4,2025-09-14,158,Nebraska Cornhuskers,NEB,FBS,Big Ten Conference,false,,,,false,false,0,
2025,regular,4,4,4,Week 4,2025-09-14,160,New Hampshire Wildcats,UNH,FCS,Coastal Athletic Association,false,,,,false,false,0,
2025,regular,4,4,4,Week 4,2025-09-14,164,Rutgers Scarlet Knights,RUTG,FBS,Big Ten Conference,false,,,,false,false,0,
2025,regular,4,4,4,Week 4,2025-09-14,166,New Mexico State Aggies,NMSU,FBS,Conference USA,false,,,,false,false,0,
2025,regular,4,4,4,Week 4,2025-09-14,167,New Mexico Lobos,UNM,FBS,Mountain West Conference,false,,,,false,false,0,
2025,regular,4,4,4,Week 4,2025-09-14,183,Syracuse Orange,SYR,FBS,Atlantic Coast Conference,false,,,,false,false,0,
2025,regular,4,4,4,Week 4,2025-09-14,189,Bowling Green Falcons,BGSU,FBS,Mid-American Conference,false,,,,false,false,0,
2025,regular,4,4,4,Week 4,2025-09-14,193,Miami (OH) RedHawks,M-OH,FBS,Mid-American Conference,false,,,,false,false,0,
2025,regular,4,4,4,Week 4,2025-09-14,194,Ohio State Buckeyes,OSU,FBS,Big Ten Conference,true,1,1,0,false,false,4,1
2025,regular,4,4,4,Week 4,2025-09-14,195,Ohio Bobcats,OHIO,FBS,Mid-American Conference,false,,,,false,false,0,
2025,regular,4,4,4,Week 4,2025-09-14,197,Oklahoma State Cowboys,OKST,FBS,Big 12 Conference,false,,,,false,false,0,
2025,regular,4,4,4,Week 4,2025-09-14,201,Oklahoma Sooners,OU,FBS,Southeastern Conference,true,11,13,2,false,false,4,11
2025,regular,4,4,4,Week 4,2025-09-14,202,Tulsa Golden Hurricane,TLSA,FBS,American Conference,false,,,,false,false,0,
2025,regular,4,4,4,Week 4,2025-09-14,204,Oregon State Beavers,ORST,FBS,Pac-12 Conference,false,,,,false,false,0,
2025,regular,4,4,4,Week 4,2025-09-14,213,Penn State Nittany Lions,PSU,FBS,Big Ten Conference,true,2,2,0,false,false,4,2
2025,regular,4,4,4,Week 4,2025-09-14,218,Temple Owls,TEM,FBS,American Conference,false,,,,false,false,0,
2025,regular,4,4,4,Week 4,2025-09-14,221,Pittsburgh Panthers,PITT,FBS,Atlantic Coast Conference,false,,,,false,false,0,
2025,regular,4,4,4,Week 4,2025-09-14,222,Villanova Wildcats,VILL,FCS,Coastal Athletic Association,false,,,,false,false,0,
2025,regular,4,4,4,Week 4,2025-09-14,227,Rhode Island Rams,URI,FCS,Coastal Athletic Association,false,,,,false,false,0,
2025,regular,4,4,4,Week 4,2025-09-14,228,Clemson Tigers,CLEM,FBS,Atlantic Coast Conference,false,,12,,false,true,3,4
2025,regular,4,4,4,Week 4,2025-09-14,231,Furman Paladins,FUR,FCS,Southern Conference,false,,,,false,false,0,
2025,regular,4,4,4,Week 4,2025-09-14,233,South Dakota Coyotes,SDAK,FCS,Missouri Valley Football Conference,false,,,,false,false,0,
2025,regular,4,4,4,Week 4,2025-09-14,235,Memphis Tigers,MEM,FBS,American Conference,false,,,,false,false,0,
2025,regular,4,4,4,Week 4,2025-09-14,236,Chattanooga Mocs,UTC,FCS,Southern Conference,false,,,,false,false,0,
2025,regular,4,4,4,Week 4,2025-09-14,238,Vanderbilt Commodores,VAN,FBS,Southeastern Conference,true,20,,,true,false,1,20
2025,regular,4,4,4,Week 4,2025-09-14,239,Baylor Bears,BAY,FBS,Big 12 Conference,false,,,,false,false,0,
2025,regular,4,4,4,Week 4,2025-09-14,242,Rice Owls,RICE,FBS,American Conference,false,,,,false,false,0,
2025,regular,4,4,4,Week 4,2025-09-14,245,Texas A&M Aggies,TA&M,FBS,Southeastern Conference,true,10,16,6,false,false,4,10
2025,regular,4,4,4,Week 4,2025-09-14,248,Houston Cougars,HOU,FBS,Big 12 Conference,false,,,,false,false,0,
2025,regular,4,4,4,Week 4,2025-09-14,249,North Texas Mean Green,UNT,FBS,American Conference,false,,,,false,false,0,
2025,regular,4,4,4,Week 4,2025-09-14,251,Texas Longhorns,TEX,FBS,Southeastern Conference,true,8,7,-1,false,false,4,1
2025,regular,4,4,4,Week 4,2025-09-14,252,BYU Cougars,BYU,FBS,Big 12 Conference,false,,,,false,false,0,
2025,regular,4,4,4,Week 4,2025-09-14,254,Utah Utes,UTAH,FBS,Big 12 Conference,true,16,20,4,false,false,3,16
2025,regular,4,4,4,Week 4,2025-09-14,256,James Madison Dukes,JMU,FBS,Sun Belt Conference,false,,,,false,false,0,
2025,regular,4,4,4,Week 4,2025-09-14,257,Richmond Spiders,RICH,FCS,Patriot League,false,,,,false,false,0,
2025,regular,4,4,4,Week 4,2025-09-14,258,Virginia Cavaliers,UVA,FBS,Atlantic Coast Conference,false,,,,false,false,0,
2025,regular,4,4,4,Week 4,2025-09-14,259,Virginia Tech Hokies,VT,FBS,Atlantic Coast Conference,false,,,,false,false,0,
2025,regular,4,4,4,Week 4,2025-09-14,264,Washington Huskies,WASH,FBS,Big Ten Conference,false,,,,false,false,0,
2025,regular,4,4,4,Week 4,2025-09-14,265,Washington State Cougars,WSU,FBS,Pac-12 Conference,false,,,,false,false,0,
2025,regular,4,4,4,Week 4,2025-09-14,275,Wisconsin Badgers,WIS,FBS,Big Ten Conference,false,,,,false,false,0,
2025,regular,4,4,4,Week 4,2025-09-14,276,Marshall Thundering Herd,MRSH,FBS,Sun Belt Conference,false,,,,false,false,0,
2025,regular,4,4,4,Week 4,2025-09-14,277,West Virginia Mountaineers,WVU,FBS,Big 12 Conference,false,,,,false,false,0,
2025,regular,4,4,4,Week 4,2025-09-14,278,Fresno State Bulldogs,FRES,FBS,Mountain West Conference,false,,,,false,false,0,
2025,regular,4,4,4,Week 4,2025-09-14,282,Indiana State Sycamores,INST,FCS,Missouri Valley Football Conference,false,,,,false,false,0,
2025,regular,4,4,4,Week 4,2025-09-14,290,Georgia Southern Eagles,GASO,FBS,Sun Belt Conference,false,,,,false,false,0,
2025,regular,4,4,4,Week 4,2025-09-14,295,Old Dominion Monarchs,ODU,FBS,Sun Belt Conference,false,,,,false,false,0,
2025,regular,4,4,4,Week 4,2025-09-14,302,UC Davis Aggies,UCD,FCS,Big Sky Conference,false,,,,false,false,0,
2025,regular,4,4,4,Week 4,2025-09-14,304,Idaho State Bengals,IDST,FCS,Big Sky Conference,false,,,,false,false,0,
2025,regular,4,4,4,Week 4,2025-09-14,309,Louisiana Ragin' Cajuns,UL,FBS,Sun Belt Conference,false,,,,false,false,0,
2025,regular,4,4,4,Week 4,2025-09-14,311,Maine Black Bears,ME,FCS,Coastal Athletic Association,false,,,,false,false,0,
2025,regular,4,4,4,Week 4,2025-09-14,322,Lafayette Leopards,LAF,FCS,Patriot League,false,,,,false,false,0,
2025,regular,4,4,4,Week 4,2025-09-14,324,Coastal Carolina Chanticleers,CCU,FBS,Sun Belt Conference,false,,,,false,false,0,
2025,regular,4,4,4,Week 4,2025-09-14,326,Texas State Bobcats,TXST,FBS,Sun Belt Conference,false,,,,false,false,0,
2025,regular,4,4,4,Week 4,2025-09-14,328,Utah State Aggies,USU,FBS,Mountain West Conference,false,,,,false,false,0,
2025,regular,4,4,4,Week 4,2025-09-14,331,Eastern Washington Eagles,EWU,FCS,Big Sky Conference,false,,,,false,false,0,
2025,regular,4,4,4,Week 4,2025-09-14,333,Alabama Crimson Tide,ALA,FBS,Southeastern Conference,true,14,19,5,false,false,4,8
2025,regular,4,4,4,Week 4,2025-09-14,338,Kennesaw State Owls,KENN,FBS,Conference USA,false,,,,false,false,0,
2025,regular,4,4,4,Week 4,2025-09-14,344,Mississippi State Bulldogs,MSST,FBS,Southeastern Conference,false,,,,false,false,0,
2025,regular,4,4,4,Week 4,2025-09-14,349,Army Black Knights,ARMY,FBS,American Conference,false,,,,false,false,0,
2025,regular,4,4,4,Week 4,2025-09-14,356,Illinois Fighting Illini,ILL,FBS,Big Ten Conference,true,9,9,0,false,false,4,9
2025,regular,4,4,4,Week 4,2025-09-14,399,UAlbany Great Danes,ALB,FCS,Coastal Athletic Association,false,,,,false,false,0,
2025,regular,4,4,4,Week 4,2025-09-14,2000,Abilene Christian Wildcats,ACU,FCS,United Athletic Conference,false,,,,false,false,0,
2025,regular,4,4,4,Week 4,2025-09-14,2005,Air Force Falcons,AFA,FBS,Mountain West Conference,false,,,,false,false,0,
2025,regular,4,4,4,Week 4,2025-09-14,2006,Akron Zips,AKR,FBS,Mid-American Conference,false,,,,false,false,0,
2025,regular,4,4,4,Week 4,2025-09-14,2010,Alabama A&M Bulldogs,AAMU,FCS,Southwestern Athletic Conference,false,,,,false,false,0,
2025,regular,4,4,4,Week 4,2025-09-14,2011,Alabama State Hornets,ALST,FCS,Southwestern Athletic Conference,false,,,,false,false,0,
2025,regular,4,4,4,Week 4,2025-09-14,2016,Alcorn State Braves,ALCN,FCS,Southwestern Athletic Conference,false,,,,false,false,0,
2025,regular,4,4,4,Week 4,2025-09-14,2026,App State Mountaineers,APP,FBS,Sun Belt Conference,false,,,,false,false,0,
2025,regular,4,4,4,Week 4,2025-09-14,2029,Arkansas-Pine Bluff Golden Lions,UAPB,FCS,Southwestern Athletic Conference,false,,,,false,false,0,
2025,regular,4,4,4,Week 4,2025-09-14,2032,Arkansas State Red Wolves,ARST,FBS,Sun Belt Conference,false,,,,false,false,0,
2025,regular,4,4,4,Week 4,2025-09-14,2046,Austin Peay Governors,APSU,FCS,United Athletic Conference,false,,,,false,false,0,
2025,regular,4,4,4,Week 4,2025-09-14,2050,Ball State Cardinals,BALL,FBS,Mid-American Conference,false,,,,false,false,0,
2025,regular,4,4,4,Week 4,2025-09-14,2065,Bethune-Cookman Wildcats,BCU,FCS,Southwestern Athletic Conference,false,,,,false,false,0,
2025,regular,4,4,4,Week 4,2025-09-14,2083,Bucknell Bison,BUCK,FCS,Patriot League,false,,,,false,false,0,
2025,regular,4,4,4,Week 4,2025-09-14,2084,Buffalo Bulls,BUFF,FBS,Mid-American Conference,false,,,,false,false,0,
2025,regular,4,4,4,Week 4,2025-09-14,2097,Campbell Fighting Camels,CAM,FCS,Coastal Athletic Association,false,,,,false,false,0,
2025,regular,4,4,4,Week 4,2025-09-14,2110,Central Arkansas Bears,CARK,FCS,United Athletic Conference,false,,,,false,false,0,
2025,regular,4,4,4,Week 4,2025-09-14,2115,Central Connecticut Blue Devils,CCSU,FCS,Northeast Conference,false,,,,false,false,0,
2025,regular,4,4,4,Week 4,2025-09-14,2116,UCF Knights,UCF,FBS,Big 12 Conference,false,,,,false,false,0,
2025,regular,4,4,4,Week 4,2025-09-14,2117,Central Michigan Chippewas,CMU,FBS,Mid-American Conference,false,,,,false,false,0,
2025,regular,4,4,4,Week 4,2025-09-14,2127,Charleston Southern Buccaneers,CHSO,FCS,Ohio Valley Conference,false,,,,false,false,0,
2025,regular,4,4,4,Week 4,2025-09-14,2132,Cincinnati Bearcats,CIN,FBS,Big 12 Conference,false,,,,false,false,0,
2025,regular,4,4,4,Week 4,2025-09-14,2142,Colgate Raiders,COLG,FCS,Patriot League,false,,,,false,false,0,
2025,regular,4,4,4,Week 4,2025-09-14,2169,Delaware State Hornets,DSU,FCS,Mid-Eastern Athletic Conference,false,,,,false,false,0,
2025,regular,4,4,4,Week 4,2025-09-14,2184,Duquesne Dukes,DUQ,FCS,Northeast Conference,false,,,,false,false,0,
2025,regular,4,4,4,Week 4,2025-09-14,2193,East Tennessee State Buccaneers,ETSU,FCS,Southern Conference,false,,,,false,false,0,
2025,regular,4,4,4,Week 4,2025-09-14,2197,Eastern Illinois Panthers,EIU,FCS,Ohio Valley Conference,false,,,,false,false,0,
2025,regular,4,4,4,Week 4,2025-09-14,2198,Eastern Kentucky Colonels,EKU,FCS,United Athletic Conference,false,,,,false,false,0,
2025,regular,4,4,4,Week 4,2025-09-14,2199,Eastern Michigan Eagles,EMU,FBS,Mid-American Conference,false,,,,false,false,0,
2025,regular,4,4,4,Week 4,2025-09-14,2210,Elon Phoenix,ELON,FCS,Coastal Athletic Association,false,,,,false,false,0,
2025,regular,4,4,4,Week 4,2025-09-14,2226,Florida Atlantic Owls,FAU,FBS,American Conference,false,,,,false,false,0,
2025,regular,4,4,4,Week 4,2025-09-14,2229,Florida International Panthers,FIU,FBS,Conference USA,false,,,,false,false,0,
2025,regular,4,4,4,Week 4,2025-09-14,2230,Fordham Rams,FOR,FCS,Patriot League,false,,,,false,false,0,
2025,regular,4,4,4,Week 4,2025-09-14,2241,Gardner-Webb Runnin' Bulldogs,GWEB,FCS,Ohio Valley Conference,false,,,,false,false,0,
2025,regular,4,4,4,Week 4,2025-09-14,2247,Georgia State Panthers,GAST,FBS,Sun Belt Conference,false,,,,false,false,0,
2025,regular,4,4,4,Week 4,2025-09-14,2277,Houston Christian Huskies,HCU,FCS,Southland Conference,false,,,,false,false,0,
2025,regular,4,4,4,Week 4,2025-09-14,2287,Illinois State Redbirds,ILST,FCS,Missouri Valley Football Conference,false,,,,false,false,0,
2025,regular,4,4,4,Week 4,2025-09-14,2294,Iowa Hawkeyes,IOWA,FBS,Big Ten Conference,false,,,,false,false,0,
2025,regular,4,4,4,Week 4,2025-09-14,2296,Jackson State Tigers,JKST,FCS,Southwestern Athletic Conference,false,,,,false,false,0,
2025,regular,4,4,4,Week 4,2025-09-14,2305,Kansas Jayhawks,KU,FBS,Big 12 Conference,false,,,,false,false,0,
2025,regular,4,4,4,Week 4,2025-09-14,2306,Kansas State Wildcats,KSU,FBS,Big 12 Conference,false,,,,false,false,1,17
2025,regular,4,4,4,Week 4,2025-09-14,2309,Kent State Golden Flashes,KENT,FBS,Mid-American Conference,false,,,,false,false,0,
2025,regular,4,4,4,Week 4,2025-09-14,2320,Lamar Cardinals,LAM,FCS,Southland Conference,false,,,,false,false,0,
2025,regular,4,4,4,Week 4,2025-09-14,2335,Liberty Flames,LIB,FBS,Conference USA,false,,,,false,false,0,
2025,regular,4,4,4,Week 4,2025-09-14,2341,Long Island University Sharks,LIU,FCS,Northeast Conference,false,,,,false,false,0,
2025,regular,4,4,4,Week 4,2025-09-14,2348,Louisiana Tech Bulldogs,LT,FBS,Conference USA,false,,,,false,false,0,
2025,regular,4,4,4,Week 4,2025-09-14,2377,McNeese Cowboys,MCN,FCS,Southland Conference,false,,,,false,false,0,
2025,regular,4,4,4,Week 4,2025-09-14,2382,Mercer Bears,MER,FCS,Southern Conference,false,,,,false,false,0,
2025,regular,4,4,4,Week 4,2025-09-14,2385,Mercyhurst Lakers,MERC,FCS,Northeast Conference,false,,,,false,false,0,
2025,regular,4,4,4,Week 4,2025-09-14,2390,Miami Hurricanes,MIA,FBS,Atlantic Coast Conference,true,4,5,1,false,false,4,4
2025,regular,4,4,4,Week 4,2025-09-14,2393,Middle Tennessee Blue Raiders,MTSU,FBS,Conference USA,false,,,,false,false,0,
2025,regular,4,4,4,Week 4,2025-09-14,2405,Monmouth Hawks,MONM,FCS,Coastal Athletic Association,false,,,,false,false,0,
2025,regular,4,4,4,Week 4,2025-09-14,2415,Morgan State Bears,MORG,FCS,Mid-Eastern Athletic Conference,false,,,,false,false,0,
2025,regular,4,4,4,Week 4,2025-09-14,2426,Navy Midshipmen,NAVY,FBS,American Conference,false,,,,false,false,0,
2025,regular,4,4,4,Week 4,2025-09-14,2428,North Carolina Central Eagles,NCCU,FCS,Mid-Eastern Athletic Conference,false,,,,false,false,0,
2025,regular,4,4,4,Week 4,2025-09-14,2429,Charlotte 49ers,CLT,FBS,American Conference,false,,,,false,false,0,
2025,regular,4,4,4,Week 4,2025-09-14,2433,UL Monroe Warhawks,ULM,FBS,Sun Belt Conference,false,,,,false,false,0,
2025,regular,4,4,4,Week 4,2025-09-14,2439,UNLV Rebels,UNLV,FBS,Mountain West Conference,false,,,,false,false,0,
2025,regular,4,4,4,Week 4,2025-09-14,2440,Nevada Wolf Pack,NEV,FBS,Mountain West Conference,false,,,,false,false,0,
2025,regular,4,4,4,Week 4,2025-09-14,2447,Nicholls Colonels,NICH,FCS,Southland Conference,false,,,,false,false,0,
2025,regular,4,4,4,Week 4,2025-09-14,2448,North Carolina A&T Aggies,NCAT,FCS,Coastal Athletic Association,false,,,,false,false,0,
2025,regular,4,4,4,Week 4,2025-09-14,2449,North Dakota State Bison,NDSU,FCS,Missouri Valley Football Conference,false,,,,false,false,0,
2025,regular,4,4,4,Week 4,2025-09-14,2450,Norfolk State Spartans,NORF,FCS,Mid-Eastern Athletic Conference,false,,,,false,false,0,
2025,regular,4,4,4,Week 4,2025-09-14,2453,North Alabama Lions,UNA,FCS,United Athletic Conference,false,,,,false,false,0,
2025,regular,4,4,4,Week 4,2025-09-14,2458,Northern Colorado Bears,UNCO,FCS,Big Sky Conference,false,,,,false,false,0,
2025,regular,4,4,4,Week 4,2025-09-14,2459,Northern Illinois Huskies,NIU,FBS,Mid-American Conference,false,,,,false,false,0,
2025,regular,4,4,4,Week 4,2025-09-14,2460,Northern Iowa Panthers,UNI,FCS,Missouri Valley Football Conference,false,,,,false,false,0,
2025,regular,4,4,4,Week 4,2025-09-14,2464,Northern Arizona Lumberjacks,NAU,FCS,Big Sky Conference,false,,,,false,false,0,
2025,regular,4,4,4,Week 4,2025-09-14,2466,Northwestern State Demons,NWST,FCS,Southland Conference,false,,,,false,false,0,
2025,regular,4,4,4,Week 4,2025-09-14,2483,Oregon Ducks,ORE,FBS,Big Ten Conference,true,6,4,-2,false,false,4,4
2025,regular,4,4,4,Week 4,2025-09-14,2502,Portland State Vikings,PRST,FCS,Big Sky Conference,false,,,,false,false,0,
2025,regular,4,4,4,Week 4,2025-09-14,2504,Prairie View A&M Panthers,PV,FCS,Southwestern Athletic Conference,false,,,,false,false,0,
2025,regular,4,4,4,Week 4,2025-09-14,2509,Purdue Boilermakers,PUR,FBS,Big Ten Conference,false,,,,false,false,0,
2025,regular,4,4,4,Week 4,2025-09-14,2523,Robert Morris Colonials,RMU,FCS,Northeast Conference,false,,,,false,false,0,
2025,regular,4,4,4,Week 4,2025-09-14,2534,Sam Houston Bearkats,SHSU,FBS,Conference USA,false,,,,false,false,0,
2025,regular,4,4,4,Week 4,2025-09-14,2535,Samford Bulldogs,SAM,FCS,Southern Conference,false,,,,false,false,0,
2025,regular,4,4,4,Week 4,2025-09-14,2545,SE Louisiana Lions,SELA,FCS,Southland Conference,false,,,,false,false,0,
2025,regular,4,4,4,Week 4,2025-09-14,2546,Southeast Missouri State Redhawks,SEMO,FCS,Ohio Valley Conference,false,,,,false,false,0,
2025,regular,4,4,4,Week 4,2025-09-14,2567,SMU Mustangs,SMU,FBS,Atlantic Coast Conference,false,,,,false,false,2,16
2025,regular,4,4,4,Week 4,2025-09-14,2569,South Carolina State Bulldogs,SCST,FCS,Mid-Eastern Athletic Conference,false,,,,false,false,0,
2025,regular,4,4,4,Week 4,2025-09-14,2571,South Dakota State Jackrabbits,SDST,FCS,Missouri Valley Football Conference,false,,,,false,false,0,
2025,regular,4,4,4,Week 4,2025-09-14,2572,Southern Miss Golden Eagles,USM,FBS,Sun Belt Conference,false,,,,false,false,0,
2025,regular,4,4,4,Week 4,2025-09-14,2579,South Carolina Gamecocks,SC,FBS,Southeastern Conference,false,,11,,false,true,3,10
2025,regular,4,4,4,Week 4,2025-09-14,2582,Southern Jaguars,SOU,FCS,Southwestern Athletic Conference,false,,,,false,false,0,
2025,regular,4,4,4,Week 4,2025-09-14,2598,Saint Francis Red Flash,SFPA,FCS,Northeast Conference,false,,,,false,false,0,
2025,regular,4,4,4,Week 4,2025-09-14,2617,Stephen F. Austin Lumberjacks,SFA,FCS,Southland Conference,false,,,,false,false,0,
2025,regular,4,4,4,Week 4,2025-09-14,2619,Stony Brook Seawolves,STBK,FCS,Coastal Athletic Association,false,,,,false,false,0,
2025,regular,4,4,4,Week 4,2025-09-14,2623,Missouri State Bears,MOST,FBS,Conference USA,false,,,,false,false,0,
2025,regular,4,4,4,Week 4,2025-09-14,2627,Tarleton State Texans,TAR,FCS,United Athletic Conference,false,,,,false,false,0,
2025,regular,4,4,4,Week 4,2025-09-14,2628,TCU Horned Frogs,TCU,FBS,Big 12 Conference,false,,,,false,false,0,
2025,regular,4,4,4,Week 4,2025-09-14,2630,UT Martin Skyhawks,UTM,FCS,Ohio Valley Conference,false,,,,false,false,0,
2025,regular,4,4,4,Week 4,2025-09-14,2633,Tennessee Volunteers,TENN,FBS,Southeastern Conference,true,15,15,0,false,false,4,15
2025,regular,4,4,4,Week 4,2025-09-14,2634,Tennessee State Tigers,TNST,FCS,Ohio Valley Conference,false,,,,false,false,0,
2025,regular,4,4,4,Week 4,2025-09-14,2635,Tennessee Tech Golden Eagles,TNTC,FCS,Ohio Valley Conference,false,,,,false,false,0,
2025,regular,4,4,4,Week 4,2025-09-14,2636,UTSA Roadrunners,UTSA,FBS,American Conference,false,,,,false,false,0,
2025,regular,4,4,4,Week 4,2025-09-14,2638,UTEP Miners,UTEP,FBS,Conference USA,false,,,,false,false,0,
2025,regular,4,4,4,Week 4,2025-09-14,2640,Texas Southern Tigers,TXSO,FCS,Southwestern Athletic Conference,false,,,,false,false,0,
2025,regular,4,4,4,Week 4,2025-09-14,2641,Texas Tech Red Raiders,TTU,FBS,Big 12 Conference,true,17,21,4,false,false,4,17
2025,regular,4,4,4,Week 4,2025-09-14,2643,The Citadel Bulldogs,CIT,FCS,Southern Conference,false,,,,false,false,0,
2025,regular,4,4,4,Week 4,2025-09-14,2649,Toledo Rockets,TOL,FBS,Mid-American Conference,false,,,,false,false,0,
2025,regular,4,4,4,Week 4,2025-09-14,2653,Troy Trojans,TROY,FBS,Sun Belt Conference,false,,,,false,false,0,
2025,regular,4,4,4,Week 4,2025-09-14,2655,Tulane Green Wave,TULN,FBS,American Conference,false,,,,false,false,0,
2025,regular,4,4,4,Week 4,2025-09-14,2678,VMI Keydets,VMI,FCS,Southern Conference,false,,,,false,false,0,
2025,regular,4,4,4,Week 4,2025-09-14,2681,Wagner Seahawks,WAG,FCS,Northeast Conference,false,,,,false,false,0,
2025,regular,4,4,4,Week 4,2025-09-14,2692,Weber State Wildcats,WEB,FCS,Big Sky Conference,false,,,,false,false,0,
2025,regular,4,4,4,Week 4,2025-09-14,2710,Western Illinois Leathernecks,WIU,FCS,Ohio Valley Conference,false,,,,false,false,0,
2025,regular,4,4,4,Week 4,2025-09-14,2711,Western Michigan Broncos,WMU,FBS,Mid-American Conference,false,,,,false,false,0,
2025,regular,4,4,4,Week 4,2025-09-14,2717,Western Carolina Catamounts,WCU,FCS,Southern Conference,false,,,,false,false,0,
2025,regular,4,4,4,Week 4,2025-09-14,2729,William & Mary Tribe,W&M,FCS,Coastal Athletic Association,false,,,,false,false,0,
2025,regular,4,4,4,Week 4,2025-09-14,2747,Wofford Terriers,WOF,FCS,Southern Conference,false,,,,false,false,0,
2025,regular,4,4,4,Week 4,2025-09-14,2751,Wyoming Cowboys,WYO,FBS,Mountain West Conference,false,,,,false,false,0,
2025,regular,4,4,4,Week 4,2025-09-14,2754,Youngstown State Penguins,YSU,FCS,Missouri Valley Football Conference,false,,,,false,false,0,
2025,regular,4,4,4,Week 4,2025-09-14,2755,Grambling Tigers,GRAM,FCS,Southwestern Athletic Conference,false,,,,false,false,0,
2025,regular,4,4,4,Week 4,2025-09-14,2771,Merrimack Warriors,MRMK,FCS,FCS Independents,false,,,,false,false,0,
2025,regular,4,4,4,Week 4,2025-09-14,2803,Bryant Bulldogs,BRY,FCS,Coastal Athletic Association,false,,,,false,false,0,
2025,regular,4,4,4,Week 4,2025-09-14,2815,Lindenwood Lions,LIN,FCS,Ohio Valley Conference,false,,,,false,false,0,
2025,regular,4,4,4,Week 4,2025-09-14,2837,East Texas A&M Lions,ETAM,FCS,Southland Conference,false,,,,false,false,0,
2025,regular,4,4,4,Week 4,2025-09-14,2900,St. Thomas-Minnesota Tommies,STMN,FCS,Pioneer Football League,false,,,,false,false,0,
2025,regular,4,4,4,Week 4,2025-09-14,2916,Incarnate Word Cardinals,UIW,FCS,Southland Conference,false,,,,false,false,0,
2025,regular,5,5,5,Week 5,2025-09-21,2,Auburn Tigers,AUB,FBS,Southeastern Conference,false,,22,,false,true,2,22
2025,regular,5,5,5,Week 5,2025-09-21,5,UAB Blazers,UAB,FBS,American Conference,false,,,,false,false,0,
2025,regular,5,5,5,Week 5,2025-09-21,6,South Alabama Jaguars,USA,FBS,Sun Belt Conference,false,,,,false,false,0,
2025,regular,5,5,5,Week 5,2025-09-21,8,Arkansas Razorbacks,ARK,FBS,Southeastern Conference,false,,,,false,false,0,
2025,regular,5,5,5,Week 5,2025-09-21,9,Arizona State Sun Devils,ASU,FBS,Big 12 Conference,false,,,,false,false,2,11
2025,regular,5,5,5,Week 5,2025-09-21,12,Arizona Wildcats,ARIZ,FBS,Big 12 Conference,false,,,,false,false,0,
2025,regular,5,5,5,Week 5,2025-09-21,13,Cal Poly Mustangs,CP,FCS,Big Sky Conference,false,,,,false,false,0,
2025,regular,5,5,5,Week 5,2025-09-21,16,Sacramento State Hornets,SAC,FCS,Big Sky Conference,false,,,,false,false,0,
2025,regular,5,5,5,Week 5,2025-09-21,21,San Diego State Aztecs,SDSU,FBS,Mountain West Conference,false,,,,false,false,0,
2025,regular,5,5,5,Week 5,2025-09-21,23,San José State Spartans,SJSU,FBS,Mountain West Conference,false,,,,false,false,0,
2025,regular,5,5,5,Week 5,2025-09-21,24,Stanford Cardinal,STAN,FBS,Atlantic Coast Conference,false,,,,false,false,0,
2025,regular,5,5,5,Week 5,2025-09-21,25,California Golden Bears,CAL,FBS,Atlantic Coast Conference,false,,,,false,false,0,
2025,regular,5,5,5,Week 5,2025-09-21,26,UCLA Bruins,UCLA,FBS,Big Ten Conference,false,,,,false,false,0,
2025,regular,5,5,5,Week 5,2025-09-21,30,USC Trojans,USC,FBS,Big Ten Conference,true,21,25,4,false,false,2,21
2025,regular,5,5,5,Week 5,2025-09-21,36,Colorado State Rams,CSU,FBS,Mountain West Conference,false,,,,false,false,0,
2025,regular,5,5,5,Week 5,2025-09-21,38,Colorado Buffaloes,COLO,FBS,Big 12 Conference,false,,,,false,false,0,
2025,regular,5,5,5,Week 5,2025-09-21,41,UConn Huskies,CONN,FBS,FBS Independents,false,,,,false,false,0,
2025,regular,5,5,5,Week 5,2025-09-21,47,Howard Bison,HOW,FCS,Mid-Eastern Athletic Conference,false,,,,false,false,0,
2025,regular,5,5,5,Week 5,2025-09-21,48,Delaware Blue Hens,DEL,FBS,Conference USA,false,,,,false,false,0,
2025,regular,5,5,5,Week 5,2025-09-21,50,Florida A&M Rattlers,FAMU,FCS,Southwestern Athletic Conference,false,,,,false,false,0,
2025,regular,5,5,5,Week 5,2025-09-21,52,Florida State Seminoles,FSU,FBS,Atlantic Coast Conference,true,8,7,-1,false,false,4,7
2025,regular,5,5,5,Week 5,2025-09-21,55,Jacksonville State Gamecocks,JVST,FBS,Conference USA,false,,,,false,false,0,
2025,regular,5,5,5,Week 5,2025-09-21,57,Florida Gators,FLA,FBS,Southeastern Conference,false,,,,false,false,2,13
2025,regular,5,5,5,Week 5,2025-09-21,58,South Florida Bulls,USF,FBS,American Conference,false,,,,false,false,1,18
2025,regular,5,5,5,Week 5,2025-09-21,59,Georgia Tech Yellow Jackets,GT,FBS,Atlantic Coast Conference,true,16,18,2,false,false,2,16
2025,regular,5,5,5,Week 5,2025-09-21,61,Georgia Bulldogs,UGA,FBS,Southeastern Conference,true,5,5,0,false,false,5,4
2025,regular,5,5,5,Week 5,2025-09-21,62,Hawai'i Rainbow Warriors,HAW,FBS,Mountain West Conference,false,,,,false,false,0,
2025,regular,5,5,5,Week 5,2025-09-21,66,Iowa State Cyclones,ISU,FBS,Big 12 Conference,true,14,12,-2,false,false,5,12
2025,regular,5,5,5,Week 5,2025-09-21,68,Boise State Broncos,BOIS,FBS,Mountain West Conference,false,,,,false,false,1,25
2025,regular,5,5,5,Week 5,2025-09-21,70,Idaho Vandals,IDHO,FCS,Big Sky Conference,false,,,,false,false,0,
2025,regular,5,5,5,Week 5,2025-09-21,77,Northwestern Wildcats,NU,FBS,Big Ten Conference,false,,,,false,false,0,
2025,regular,5,5,5,Week 5,2025-09-21,79,Southern Illinois Salukis,SIU,FCS,Missouri Valley Football Conference,false,,,,false,false,0,
2025,regular,5,5,5,Week 5,2025-09-21,84,Indiana Hoosiers,IU,FBS,Big Ten Conference,true,11,19,8,false,false,5,11
2025,regular,5,5,5,Week 5,2025-09-21,87,Notre Dame Fighting Irish,ND,FBS,FBS Independents,true,22,24,2,false,false,5,6
2025,regular,5,5,5,Week 5,2025-09-21,93,Murray State Racers,MUR,FCS,Missouri Valley Football Conference,false,,,,false,false,0,
2025,regular,5,5,5,Week 5,2025-09-21,96,Kentucky Wildcats,UK,FBS,Southeastern Conference,false,,,,false,false,0,
2025,regular,5,5,5,Week 5,2025-09-21,97,Louisville Cardinals,LOU,FBS,Atlantic Coast Conference,false,,,,false,false,0,
2025,regular,5,5,5,Week 5,2025-09-21,98,Western Kentucky Hilltoppers,WKU,FBS,Conference USA,false,,,,false,false,0,
2025,regular,5,5,5,Week 5,2025-09-21,99,LSU Tigers,LSU,FBS,Southeastern Conference,true,4,3,-1,false,false,5,3
2025,regular,5,5,5,Week 5,2025-09-21,103,Boston College Eagles,BC,FBS,Atlantic Coast Conference,false,,,,false,false,0,
2025,regular,5,5,5,Week 5,2025-09-21,107,Holy Cross Crusaders,HC,FCS,Patriot League,false,,,,false,false,0,
2025,regular,5,5,5,Week 5,2025-09-21,113,Massachusetts Minutemen,MASS,FBS,Mid-American Conference,false,,,,false,false,0,
2025,regular,5,5,5,Week 5,2025-09-21,119,Towson Tigers,TOW,FCS,Coastal Athletic Association,false,,,,false,false,0,
2025,regular,5,5,5,Week 5,2025-09-21,120,Maryland Terrapins,MD,FBS,Big Ten Conference,false,,,,false,false,0,
2025,regular,5,5,5,Week 5,2025-09-21,127,Michigan State Spartans,MSU,FBS,Big Ten Conference,false,,,,false,false,0,
2025,regular,5,5,5,Week 5,2025-09-21,130,Michigan Wolverines,MICH,FBS,Big Ten Conference,true,19,21,2,false,false,5,14
2025,regular,5,5,5,Week 5,2025-09-21,135,Minnesota Golden Gophers,MINN,FBS,Big Ten Conference,false,,,,false,false,0,
2025,regular,5,5,5,Week 5,2025-09-21,142,Missouri Tigers,MIZ,FBS,Southeastern Conference,true,20,23,3,false,false,3,20
2025,regular,5,5,5,Week 5,2025-09-21,145,Ole Miss Rebels,MISS,FBS,Southeastern Conference,true,13,13,0,false,false,5,13
2025,regular,5,5,5,Week 5,2025-09-21,147,Montana State Bobcats,MTST,FCS,Big Sky Conference,false,,,,false,false,0,
2025,regular,5,5,5,Week 5,2025-09-21,149,Montana Grizzlies,MONT,FCS,Big Sky Conference,false,,,,false,false,0,
2025,regular,5,5,5,Week 5,2025-09-21,150,Duke Blue Devils,DUKE,FBS,Atlantic Coast Conference,false,,,,false,false,0,
2025,regular,5,5,5,Week 5,2025-09-21,151,East Carolina Pirates,ECU,FBS,American Conference,false,,,,false,false,0,
2025,regular,5,5,5,Week 5,2025-09-21,152,NC State Wolfpack,NCSU,FBS,Atlantic Coast Conference,false,,,,false,false,0,
2025,regular,5,5,5,Week 5,2025-09-21,153,North Carolina Tar Heels,UNC,FBS,Atlantic Coast Conference,false,,,,false,false,0,
2025,regular,5,5,5,Week 5,2025-09-21,154,Wake Forest Demon Deacons,WAKE,FBS,Atlantic Coast Conference,false,,,,false,false,0,
2025,regular,5,5,5,Week 5,2025-09-21,155,North Dakota Fighting Hawks,UND,FCS,Missouri Valley Football Conference,false,,,,false,false,0,
2025,regular,5,5,5,Week 5,2025-09-21,158,Nebraska Cornhuskers,NEB,FBS,Big Ten Conference,false,,,,false,false,0,
2025,regular,5,5,5,Week 5,2025-09-21,160,New Hampshire Wildcats,UNH,FCS,Coastal Athletic Association,false,,,,false,false,0,
2025,regular,5,5,5,Week 5,2025-09-21,164,Rutgers Scarlet Knights,RUTG,FBS,Big Ten Conference,false,,,,false,false,0,
2025,regular,5,5,5,Week 5,2025-09-21,166,New Mexico State Aggies,NMSU,FBS,Conference USA,false,,,,false,false,0,
2025,regular,5,5,5,Week 5,2025-09-21,167,New Mexico Lobos,UNM,FBS,Mountain West Conference,false,,,,false,false,0,
2025,regular,5,5,5,Week 5,2025-09-21,183,Syracuse Orange,SYR,FBS,Atlantic Coast Conference,false,,,,false,false,0,
2025,regular,5,5,5,Week 5,2025-09-21,189,Bowling Green Falcons,BGSU,FBS,Mid-American Conference,false,,,,false,false,0,
2025,regular,5,5,5,Week 5,2025-09-21,193,Miami (OH) RedHawks,M-OH,FBS,Mid-American Conference,false,,,,false,false,0,
2025,regular,5,5,5,Week 5,2025-09-21,194,Ohio State Buckeyes,OSU,FBS,Big Ten Conference,true,1,1,0,false,false,5,1
2025,regular,5,5,5,Week 5,2025-09-21,195,Ohio Bobcats,OHIO,FBS,Mid-American Conference,false,,,,false,false,0,
2025,regular,5,5,5,Week 5,2025-09-21,197,Oklahoma State Cowboys,OKST,FBS,Big 12 Conference,false,,,,false,false,0,
2025,regular,5,5,5,Week 5,2025-09-21,201,Oklahoma Sooners,OU,FBS,Southeastern Conference,true,7,11,4,false,false,5,7
2025,regular,5,5,5,Week 5,2025-09-21,202,Tulsa Golden Hurricane,TLSA,FBS,American Conference,false,,,,false,false,0,
2025,regular,5,5,5,Week 5,2025-09-21,204,Oregon State Beavers,ORST,FBS,Pac-12 Conference,false,,,,false,false,0,
2025,regular,5,5,5,Week 5,2025-09-21,213,Penn State Nittany Lions,PSU,FBS,Big Ten Conference,true,3,2,-1,false,false,5,2
2025,regular,5,5,5,Week 5,2025-09-21,218,Temple Owls,TEM,FBS,American Conference,false,,,,false,false,0,
2025,regular,5,5,5,Week 5,2025-09-21,221,Pittsburgh Panthers,PITT,FBS,Atlantic Coast Conference,false,,,,false,false,0,
2025,regular,5,5,5,Week 5,2025-09-21,222,Villanova Wildcats,VILL,FCS,Coastal Athletic Association,false,,,,false,false,0,
2025,regular,5,5,5,Week 5,2025-09-21,227,Rhode Island Rams,URI,FCS,Coastal Athletic Association,false,,,,false,false,0,
2025,regular,5,5,5,Week 5,2025-09-21,228,Clemson Tigers,CLEM,FBS,Atlantic Coast Conference,false,,,,false,false,3,4
2025,regular,5,5,5,Week 5,2025-09-21,231,Furman Paladins,FUR,FCS,Southern Conference,false,,,,false,false,0,
2025,regular,5,5,5,Week 5,2025-09-21,233,South Dakota Coyotes,SDAK,FCS,Missouri Valley Football Conference,false,,,,false,false,0,
2025,regular,5,5,5,Week 5,2025-09-21,235,Memphis Tigers,MEM,FBS,American Conference,false,,,,false,false,0,
2025,regular,5,5,5,Week 5,2025-09-21,236,Chattanooga Mocs,UTC,FCS,Southern Conference,false,,,,false,false,0,
2025,regular,5,5,5,Week 5,2025-09-21,238,Vanderbilt Commodores,VAN,FBS,Southeastern Conference,true,18,20,2,false,false,2,18
2025,regular,5,5,5,Week 5,2025-09-21,239,Baylor Bears,BAY,FBS,Big 12 Conference,false,,,,false,false,0,
2025,regular,5,5,5,Week 5,2025-09-21,242,Rice Owls,RICE,FBS,American Conference,false,,,,false,false,0,
2025,regular,5,5,5,Week 5,2025-09-21,245,Texas A&M Aggies,TA&M,FBS,Southeastern Conference,true,9,10,1,false,false,5,9
2025,regular,5,5,5,Week 5,2025-09-21,248,Houston Cougars,HOU,FBS,Big 12 Conference,false,,,,false,false,0,
2025,regular,5,5,5,Week 5,2025-09-21,249,North Texas Mean Green,UNT,FBS,American Conference,false,,,,false,false,0,
2025,regular,5,5,5,Week 5,2025-09-21,251,Texas Longhorns,TEX,FBS,Southeastern Conference,true,10,8,-2,false,false,5,1
2025,regular,5,5,5,Week 5,2025-09-21,252,BYU Cougars,BYU,FBS,Big 12 Conference,true,25,,,true,false,1,25
2025,regular,5,5,5,Week 5,2025-09-21,254,Utah Utes,UTAH,FBS,Big 12 Conference,false,,16,,false,true,3,16
2025,regular,5,5,5,Week 5,2025-09-21,256,James Madison Dukes,JMU,FBS,Sun Belt Conference,false,,,,false,false,0,
2025,regular,5,5,5,Week 5,2025-09-21,257,Richmond Spiders,RICH,FCS,Patriot League,false,,,,false,false,0,
2025,regular,5,5,5,Week 5,2025-09-21,258,Virginia Cavaliers,UVA,FBS,Atlantic Coast Conference,false,,,,false,false,0,
2025,regular,5,5,5,Week 5,2025-09-21,259,Virginia Tech Hokies,VT,FBS,Atlantic Coast Conference,false,,,,false,false,0,
2025,regular,5,5,5,Week 5,2025-09-21,264,Washington Huskies,WASH,FBS,Big Ten Conference,false,,,,false,false,0,
2025,regular,5,5,5,Week 5,2025-09-21,265,Washington State Cougars,WSU,FBS,Pac-12 Conference,false,,,,false,false,0,
2025,regular,5,5,5,Week 5,2025-09-21,275,Wisconsin Badgers,WIS,FBS,Big Ten Conference,false,,,,false,false,0,
2025,regular,5,5,5,Week 5,2025-09-21,276,Marshall Thundering Herd,MRSH,FBS,Sun Belt Conference,false,,,,false,false,0,
2025,regular,5,5,5,Week 5,2025-09-21,277,West Virginia Mountaineers,WVU,FBS,Big 12 Conference,false,,,,false,false,0,
2025,regular,5,5,5,Week 5,2025-09-21,278,Fresno State Bulldogs,FRES,FBS,Mountain West Conference,false,,,,false,false,0,
2025,regular,5,5,5,Week 5,2025-09-21,282,Indiana State Sycamores,INST,FCS,Missouri Valley Football Conference,false,,,,false,false,0,
2025,regular,5,5,5,Week 5,2025-09-21,290,Georgia Southern Eagles,GASO,FBS,Sun Belt Conference,false,,,,false,false,0,
2025,regular,5,5,5,Week 5,2025-09-21,295,Old Dominion Monarchs,ODU,FBS,Sun Belt Conference,false,,,,false,false,0,
2025,regular,5,5,5,Week 5,2025-09-21,302,UC Davis Aggies,UCD,FCS,Big Sky Conference,false,,,,false,false,0,
2025,regular,5,5,5,Week 5,2025-09-21,304,Idaho State Bengals,IDST,FCS,Big Sky Conference,false,,,,false,false,0,
2025,regular,5,5,5,Week 5,2025-09-21,309,Louisiana Ragin' Cajuns,UL,FBS,Sun Belt Conference,false,,,,false,false,0,
2025,regular,5,5,5,Week 5,2025-09-21,311,Maine Black Bears,ME,FCS,Coastal Athletic Association,false,,,,false,false,0,
2025,regular,5,5,5,Week 5,2025-09-21,322,Lafayette Leopards,LAF,FCS,Patriot League,false,,,,false,false,0,
2025,regular,5,5,5,Week 5,2025-09-21,324,Coastal Carolina Chanticleers,CCU,FBS,Sun Belt Conference,false,,,,false,false,0,
2025,regular,5,5,5,Week 5,2025-09-21,326,Texas State Bobcats,TXST,FBS,Sun Belt Conference,false,,,,false,false,0,
2025,regular,5,5,5,Week 5,2025-09-21,328,Utah State Aggies,USU,FBS,Mountain West Conference,false,,,,false,false,0,
2025,regular,5,5,5,Week 5,2025-09-21,331,Eastern Washington Eagles,EWU,FCS,Big Sky Conference,false,,,,false,false,0,
2025,regular,5,5,5,Week 5,2025-09-21,333,Alabama Crimson Tide,ALA,FBS,Southeastern Conference,true,17,14,-3,false,false,5,8
2025,regular,5,5,5,Week 5,2025-09-21,338,Kennesaw State Owls,KENN,FBS,Conference USA,false,,,,false,false,0,
2025,regular,5,5,5,Week 5,2025-09-21,344,Mississippi State Bulldogs,MSST,FBS,Southeastern Conference,false,,,,false,false,0,
2025,regular,5,5,5,Week 5,2025-09-21,349,Army Black Knights,ARMY,FBS,American Conference,false,,,,false,false,0,
2025,regular,5,5,5,Week 5,2025-09-21,356,Illinois Fighting Illini,ILL,FBS,Big Ten Conference,true,23,9,-14,false,false,5,9
2025,regular,5,5,5,Week 5,2025-09-21,399,UAlbany Great Danes,ALB,FCS,Coastal Athletic Association,false,,,,false,false,0,
2025,regular,5,5,5,Week 5,2025-09-21,2000,Abilene Christian Wildcats,ACU,FCS,United Athletic Conference,false,,,,false,false,0,
2025,regular,5,5,5,Week 5,2025-09-21,2005,Air Force Falcons,AFA,FBS,Mountain West Conference,false,,,,false,false,0,
2025,regular,5,5,5,Week 5,2025-09-21,2006,Akron Zips,AKR,FBS,Mid-American Conference,false,,,,false,false,0,
2025,regular,5,5,5,Week 5,2025-09-21,2010,Alabama A&M Bulldogs,AAMU,FCS,Southwestern Athletic Conference,false,,,,false,false,0,
2025,regular,5,5,5,Week 5,2025-09-21,2011,Alabama State Hornets,ALST,FCS,Southwestern Athletic Conference,false,,,,false,false,0,
2025,regular,5,5,5,Week 5,2025-09-21,2016,Alcorn State Braves,ALCN,FCS,Southwestern Athletic Conference,false,,,,false,false,0,
2025,regular,5,5,5,Week 5,2025-09-21,2026,App State Mountaineers,APP,FBS,Sun Belt Conference,false,,,,false,false,0,
2025,regular,5,5,5,Week 5,2025-09-21,2029,Arkansas-Pine Bluff Golden Lions,UAPB,FCS,Southwestern Athletic Conference,false,,,,false,false,0,
2025,regular,5,5,5,Week 5,2025-09-21,2032,Arkansas State Red Wolves,ARST,FBS,Sun Belt Conference,false,,,,false,false,0,
2025,regular,5,5,5,Week 5,2025-09-21,2046,Austin Peay Governors,APSU,FCS,United Athletic Conference,false,,,,false,false,0,
2025,regular,5,5,5,Week 5,2025-09-21,2050,Ball State Cardinals,BALL,FBS,Mid-American Conference,false,,,,false,false,0,
2025,regular,5,5,5,Week 5,2025-09-21,2065,Bethune-Cookman Wildcats,BCU,FCS,Southwestern Athletic Conference,false,,,,false,false,0,
2025,regular,5,5,5,Week 5,2025-09-21,2083,Bucknell Bison,BUCK,FCS,Patriot League,false,,,,false,false,0,
2025,regular,5,5,5,Week 5,2025-09-21,2084,Buffalo Bulls,BUFF,FBS,Mid-American Conference,false,,,,false,false,0,
2025,regular,5,5,5,Week 5,2025-09-21,2097,Campbell Fighting Camels,CAM,FCS,Coastal Athletic Association,false,,,,false,false,0,
2025,regular,5,5,5,Week 5,2025-09-21,2110,Central Arkansas Bears,CARK,FCS,United Athletic Conference,false,,,,false,false,0,
2025,regular,5,5,5,Week 5,2025-09-21,2115,Central Connecticut Blue Devils,CCSU,FCS,Northeast Conference,false,,,,false,false,0,
2025,regular,5,5,5,Week 5,2025-09-21,2116,UCF Knights,UCF,FBS,Big 12 Conference,false,,,,false,false,0,
2025,regular,5,5,5,Week 5,2025-09-21,2117,Central Michigan Chippewas,CMU,FBS,Mid-American Conference,false,,,,false,false,0,
2025,regular,5,5,5,Week 5,2025-09-21,2127,Charleston Southern Buccaneers,CHSO,FCS,Ohio Valley Conference,false,,,,false,false,0,
2025,regular,5,5,5,Week 5,2025-09-21,2132,Cincinnati Bearcats,CIN,FBS,Big 12 Conference,false,,,,false,false,0,
2025,regular,5,5,5,Week 5,2025-09-21,2142,Colgate Raiders,COLG,FCS,Patriot League,false,,,,false,false,0,
2025,regular,5,5,5,Week 5,2025-09-21,2169,Delaware State Hornets,DSU,FCS,Mid-Eastern Athletic Conference,false,,,,false,false,0,
2025,regular,5,5,5,Week 5,2025-09-21,2184,Duquesne Dukes,DUQ,FCS,Northeast Conference,false,,,,false,false,0,
2025,regular,5,5,5,Week 5,2025-09-21,2193,East Tennessee State Buccaneers,ETSU,FCS,Southern Conference,false,,,,false,false,0,
2025,regular,5,5,5,Week 5,2025-09-21,2197,Eastern Illinois Panthers,EIU,FCS,Ohio Valley Conference,false,,,,false,false,0,
2025,regular,5,5,5,Week 5,2025-09-21,2198,Eastern Kentucky Colonels,EKU,FCS,United Athletic Conference,false,,,,false,false,0,
2025,regular,5,5,5,Week 5,2025-09-21,2199,Eastern Michigan Eagles,EMU,FBS,Mid-American Conference,false,,,,false,false,0,
2025,regular,5,5,5,Week 5,2025-09-21,2210,Elon Phoenix,ELON,FCS,Coastal Athletic Association,false,,,,false,false,0,
2025,regular,5,5,5,Week 5,2025-09-21,2226,Florida Atlantic Owls,FAU,FBS,American Conference,false,,,,false,false,0,
2025,regular,5,5,5,Week 5,2025-09-21,2229,Florida International Panthers,FIU,FBS,Conference USA,false,,,,false,false,0,
2025,regular,5,5,5,Week 5,2025-09-21,2230,Fordham Rams,FOR,FCS,Patriot League,false,,,,false,false,0,
2025,regular,5,5,5,Week 5,2025-09-21,2241,Gardner-Webb Runnin' Bulldogs,GWEB,FCS,Ohio Valley Conference,false,,,,false,false,0,
2025,regular,5,5,5,Week 5,2025-09-21,2247,Georgia State Panthers,GAST,FBS,Sun Belt Conference,false,,,,false,false,0,
2025,regular,5,5,5,Week 5,2025-09-21,2277,Houston Christian Huskies,HCU,FCS,Southland Conference,false,,,,false,false,0,
2025,regular,5,5,5,Week 5,2025-09-21,2287,Illinois State Redbirds,ILST,FCS,Missouri Valley Football Conference,false,,,,false,false,0,
2025,regular,5,5,5,Week 5,2025-09-21,2294,Iowa Hawkeyes,IOWA,FBS,Big Ten Conference,false,,,,false,false,0,
2025,regular,5,5,5,Week 5,2025-09-21,2296,Jackson State Tigers,JKST,FCS,Southwestern Athletic Conference,false,,,,false,false,0,
2025,regular,5,5,5,Week 5,2025-09-21,2305,Kansas Jayhawks,KU,FBS,Big 12 Conference,false,,,,false,false,0,
2025,regular,5,5,5,Week 5,2025-09-21,2306,Kansas State Wildcats,KSU,FBS,Big 12 Conference,false,,,,false,false,1,17
2025,regular,5,5,5,Week 5,2025-09-21,2309,Kent State Golden Flashes,KENT,FBS,Mid-American Conference,false,,,,false,false,0,
2025,regular,5,5,5,Week 5,2025-09-21,2320,Lamar Cardinals,LAM,FCS,Southland Conference,false,,,,false,false,0,
2025,regular,5,5,5,Week 5,2025-09-21,2335,Liberty Flames,LIB,FBS,Conference USA,false,,,,false,false,0,
2025,regular,5,5,5,Week 5,2025-09-21,2341,Long Island University Sharks,LIU,FCS,Northeast Conference,false,,,,false,false,0,
2025,regular,5,5,5,Week 5,2025-09-21,2348,Louisiana Tech Bulldogs,LT,FBS,Conference USA,false,,,,false,false,0,
2025,regular,5,5,5,Week 5,2025-09-21,2377,McNeese Cowboys,MCN,FCS,Southland Conference,false,,,,false,false,0,
2025,regular,5,5,5,Week 5,2025-09-21,2382,Mercer Bears,MER,FCS,Southern Conference,false,,,,false,false,0,
2025,regular,5,5,5,Week 5,2025-09-21,2385,Mercyhurst Lakers,MERC,FCS,Northeast Conference,false,,,,false,false,0,
2025,regular,5,5,5,Week 5,2025-09-21,2390,Miami Hurricanes,MIA,FBS,Atlantic Coast Conference,true,2,4,2,false,false,5,2
2025,regular,5,5,5,Week 5,2025-09-21,2393,Middle Tennessee Blue Raiders,MTSU,FBS,Conference USA,false,,,,false,false,0,
2025,regular,5,5,5,Week 5,2025-09-21,2405,Monmouth Hawks,MONM,FCS,Coastal Athletic Association,false,,,,false,false,0,
2025,regular,5,5,5,Week 5,2025-09-21,2415,Morgan State Bears,MORG,FCS,Mid-Eastern Athletic Conference,false,,,,false,false,0,
2025,regular,5,5,5,Week 5,2025-09-21,2426,Navy Midshipmen,NAVY,FBS,American Conference,false,,,,false,false,0,
2025,regular,5,5,5,Week 5,2025-09-21,2428,North Carolina Central Eagles,NCCU,FCS,Mid-Eastern Athletic Conference,false,,,,false,false,0,
2025,regular,5,5,5,Week 5,2025-09-21,2429,Charlotte 49ers,CLT,FBS,American Conference,false,,,,false,false,0,
2025,regular,5,5,5,Week 5,2025-09-21,2433,UL Monroe Warhawks,ULM,FBS,Sun Belt Conference,false,,,,false,false,0,
2025,regular,5,5,5,Week 5,2025-09-21,2439,UNLV Rebels,UNLV,FBS,Mountain West Conference,false,,,,false,false,0,
2025,regular,5,5,5,Week 5,2025-09-21,2440,Nevada Wolf Pack,NEV,FBS,Mountain West Conference,false,,,,false,false,0,
2025,regular,5,5,5,Week 5,2025-09-21,2447,Nicholls Colonels,NICH,FCS,Southland Conference,false,,,,false,false,0,
2025,regular,5,5,5,Week 5,2025-09-21,2448,North Carolina A&T Aggies,NCAT,FCS,Coastal Athletic Association,false,,,,false,false,0,
2025,regular,5,5,5,Week 5,2025-09-21,2449,North Dakota State Bison,NDSU,FCS,Missouri Valley Football Conference,false,,,,false,false,0,
2025,regular,5,5,5,Week 5,2025-09-21,2450,Norfolk State Spartans,NORF,FCS,Mid-Eastern Athletic Conference,false,,,,false,false,0,
2025,regular,5,5,5,Week 5,2025-09-21,2453,North Alabama Lions,UNA,FCS,United Athletic Conference,false,,,,false,false,0,
2025,regular,5,5,5,Week 5,2025-09-21,2458,Northern Colorado Bears,UNCO,FCS,Big Sky Conference,false,,,,false,false,0,
2025,regular,5,5,5,Week 5,2025-09-21,2459,Northern Illinois Huskies,NIU,FBS,Mid-American Conference,false,,,,false,false,0,
2025,regular,5,5,5,Week 5,2025-09-21,2460,Northern Iowa Panthers,UNI,FCS,Missouri Valley Football Conference,false,,,,false,false,0,
2025,regular,5,5,5,Week 5,2025-09-21,2464,Northern Arizona Lumberjacks,NAU,FCS,Big Sky Conference,false,,,,false,false,0,
2025,regular,5,5,5,Week 5,2025-09-21,2466,Northwestern State Demons,NWST,FCS,Southland Conference,false,,,,false,false,0,
2025,regular,5,5,5,Week 5,2025-09-21,2483,Oregon Ducks,ORE,FBS,Big Ten Conference,true,6,6,0,false,false,5,4
2025,regular,5,5,5,Week 5,2025-09-21,2502,Portland State Vikings,PRST,FCS,Big Sky Conference,false,,,,false,false,0,
2025,regular,5,5,5,Week 5,2025-09-21,2504,Prairie View A&M Panthers,PV,FCS,Southwestern Athletic Conference,false,,,,false,false,0,
2025,regular,5,5,5,Week 5,2025-09-21,2509,Purdue Boilermakers,PUR,FBS,Big Ten Conference,false,,,,false,false,0,
2025,regular,5,5,5,Week 5,2025-09-21,2523,Robert Morris Colonials,RMU,FCS,Northeast Conference,false,,,,false,false,0,
2025,regular,5,5,5,Week 5,2025-09-21,2534,Sam Houston Bearkats,SHSU,FBS,Conference USA,false,,,,false,false,0,
2025,regular,5,5,5,Week 5,2025-09-21,2535,Samford Bulldogs,SAM,FCS,Southern Conference,false,,,,false,false,0,
2025,regular,5,5,5,Week 5,2025-09-21,2545,SE Louisiana Lions,SELA,FCS,Southland Conference,false,,,,false,false,0,
2025,regular,5,5,5,Week 5,2025-09-21,2546,Southeast Missouri State Redhawks,SEMO,FCS,Ohio Valley Conference,false,,,,false,false,0,
2025,regular,5,5,5,Week 5,2025-09-21,2567,SMU Mustangs,SMU,FBS,Atlantic Coast Conference,false,,,,false,false,2,16
2025,regular,5,5,5,Week 5,2025-09-21,2569,South Carolina State Bulldogs,SCST,FCS,Mid-Eastern Athletic Conference,false,,,,false,false,0,
2025,regular,5,5,5,Week 5,2025-09-21,2571,South Dakota State Jackrabbits,SDST,FCS,Missouri Valley Football Conference,false,,,,false,false,0,
2025,regular,5,5,5,Week 5,2025-09-21,2572,Southern Miss Golden Eagles,USM,FBS,Sun Belt Conference,false,,,,false,false,0,
2025,regular,5,5,5,Week 5,2025-09-21,2579,South Carolina Gamecocks,SC,FBS,Southeastern Conference,false,,,,false,false,3,10
2025,regular,5,5,5,Week 5,2025-09-21,2582,Southern Jaguars,SOU,FCS,Southwestern Athletic Conference,false,,,,false,false,0,
2025,regular,5,5,5,Week 5,2025-09-21,2598,Saint Francis Red Flash,SFPA,FCS,Northeast Conference,false,,,,false,false,0,
2025,regular,5,5,5,Week 5,2025-09-21,2617,Stephen F. Austin Lumberjacks,SFA,FCS,Southland Conference,false,,,,false,false,0,
2025,regular,5,5,5,Week 5,2025-09-21,2619,Stony Brook Seawolves,STBK,FCS,Coastal Athletic Association,false,,,,false,false,0,
2025,regular,5,5,5,Week 5,2025-09-21,2623,Missouri State Bears,MOST,FBS,Conference USA,false,,,,false,false,0,
2025,regular,5,5,5,Week 5,2025-09-21,2627,Tarleton State Texans,TAR,FCS,United Athletic Conference,false,,,,false,false,0,
2025,regular,5,5,5,Week 5,2025-09-21,2628,TCU Horned Frogs,TCU,FBS,Big 12 Conference,true,24,,,true,false,1,24
2025,regular,5,5,5,Week 5,2025-09-21,2630,UT Martin Skyhawks,UTM,FCS,Ohio Valley Conference,false,,,,false,false,0,
2025,regular,5,5,5,Week 5,2025-09-21,2633,Tennessee Volunteers,TENN,FBS,Southeastern Conference,true,15,15,0,false,false,5,15
2025,regular,5,5,5,Week 5,2025-09-21,2634,Tennessee State Tigers,TNST,FCS,Ohio Valley Conference,false,,,,false,false,0,
2025,regular,5,5,5,Week 5,2025-09-21,2635,Tennessee Tech Golden Eagles,TNTC,FCS,Ohio Valley Conference,false,,,,false,false,0,
2025,regular,5,5,5,Week 5,2025-09-21,2636,UTSA Roadrunners,UTSA,FBS,American Conference,false,,,,false,false,0,
2025,regular,5,5,5,Week 5,2025-09-21,2638,UTEP Miners,UTEP,FBS,Conference USA,false,,,,false,false,0,
2025,regular,5,5,5,Week 5,2025-09-21,2640,Texas Southern Tigers,TXSO,FCS,Southwestern Athletic Conference,false,,,,false,false,0,
2025,regular,5,5,5,Week 5,2025-09-21,2641,Texas Tech Red Raiders,TTU,FBS,Big 12 Conference,true,12,17,5,false,false,5,12
2025,regular,5,5,5,Week 5,2025-09-21,2643,The Citadel Bulldogs,CIT,FCS,Southern Conference,false,,,,false,false,0,
2025,regular,5,5,5,Week 5,2025-09-21,2649,Toledo Rockets,TOL,FBS,Mid-American Conference,false,,,,false,false,0,
2025,regular,5,5,5,Week 5,2025-09-21,2653,Troy Trojans,TROY,FBS,Sun Belt Conference,false,,,,false,false,0,
2025,regular,5,5,5,Week 5,2025-09-21,2655,Tulane Green Wave,TULN,FBS,American Conference,false,,,,false,false,0,
2025,regular,5,5,5,Week 5,2025-09-21,2678,VMI Keydets,VMI,FCS,Southern Conference,false,,,,false,false,0,
2025,regular,5,5,5,Week 5,2025-09-21,2681,Wagner Seahawks,WAG,FCS,Northeast Conference,false,,,,false,false,0,
2025,regular,5,5,5,Week 5,2025-09-21,2692,Weber State Wildcats,WEB,FCS,Big Sky Conference,false,,,,false,false,0,
2025,regular,5,5,5,Week 5,2025-09-21,2710,Western Illinois Leathernecks,WIU,FCS,Ohio Valley Conference,false,,,,false,false,0,
2025,regular,5,5,5,Week 5,2025-09-21,2711,Western Michigan Broncos,WMU,FBS,Mid-American Conference,false,,,,false,false,0,
2025,regular,5,5,5,Week 5,2025-09-21,2717,Western Carolina Catamounts,WCU,FCS,Southern Conference,false,,,,false,false,0,
2025,regular,5,5,5,Week 5,2025-09-21,2729,William & Mary Tribe,W&M,FCS,Coastal Athletic Association,false,,,,false,false,0,
2025,regular,5,5,5,Week 5,2025-09-21,2747,Wofford Terriers,WOF,FCS,Southern Conference,false,,,,false,false,0,
2025,regular,5,5,5,Week 5,2025-09-21,2751,Wyoming Cowboys,WYO,FBS,Mountain West Conference,false,,,,false,false,0,
2025,regular,5,5,5,Week 5,2025-09-21,2754,Youngstown State Penguins,YSU,FCS,Missouri Valley Football Conference,false,,,,false,false,0,
2025,regular,5,5,5,Week 5,2025-09-21,2755,Grambling Tigers,GRAM,FCS,Southwestern Athletic Conference,false,,,,false,false,0,
2025,regular,5,5,5,Week 5,2025-09-21,2771,Merrimack Warriors,MRMK,FCS,FCS Independents,false,,,,false,false,0,
2025,regular,5,5,5,Week 5,2025-09-21,2803,Bryant Bulldogs,BRY,FCS,Coastal Athletic Association,false,,,,false,false,0,
2025,regular,5,5,5,Week 5,2025-09-21,2815,Lindenwood Lions,LIN,FCS,Ohio Valley Conference,false,,,,false,false,0,
2025,regular,5,5,5,Week 5,2025-09-21,2837,East Texas A&M Lions,ETAM,FCS,Southland Conference,false,,,,false,false,0,
2025,regular,5,5,5,Week 5,2025-09-21,2900,St. Thomas-Minnesota Tommies,STMN,FCS,Pioneer Football League,false,,,,false,false,0,
2025,regular,5,5,5,Week 5,2025-09-21,2916,Incarnate Word Cardinals,UIW,FCS,Southland Conference,false,,,,false,false,0,
2025,regular,6,6,6,Week 6,2025-09-28,2,Auburn Tigers,AUB,FBS,Southeastern Conference,false,,,,false,false,2,22
2025,regular,6,6,6,Week 6,2025-09-28,5,UAB Blazers,UAB,FBS,American Conference,false,,,,false,false,0,
2025,regular,6,6,6,Week 6,2025-09-28,6,South Alabama Jaguars,USA,FBS,Sun Belt Conference,false,,,,false,false,0,
2025,regular,6,6,6,Week 6,2025-09-28,8,Arkansas Razorbacks,ARK,FBS,Southeastern Conference,false,,,,false,false,0,
2025,regular,6,6,6,Week 6,2025-09-28,9,Arizona State Sun Devils,ASU,FBS,Big 12 Conference,true,25,,,true,false,3,11
2025,regular,6,6,6,Week 6,2025-09-28,12,Arizona Wildcats,ARIZ,FBS,Big 12 Conference,false,,,,false,false,0,
2025,regular,6,6,6,Week 6,2025-09-28,13,Cal Poly Mustangs,CP,FCS,Big Sky Conference,false,,,,false,false,0,
2025,regular,6,6,6,Week 6,2025-09-28,16,Sacramento State Hornets,SAC,FCS,Big Sky Conference,false,,,,false,false,0,
2025,regular,6,6,6,Week 6,2025-09-28,21,San Diego State Aztecs,SDSU,FBS,Mountain West Conference,false,,,,false,false,0,
2025,regular,6,6,6,Week 6,2025-09-28,23,San José State Spartans,SJSU,FBS,Mountain West Conference,false,,,,false,false,0,
2025,regular,6,6,6,Week 6,2025-09-28,24,Stanford Cardinal,STAN,FBS,Atlantic Coast Conference,false,,,,false,false,0,
2025,regular,6,6,6,Week 6,2025-09-28,25,California Golden Bears,CAL,FBS,Atlantic Coast Conference,false,,,,false,false,0,
2025,regular,6,6,6,Week 6,2025-09-28,26,UCLA Bruins,UCLA,FBS,Big Ten Conference,false,,,,false,false,0,
2025,regular,6,6,6,Week 6,2025-09-28,30,USC Trojans,USC,FBS,Big Ten Conference,false,,21,,false,true,2,21
2025,regular,6,6,6,Week 6,2025-09-28,36,Colorado State Rams,CSU,FBS,Mountain West Conference,false,,,,false,false,0,
2025,regular,6,6,6,Week 6,2025-09-28,38,Colorado Buffaloes,COLO,FBS,Big 12 Conference,false,,,,false,false,0,
2025,regular,6,6,6,Week 6,2025-09-28,41,UConn Huskies,CONN,FBS,FBS Independents,false,,,,false,false,0,
2025,regular,6,6,6,Week 6,2025-09-28,47,Howard Bison,HOW,FCS,Mid-Eastern Athletic Conference,false,,,,false,false,0,
2025,regular,6,6,6,Week 6,2025-09-28,48,Delaware Blue Hens,DEL,FBS,Conference USA,false,,,,false,false,0,
2025,regular,6,6,6,Week 6,2025-09-28,50,Florida A&M Rattlers,FAMU,FCS,Southwestern Athletic Conference,false,,,,false,false,0,
2025,regular,6,6,6,Week 6,2025-09-28,52,Florida State Seminoles,FSU,FBS,Atlantic Coast Conference,true,18,8,-10,false,false,5,7
2025,regular,6,6,6,Week 6,2025-09-28,55,Jacksonville State Gamecocks,JVST,FBS,Conference USA,false,,,,false,false,0,
2025,regular,6,6,6,Week 6,2025-09-28,57,Florida Gators,FLA,FBS,Southeastern Conference,false,,,,false,false,2,13
2025,regular,6,6,6,Week 6,2025-09-28,58,South Florida Bulls,USF,FBS,American Conference,false,,,,false,false,1,18
2025,regular,6,6,6,Week 6,2025-09-28,59,Georgia Tech Yellow Jackets,GT,FBS,Atlantic Coast Conference,true,17,16,-1,false,false,3,16
2025,regular,6,6,6,Week 6,2025-09-28,61,Georgia Bulldogs,UGA,FBS,Southeastern Conference,true,12,5,-7,false,false,6,4
2025,regular,6,6,6,Week 6,2025-09-28,62,Hawai'i Rainbow Warriors,HAW,FBS,Mountain West Conference,false,,,,false,false,0,
2025,regular,6,6,6,Week 6,2025-09-28,66,Iowa State Cyclones,ISU,FBS,Big 12 Conference,true,14,14,0,false,false,6,12
2025,regular,6,6,6,Week 6,2025-09-28,68,Boise State Broncos,BOIS,FBS,Mountain West Conference,false,,,,false,false,1,25
2025,regular,6,6,6,Week 6,2025-09-28,70,Idaho Vandals,IDHO,FCS,Big Sky Conference,false,,,,false,false,0,
2025,regular,6,6,6,Week 6,2025-09-28,77,Northwestern Wildcats,NU,FBS,Big Ten Conference,false,,,,false,false,0,
2025,regular,6,6,6,Week 6,2025-09-28,79,Southern Illinois Salukis,SIU,FCS,Missouri Valley Football Conference,false,,,,false,false,0,
2025,regular,6,6,6,Week 6,2025-09-28,84,Indiana Hoosiers,IU,FBS,Big Ten Conference,true,8,11,3,false,false,6,8
2025,regular,6,6,6,Week 6,2025-09-28,87,Notre Dame Fighting Irish,ND,FBS,FBS Independents,true,21,22,1,false,false,6,6
2025,regular,6,6,6,Week 6,2025-09-28,93,Murray State Racers,MUR,FCS,Missouri Valley Football Conference,false,,,,false,false,0,
2025,regular,6,6,6,Week 6,2025-09-28,96,Kentucky Wildcats,UK,FBS,Southeastern Conference,false,,,,false,false,0,
2025,regular,6,6,6,Week 6,2025-09-28,97,Louisville Cardinals,LOU,FBS,Atlantic Coast Conference,false,,,,false,false,0,
2025,regular,6,6,6,Week 6,2025-09-28,98,Western Kentucky Hilltoppers,WKU,FBS,Conference USA,false,,,,false,false,0,
2025,regular,6,6,6,Week 6,2025-09-28,99,LSU Tigers,LSU,FBS,Southeastern Conference,true,13,4,-9,false,false,6,3
2025,regular,6,6,6,Week 6,2025-09-28,103,Boston College Eagles,BC,FBS,Atlantic Coast Conference,false,,,,false,false,0,
2025,regular,6,6,6,Week 6,2025-09-28,107,Holy Cross Crusaders,HC,FCS,Patriot League,false,,,,false,false,0,
2025,regular,6,6,6,Week 6,2025-09-28,113,Massachusetts Minutemen,MASS,FBS,Mid-American Conference,false,,,,false,false,0,
2025,regular,6,6,6,Week 6,2025-09-28,119,Towson Tigers,TOW,FCS,Coastal Athletic Association,false,,,,false,false,0,
2025,regular,6,6,6,Week 6,2025-09-28,120,Maryland Terrapins,MD,FBS,Big Ten Conference,false,,,,false,false,0,
2025,regular,6,6,6,Week 6,2025-09-28,127,Michigan State Spartans,MSU,FBS,Big Ten Conference,false,,,,false,false,0,
2025,regular,6,6,6,Week 6,2025-09-28,130,Michigan Wolverines,MICH,FBS,Big Ten Conference,true,20,19,-1,false,false,6,14
2025,regular,6,6,6,Week 6,2025-09-28,135,Minnesota Golden Gophers,MINN,FBS,Big Ten Conference,false,,,,false,false,0,
2025,regular,6,6,6,Week 6,2025-09-28,142,Missouri Tigers,MIZ,FBS,Southeastern Conference,true,19,20,1,false,false,4,19
2025,regular,6,6,6,Week 6,2025-09-28,145,Ole Miss Rebels,MISS,FBS,Southeastern Conference,true,4,13,9,false,false,6,4
2025,regular,6,6,6,Week 6,2025-09-28,147,Montana State Bobcats,MTST,FCS,Big Sky Conference,false,,,,false,false,0,
2025,regular,6,6,6,Week 6,2025-09-28,149,Montana Grizzlies,MONT,FCS,Big Sky Conference,false,,,,false,false,0,
2025,regular,6,6,6,Week 6,2025-09-28,150,Duke Blue Devils,DUKE,FBS,Atlantic Coast Conference,false,,,,false,false,0,
2025,regular,6,6,6,Week 6,2025-09-28,151,East Carolina Pirates,ECU,FBS,American Conference,false,,,,false,false,0,
2025,regular,6,6,6,Week 6,2025-09-28,152,NC State Wolfpack,NCSU,FBS,Atlantic Coast Conference,false,,,,false,false,0,
2025,regular,6,6,6,Week 6,2025-09-28,153,North Carolina Tar Heels,UNC,FBS,Atlantic Coast Conference,false,,,,false,false,0,
2025,regular,6,6,6,Week 6,2025-09-28,154,Wake Forest Demon Deacons,WAKE,FBS,Atlantic Coast Conference,false,,,,false,false,0,
2025,regular,6,6,6,Week 6,2025-09-28,155,North Dakota Fighting Hawks,UND,FCS,Missouri Valley Football Conference,false,,,,false,false,0,
2025,regular,6,6,6,Week 6,2025-09-28,158,Nebraska Cornhuskers,NEB,FBS,Big Ten Conference,false,,,,false,false,0,
2025,regular,6,6,6,Week 6,2025-09-28,160,New Hampshire Wildcats,UNH,FCS,Coastal Athletic Association,false,,,,false,false,0,
2025,regular,6,6,6,Week 6,2025-09-28,164,Rutgers Scarlet Knights,RUTG,FBS,Big Ten Conference,false,,,,false,false,0,
2025,regular,6,6,6,Week 6,2025-09-28,166,New Mexico State Aggies,NMSU,FBS,Conference USA,false,,,,false,false,0,
2025,regular,6,6,6,Week 6,2025-09-28,167,New Mexico Lobos,UNM,FBS,Mountain West Conference,false,,,,false,false,0,
2025,regular,6,6,6,Week 6,2025-09-28,183,Syracuse Orange,SYR,FBS,Atlantic Coast Conference,false,,,,false,false,0,
2025,regular,6,6,6,Week 6,2025-09-28,189,Bowling Green Falcons,BGSU,FBS,Mid-American Conference,false,,,,false,false,0,
2025,regular,6,6,6,Week 6,2025-09-28,193,Miami (OH) RedHawks,M-OH,FBS,Mid-American Conference,false,,,,false,false,0,
2025,regular,6,6,6,Week 6,2025-09-28,194,Ohio State Buckeyes,OSU,FBS,Big Ten Conference,true,1,1,0,false,false,6,1
2025,regular,6,6,6,Week 6,2025-09-28,195,Ohio Bobcats,OHIO,FBS,Mid-American Conference,false,,,,false,false,0,
2025,regular,6,6,6,Week 6,2025-09-28,197,Oklahoma State Cowboys,OKST,FBS,Big 12 Conference,false,,,,false,false,0,
2025,regular,6,6,6,Week 6,2025-09-28,201,Oklahoma Sooners,OU,FBS,Southeastern Conference,true,5,7,2,false,false,6,5
2025,regular,6,6,6,Week 6,2025-09-28,202,Tulsa Golden Hurricane,TLSA,FBS,American Conference,false,,,,false,false,0,
2025,regular,6,6,6,Week 6,2025-09-28,204,Oregon State Beavers,ORST,FBS,Pac-12 Conference,false,,,,false,false,0,
2025,regular,6,6,6,Week 6,2025-09-28,213,Penn State Nittany Lions,PSU,FBS,Big Ten Conference,true,7,3,-4,false,false,6,2
2025,regular,6,6,6,Week 6,2025-09-28,218,Temple Owls,TEM,FBS,American Conference,false,,,,false,false,0,
2025,regular,6,6,6,Week 6,2025-09-28,221,Pittsburgh Panthers,PITT,FBS,Atlantic Coast Conference,false,,,,false,false,0,
2025,regular,6,6,6,Week 6,2025-09-28,222,Villanova Wildcats,VILL,FCS,Coastal Athletic Association,false,,,,false,false,0,
2025,regular,6,6,6,Week 6,2025-09-28,227,Rhode Island Rams,URI,FCS,Coastal Athletic Association,false,,,,false,false,0,
2025,regular,6,6,6,Week 6,2025-09-28,228,Clemson Tigers,CLEM,FBS,Atlantic Coast Conference,false,,,,false,false,3,4
2025,regular,6,6,6,Week 6,2025-09-28,231,Furman Paladins,FUR,FCS,Southern Conference,false,,,,false,false,0,
2025,regular,6,6,6,Week 6,2025-09-28,233,South Dakota Coyotes,SDAK,FCS,Missouri Valley Football Conference,false,,,,false,false,0,
2025,regular,6,6,6,Week 6,2025-09-28,235,Memphis Tigers,MEM,FBS,American Conference,false,,,,false,false,0,
2025,regular,6,6,6,Week 6,2025-09-28,236,Chattanooga Mocs,UTC,FCS,Southern Conference,false,,,,false,false,0,
2025,regular,6,6,6,Week 6,2025-09-28,238,Vanderbilt Commodores,VAN,FBS,Southeastern Conference,true,16,18,2,false,false,3,16
2025,regular,6,6,6,Week 6,2025-09-28,239,Baylor Bears,BAY,FBS,Big 12 Conference,false,,,,false,false,0,
2025,regular,6,6,6,Week 6,2025-09-28,242,Rice Owls,RICE,FBS,American Conference,false,,,,false,false,0,
2025,regular,6,6,6,Week 6,2025-09-28,245,Texas A&M Aggies,TA&M,FBS,Southeastern Conference,true,6,9,3,false,false,6,6
2025,regular,6,6,6,Week 6,2025-09-28,248,Houston Cougars,HOU,FBS,Big 12 Conference,false,,,,false,false,0,
2025,regular,6,6,6,Week 6,2025-09-28,249,North Texas Mean Green,UNT,FBS,American Conference,false,,,,false,false,0,
2025,regular,6,6,6,Week 6,2025-09-28,251,Texas Longhorns,TEX,FBS,Southeastern Conference,true,9,10,1,false,false,6,1
2025,regular,6,6,6,Week 6,2025-09-28,252,BYU Cougars,BYU,FBS,Big 12 Conference,true,23,25,2,false,false,2,23
2025,regular,6,6,6,Week 6,2025-09-28,254,Utah Utes,UTAH,FBS,Big 12 Conference,false,,,,false,false,3,16
2025,regular,6,6,6,Week 6,2025-09-28,256,James Madison Dukes,JMU,FBS,Sun Belt Conference,false,,,,false,false,0,
2025,regular,6,6,6,Week 6,2025-09-28,257,Richmond Spiders,RICH,FCS,Patriot League,false,,,,false,false,0,
2025,regular,6,6,6,Week 6,2025-09-28,258,Virginia Cavaliers,UVA,FBS,Atlantic Coast Conference,true,24,,,true,false,1,24
2025,regular,6,6,6,Week 6,2025-09-28,259,Virginia Tech Hokies,VT,FBS,Atlantic Coast Conference,false,,,,false,false,0,
2025,regular,6,6,6,Week 6,2025-09-28,264,Washington Huskies,WASH,FBS,Big Ten Conference,false,,,,false,false,0,
2025,regular,6,6,6,Week 6,2025-09-28,265,Washington State Cougars,WSU,FBS,Pac-12 Conference,false,,,,false,false,0,
2025,regular,6,6,6,Week 6,2025-09-28,275,Wisconsin Badgers,WIS,FBS,Big Ten Conference,false,,,,false,false,0,
2025,regular,6,6,6,Week 6,2025-09-28,276,Marshall Thundering Herd,MRSH,FBS,Sun Belt Conference,false,,,,false,false,0,
2025,regular,6,6,6,Week 6,2025-09-28,277,West Virginia Mountaineers,WVU,FBS,Big 12 Conference,false,,,,false,false,0,
2025,regular,6,6,6,Week 6,2025-09-28,278,Fresno State Bulldogs,FRES,FBS,Mountain West Conference,false,,,,false,false,0,
2025,regular,6,6,6,Week 6,2025-09-28,282,Indiana State Sycamores,INST,FCS,Missouri Valley Football Conference,false,,,,false,false,0,
2025,regular,6,6,6,Week 6,2025-09-28,290,Georgia Southern Eagles,GASO,FBS,Sun Belt Conference,false,,,,false,false,0,
2025,regular,6,6,6,Week 6,2025-09-28,295,Old Dominion Monarchs,ODU,FBS,Sun Belt Conference,false,,,,false,false,0,
2025,regular,6,6,6,Week 6,2025-09-28,302,UC Davis Aggies,UCD,FCS,Big Sky Conference,false,,,,false,false,0,
2025,regular,6,6,6,Week 6,2025-09-28,304,Idaho State Bengals,IDST,FCS,Big Sky Conference,false,,,,false,false,0,
2025,regular,6,6,6,Week 6,2025-09-28,309,Louisiana Ragin' Cajuns,UL,FBS,Sun Belt Conference,false,,,,false,false,0,
2025,regular,6,6,6,Week 6,2025-09-28,311,Maine Black Bears,ME,FCS,Coastal Athletic Association,false,,,,false,false,0,
2025,regular,6,6,6,Week 6,2025-09-28,322,Lafayette Leopards,LAF,FCS,Patriot League,false,,,,false,false,0,
2025,regular,6,6,6,Week 6,2025-09-28,324,Coastal Carolina Chanticleers,CCU,FBS,Sun Belt Conference,false,,,,false,false,0,
2025,regular,6,6,6,Week 6,2025-09-28,326,Texas State Bobcats,TXST,FBS,Sun Belt Conference,false,,,,false,false,0,
2025,regular,6,6,6,Week 6,2025-09-28,328,Utah State Aggies,USU,FBS,Mountain West Conference,false,,,,false,false,0,
2025,regular,6,6,6,Week 6,2025-09-28,331,Eastern Washington Eagles,EWU,FCS,Big Sky Conference,false,,,,false,false,0,
2025,regular,6,6,6,Week 6,2025-09-28,333,Alabama Crimson Tide,ALA,FBS,Southeastern Conference,true,10,17,7,false,false,6,8
2025,regular,6,6,6,Week 6,2025-09-28,338,Kennesaw State Owls,KENN,FBS,Conference USA,false,,,,false,false,0,
2025,regular,6,6,6,Week 6,2025-09-28,344,Mississippi State Bulldogs,MSST,FBS,Southeastern Conference,false,,,,false,false,0,
2025,regular,6,6,6,Week 6,2025-09-28,349,Army Black Knights,ARMY,FBS,American Conference,false,,,,false,false,0,
2025,regular,6,6,6,Week 6,2025-09-28,356,Illinois Fighting Illini,ILL,FBS,Big Ten Conference,true,22,23,1,false,false,6,9
2025,regular,6,6,6,Week 6,2025-09-28,399,UAlbany Great Danes,ALB,FCS,Coastal Athletic Association,false,,,,false,false,0,
2025,regular,6,6,6,Week 6,2025-09-28,2000,Abilene Christian Wildcats,ACU,FCS,United Athletic Conference,false,,,,false,false,0,
2025,regular,6,6,6,Week 6,2025-09-28,2005,Air Force Falcons,AFA,FBS,Mountain West Conference,false,,,,false,false,0,
2025,regular,6,6,6,Week 6,2025-09-28,2006,Akron Zips,AKR,FBS,Mid-American Conference,false,,,,false,false,0,
2025,regular,6,6,6,Week 6,2025-09-28,2010,Alabama A&M Bulldogs,AAMU,FCS,Southwestern Athletic Conference,false,,,,false,false,0,
2025,regular,6,6,6,Week 6,2025-09-28,2011,Alabama State Hornets,ALST,FCS,Southwestern Athletic Conference,false,,,,false,false,0,
2025,regular,6,6,6,Week 6,2025-09-28,2016,Alcorn State Braves,ALCN,FCS,Southwestern Athletic Conference,false,,,,false,false,0,
2025,regular,6,6,6,Week 6,2025-09-28,2026,App State Mountaineers,APP,FBS,Sun Belt Conference,false,,,,false,false,0,
2025,regular,6,6,6,Week 6,2025-09-28,2029,Arkansas-Pine Bluff Golden Lions,UAPB,FCS,Southwestern Athletic Conference,false,,,,false,false,0,
2025,regular,6,6,6,Week 6,2025-09-28,2032,Arkansas State Red Wolves,ARST,FBS,Sun Belt Conference,false,,,,false,false,0,
2025,regular,6,6,6,Week 6,2025-09-28,2046,Austin Peay Governors,APSU,FCS,United Athletic Conference,false,,,,false,false,0,
2025,regular,6,6,6,Week 6,2025-09-28,2050,Ball State Cardinals,BALL,FBS,Mid-American Conference,false,,,,false,false,0,
2025,regular,6,6,6,Week 6,2025-09-28,2065,Bethune-Cookman Wildcats,BCU,FCS,Southwestern Athletic Conference,false,,,,false,false,0,
2025,regular,6,6,6,Week 6,2025-09-28,2083,Bucknell Bison,BUCK,FCS,Patriot League,false,,,,false,false,0,
2025,regular,6,6,6,Week 6,2025-09-28,2084,Buffalo Bulls,BUFF,FBS,Mid-American Conference,false,,,,false,false,0,
2025,regular,6,6,6,Week 6,2025-09-28,2097,Campbell Fighting Camels,CAM,FCS,Coastal Athletic Association,false,,,,false,false,0,
2025,regular,6,6,6,Week 6,2025-09-28,2110,Central Arkansas Bears,CARK,FCS,United Athletic Conference,false,,,,false,false,0,
2025,regular,6,6,6,Week 6,2025-09-28,2115,Central Connecticut Blue Devils,CCSU,FCS,Northeast Conference,false,,,,false,false,0,
2025,regular,6,6,6,Week 6,2025-09-28,2116,UCF Knights,UCF,FBS,Big 12 Conference,false,,,,false,false,0,
2025,regular,6,6,6,Week 6,2025-09-28,2117,Central Michigan Chippewas,CMU,FBS,Mid-American Conference,false,,,,false,false,0,
2025,regular,6,6,6,Week 6,2025-09-28,2127,Charleston Southern Buccaneers,CHSO,FCS,Ohio Valley Conference,false,,,,false,false,0,
2025,regular,6,6,6,Week 6,2025-09-28,2132,Cincinnati Bearcats,CIN,FBS,Big 12 Conference,false,,,,false,false,0,
2025,regular,6,6,6,Week 6,2025-09-28,2142,Colgate Raiders,COLG,FCS,Patriot League,false,,,,false,false,0,
2025,regular,6,6,6,Week 6,2025-09-28,2169,Delaware State Hornets,DSU,FCS,Mid-Eastern Athletic Conference,false,,,,false,false,0,
2025,regular,6,6,6,Week 6,2025-09-28,2184,Duquesne Dukes,DUQ,FCS,Northeast Conference,false,,,,false,false,0,
2025,regular,6,6,6,Week 6,2025-09-28,2193,East Tennessee State Buccaneers,ETSU,FCS,Southern Conference,false,,,,false,false,0,
2025,regular,6,6,6,Week 6,2025-09-28,2197,Eastern Illinois Panthers,EIU,FCS,Ohio Valley Conference,false,,,,false,false,0,
2025,regular,6,6,6,Week 6,2025-09-28,2198,Eastern Kentucky Colonels,EKU,FCS,United Athletic Conference,false,,,,false,false,0,
2025,regular,6,6,6,Week 6,2025-09-28,2199,Eastern Michigan Eagles,EMU,FBS,Mid-American Conference,false,,,,false,false,0,
2025,regular,6,6,6,Week 6,2025-09-28,2210,Elon Phoenix,ELON,FCS,Coastal Athletic Association,false,,,,false,false,0,
2025,regular,6,6,6,Week 6,2025-09-28,2226,Florida Atlantic Owls,FAU,FBS,American Conference,false,,,,false,false,0,
2025,regular,6,6,6,Week 6,2025-09-28,2229,Florida International Panthers,FIU,FBS,Conference USA,false,,,,false,false,0,
2025,regular,6,6,6,Week 6,2025-09-28,2230,Fordham Rams,FOR,FCS,Patriot League,false,,,,false,false,0,
2025,regular,6,6,6,Week 6,2025-09-28,2241,Gardner-Webb Runnin' Bulldogs,GWEB,FCS,Ohio Valley Conference,false,,,,false,false,0,
2025,regular,6,6,6,Week 6,2025-09-28,2247,Georgia State Panthers,GAST,FBS,Sun Belt Conference,false,,,,false,false,0,
2025,regular,6,6,6,Week 6,2025-09-28,2277,Houston Christian Huskies,HCU,FCS,Southland Conference,false,,,,false,false,0,
2025,regular,6,6,6,Week 6,2025-09-28,2287,Illinois State Redbirds,ILST,FCS,Missouri Valley Football Conference,false,,,,false,false,0,
2025,regular,6,6,6,Week 6,2025-09-28,2294,Iowa Hawkeyes,IOWA,FBS,Big Ten Conference,false,,,,false,false,0,
2025,regular,6,6,6,Week 6,2025-09-28,2296,Jackson State Tigers,JKST,FCS,Southwestern Athletic Conference,false,,,,false,false,0,
2025,regular,6,6,6,Week 6,2025-09-28,2305,Kansas Jayhawks,KU,FBS,Big 12 Conference,false,,,,false,false,0,
2025,regular,6,6,6,Week 6,2025-09-28,2306,Kansas State Wildcats,KSU,FBS,Big 12 Conference,false,,,,false,false,1,17
2025,regular,6,6,6,Week 6,2025-09-28,2309,Kent State Golden Flashes,KENT,FBS,Mid-American Conference,false,,,,false,false,0,
2025,regular,6,6,6,Week 6,2025-09-28,2320,Lamar Cardinals,LAM,FCS,Southland Conference,false,,,,false,false,0,
2025,regular,6,6,6,Week 6,2025-09-28,2335,Liberty Flames,LIB,FBS,Conference USA,false,,,,false,false,0,
2025,regular,6,6,6,Week 6,2025-09-28,2341,Long Island University Sharks,LIU,FCS,Northeast Conference,false,,,,false,false,0,
2025,regular,6,6,6,Week 6,2025-09-28,2348,Louisiana Tech Bulldogs,LT,FBS,Conference USA,false,,,,false,false,0,
2025,regular,6,6,6,Week 6,2025-09-28,2377,McNeese Cowboys,MCN,FCS,Southland Conference,false,,,,false,false,0,
2025,regular,6,6,6,Week 6,2025-09-28,2382,Mercer Bears,MER,FCS,Southern Conference,false,,,,false,false,0,
2025,regular,6,6,6,Week 6,2025-09-28,2385,Mercyhurst Lakers,MERC,FCS,Northeast Conference,false,,,,false,false,0,
2025,regular,6,6,6,Week 6,2025-09-28,2390,Miami Hurricanes,MIA,FBS,Atlantic Coast Conference,true,3,2,-1,false,false,6,2
2025,regular,6,6,6,Week 6,2025-09-28,2393,Middle Tennessee Blue Raiders,MTSU,FBS,Conference USA,false,,,,false,false,0,
2025,regular,6,6,6,Week 6,2025-09-28,2405,Monmouth Hawks,MONM,FCS,Coastal Athletic Association,false,,,,false,false,0,
2025,regular,6,6,6,Week 6,2025-09-28,2415,Morgan State Bears,MORG,FCS,Mid-Eastern Athletic Conference,false,,,,false,false,0,
2025,regular,6,6,6,Week 6,2025-09-28,2426,Navy Midshipmen,NAVY,FBS,American Conference,false,,,,false,false,0,
2025,regular,6,6,6,Week 6,2025-09-28,2428,North Carolina Central Eagles,NCCU,FCS,Mid-Eastern Athletic Conference,false,,,,false,false,0,
2025,regular,6,6,6,Week 6,2025-09-28,2429,Charlotte 49ers,CLT,FBS,American Conference,false,,,,false,false,0,
2025,regular,6,6,6,Week 6,2025-09-28,2433,UL Monroe Warhawks,ULM,FBS,Sun Belt Conference,false,,,,false,false,0,
2025,regular,6,6,6,Week 6,2025-09-28,2439,UNLV Rebels,UNLV,FBS,Mountain West Conference,false,,,,false,false,0,
2025,regular,6,6,6,Week 6,2025-09-28,2440,Nevada Wolf Pack,NEV,FBS,Mountain West Conference,false,,,,false,false,0,
2025,regular,6,6,6,Week 6,2025-09-28,2447,Nicholls Colonels,NICH,FCS,Southland Conference,false,,,,false,false,0,
2025,regular,6,6,6,Week 6,2025-09-28,2448,North Carolina A&T Aggies,NCAT,FCS,Coastal Athletic Association,false,,,,false,false,0,
2025,regular,6,6,6,Week 6,2025-09-28,2449,North Dakota State Bison,NDSU,FCS,Missouri Valley Football Conference,false,,,,false,false,0,
2025,regular,6,6,6,Week 6,2025-09-28,2450,Norfolk State Spartans,NORF,FCS,Mid-Eastern Athletic Conference,false,,,,false,false,0,
2025,regular,6,6,6,Week 6,2025-09-28,2453,North Alabama Lions,UNA,FCS,United Athletic Conference,false,,,,false,false,0,
2025,regular,6,6,6,Week 6,2025-09-28,2458,Northern Colorado Bears,UNCO,FCS,Big Sky Conference,false,,,,false,false,0,
2025,regular,6,6,6,Week 6,2025-09-28,2459,Northern Illinois Huskies,NIU,FBS,Mid-American Conference,false,,,,false,false,0,
2025,regular,6,6,6,Week 6,2025-09-28,2460,Northern Iowa Panthers,UNI,FCS,Missouri Valley Football Conference,false,,,,false,false,0,
2025,regular,6,6,6,Week 6,2025-09-28,2464,Northern Arizona Lumberjacks,NAU,FCS,Big Sky Conference,false,,,,false,false,0,
2025,regular,6,6,6,Week 6,2025-09-28,2466,Northwestern State Demons,NWST,FCS,Southland Conference,false,,,,false,false,0,
2025,regular,6,6,6,Week 6,2025-09-28,2483,Oregon Ducks,ORE,FBS,Big Ten Conference,true,2,6,4,false,false,6,2
2025,regular,6,6,6,Week 6,2025-09-28,2502,Portland State Vikings,PRST,FCS,Big Sky Conference,false,,,,false,false,0,
2025,regular,6,6,6,Week 6,2025-09-28,2504,Prairie View A&M Panthers,PV,FCS,Southwestern Athletic Conference,false,,,,false,false,0,
2025,regular,6,6,6,Week 6,2025-09-28,2509,Purdue Boilermakers,PUR,FBS,Big Ten Conference,false,,,,false,false,0,
2025,regular,6,6,6,Week 6,2025-09-28,2523,Robert Morris Colonials,RMU,FCS,Northeast Conference,false,,,,false,false,0,
2025,regular,6,6,6,Week 6,2025-09-28,2534,Sam Houston Bearkats,SHSU,FBS,Conference USA,false,,,,false,false,0,
2025,regular,6,6,6,Week 6,2025-09-28,2535,Samford Bulldogs,SAM,FCS,Southern Conference,false,,,,false,false,0,
2025,regular,6,6,6,Week 6,2025-09-28,2545,SE Louisiana Lions,SELA,FCS,Southland Conference,false,,,,false,false,0,
2025,regular,6,6,6,Week 6,2025-09-28,2546,Southeast Missouri State Redhawks,SEMO,FCS,Ohio Valley Conference,false,,,,false,false,0,
2025,regular,6,6,6,Week 6,2025-09-28,2567,SMU Mustangs,SMU,FBS,Atlantic Coast Conference,false,,,,false,false,2,16
2025,regular,6,6,6,Week 6,2025-09-28,2569,South Carolina State Bulldogs,SCST,FCS,Mid-Eastern Athletic Conference,false,,,,false,false,0,
2025,regular,6,6,6,Week 6,2025-09-28,2571,South Dakota State Jackrabbits,SDST,FCS,Missouri Valley Football Conference,false,,,,false,false,0,
2025,regular,6,6,6,Week 6,2025-09-28,2572,Southern Miss Golden Eagles,USM,FBS,Sun Belt Conference,false,,,,false,false,0,
2025,regular,6,6,6,Week 6,2025-09-28,2579,South Carolina Gamecocks,SC,FBS,Southeastern Conference,false,,,,false,false,3,10
2025,regular,6,6,6,Week 6,2025-09-28,2582,Southern Jaguars,SOU,FCS,Southwestern Athletic Conference,false,,,,false,false,0,
2025,regular,6,6,6,Week 6,2025-09-28,2598,Saint Francis Red Flash,SFPA,FCS,Northeast Conference,false,,,,false,false,0,
2025,regular,6,6,6,Week 6,2025-09-28,2617,Stephen F. Austin Lumberjacks,SFA,FCS,Southland Conference,false,,,,false,false,0,
2025,regular,6,6,6,Week 6,2025-09-28,2619,Stony Brook Seawolves,STBK,FCS,Coastal Athletic Association,false,,,,false,false,0,
2025,regular,6,6,6,Week 6,2025-09-28,2623,Missouri State Bears,MOST,FBS,Conference USA,false,,,,false,false,0,
2025,regular,6,6,6,Week 6,2025-09-28,2627,Tarleton State Texans,TAR,FCS,United Athletic Conference,false,,,,false,false,0,
2025,regular,6,6,6,Week 6,2025-09-28,2628,TCU Horned Frogs,TCU,FBS,Big 12 Conference,false,,24,,false,true,1,24
2025,regular,6,6,6,Week 6,2025-09-28,2630,UT Martin Skyhawks,UTM,FCS,Ohio Valley Conference,false,,,,false,false,0,
2025,regular,6,6,6,Week 6,2025-09-28,2633,Tennessee Volunteers,TENN,FBS,Southeastern Conference,true,15,15,0,false,false,6,15
2025,regular,6,6,6,Week 6,2025-09-28,2634,Tennessee State Tigers,TNST,FCS,Ohio Valley Conference,false,,,,false,false,0,
2025,regular,6,6,6,Week 6,2025-09-28,2635,Tennessee Tech Golden Eagles,TNTC,FCS,Ohio Valley Conference,false,,,,false,false,0,
2025,regular,6,6,6,Week 6,2025-09-28,2636,UTSA Roadrunners,UTSA,FBS,American Conference,false,,,,false,false,0,
2025,regular,6,6,6,Week 6,2025-09-28,2638,UTEP Miners,UTEP,FBS,Conference USA,false,,,,false,false,0,
2025,regular,6,6,6,Week 6,2025-09-28,2640,Texas Southern Tigers,TXSO,FCS,Southwestern Athletic Conference,false,,,,false,false,0,
2025,regular,6,6,6,Week 6,2025-09-28,2641,Texas Tech Red Raiders,TTU,FBS,Big 12 Conference,true,11,12,1,false,false,6,11
2025,regular,6,6,6,Week 6,2025-09-28,2643,The Citadel Bulldogs,CIT,FCS,Southern Conference,false,,,,false,false,0,
2025,regular,6,6,6,Week 6,2025-09-28,2649,Toledo Rockets,TOL,FBS,Mid-American Conference,false,,,,false,false,0,
2025,regular,6,6,6,Week 6,2025-09-28,2653,Troy Trojans,TROY,FBS,Sun Belt Conference,false,,,,false,false,0,
2025,regular,6,6,6,Week 6,2025-09-28,2655,Tulane Green Wave,TULN,FBS,American Conference,false,,,,false,false,0,
2025,regular,6,6,6,Week 6,2025-09-28,2678,VMI Keydets,VMI,FCS,Southern Conference,false,,,,false,false,0,
2025,regular,6,6,6,Week 6,2025-09-28,2681,Wagner Seahawks,WAG,FCS,Northeast Conference,false,,,,false,false,0,
2025,regular,6,6,6,Week 6,2025-09-28,2692,Weber State Wildcats,WEB,FCS,Big Sky Conference,false,,,,false,false,0,
2025,regular,6,6,6,Week 6,2025-09-28,2710,Western Illinois Leathernecks,WIU,FCS,Ohio Valley Conference,false,,,,false,false,0,
2025,regular,6,6,6,Week 6,2025-09-28,2711,Western Michigan Broncos,WMU,FBS,Mid-American Conference,false,,,,false,false,0,
2025,regular,6,6,6,Week 6,2025-09-28,2717,Western Carolina Catamounts,WCU,FCS,Southern Conference,false,,,,false,false,0,
2025,regular,6,6,6,Week 6,2025-09-28,2729,William & Mary Tribe,W&M,FCS,Coastal Athletic Association,false,,,,false,false,0,
2025,regular,6,6,6,Week 6,2025-09-28,2747,Wofford Terriers,WOF,FCS,Southern Conference,false,,,,false,false,0,
2025,regular,6,6,6,Week 6,2025-09-28,2751,Wyoming Cowboys,WYO,FBS,Mountain West Conference,false,,,,false,false,0,
2025,regular,6,6,6,Week 6,2025-09-28,2754,Youngstown State Penguins,YSU,FCS,Missouri Valley Football Conference,false,,,,false,false,0,
2025,regular,6,6,6,Week 6,2025-09-28,2755,Grambling Tigers,GRAM,FCS,Southwestern Athletic Conference,false,,,,false,false,0,
2025,regular,6,6,6,Week 6,2025-09-28,2771,Merrimack Warriors,MRMK,FCS,FCS Independents,false,,,,false,false,0,
2025,regular,6,6,6,Week 6,2025-09-28,2803,Bryant Bulldogs,BRY,FCS,Coastal Athletic Association,false,,,,false,false,0,
2025,regular,6,6,6,Week 6,2025-09-28,2815,Lindenwood Lions,LIN,FCS,Ohio Valley Conference,false,,,,false,false,0,
2025,regular,6,6,6,Week 6,2025-09-28,2837,East Texas A&M Lions,ETAM,FCS,Southland Conference,false,,,,false,false,0,
2025,regular,6,6,6,Week 6,2025-09-28,2900,St. Thomas-Minnesota Tommies,STMN,FCS,Pioneer Football League,false,,,,false,false,0,
2025,regular,6,6,6,Week 6,2025-09-28,2916,Incarnate Word Cardinals,UIW,FCS,Southland Conference,false,,,,false,false,0,
2025,regular,7,7,7,Week 7,2025-10-05,2,Auburn Tigers,AUB,FBS,Southeastern Conference,false,,,,false,false,2,22
2025,regular,7,7,7,Week 7,2025-10-05,5,UAB Blazers,UAB,FBS,American Conference,false,,,,false,false,0,
2025,regular,7,7,7,Week 7,2025-10-05,6,South Alabama Jaguars,USA,FBS,Sun Belt Conference,false,,,,false,false,0,
2025,regular,7,7,7,Week 7,2025-10-05,8,Arkansas Razorbacks,ARK,FBS,Southeastern Conference,false,,,,false,false,0,
2025,regular,7,7,7,Week 7,2025-10-05,9,Arizona State Sun Devils,ASU,FBS,Big 12 Conference,true,21,25,4,false,false,4,11
2025,regular,7,7,7,Week 7,2025-10-05,12,Arizona Wildcats,ARIZ,FBS,Big 12 Conference,false,,,,false,false,0,
2025,regular,7,7,7,Week 7,2025-10-05,13,Cal Poly Mustangs,CP,FCS,Big Sky Conference,false,,,,false,false,0,
2025,regular,7,7,7,Week 7,2025-10-05,16,Sacramento State Hornets,SAC,FCS,Big Sky Conference,false,,,,false,false,0,
2025,regular,7,7,7,Week 7,2025-10-05,21,San Diego State Aztecs,SDSU,FBS,Mountain West Conference,false,,,,false,false,0,
2025,regular,7,7,7,Week 7,2025-10-05,23,San José State Spartans,SJSU,FBS,Mountain West Conference,false,,,,false,false,0,
2025,regular,7,7,7,Week 7,2025-10-05,24,Stanford Cardinal,STAN,FBS,Atlantic Coast Conference,false,,,,false,false,0,
2025,regular,7,7,7,Week 7,2025-10-05,25,California Golden Bears,CAL,FBS,Atlantic Coast Conference,false,,,,false,false,0,
2025,regular,7,7,7,Week 7,2025-10-05,26,UCLA Bruins,UCLA,FBS,Big Ten Conference,false,,,,false,false,0,
2025,regular,7,7,7,Week 7,2025-10-05,30,USC Trojans,USC,FBS,Big Ten Conference,false,,,,false,false,2,21
2025,regular,7,7,7,Week 7,2025-10-05,36,Colorado State Rams,CSU,FBS,Mountain West Conference,false,,,,false,false,0,
2025,regular,7,7,7,Week 7,2025-10-05,38,Colorado Buffaloes,COLO,FBS,Big 12 Conference,false,,,,false,false,0,
2025,regular,7,7,7,Week 7,2025-10-05,41,UConn Huskies,CONN,FBS,FBS Independents,false,,,,false,false,0,
2025,regular,7,7,7,Week 7,2025-10-05,47,Howard Bison,HOW,FCS,Mid-Eastern Athletic Conference,false,,,,false,false,0,
2025,regular,7,7,7,Week 7,2025-10-05,48,Delaware Blue Hens,DEL,FBS,Conference USA,false,,,,false,false,0,
2025,regular,7,7,7,Week 7,2025-10-05,50,Florida A&M Rattlers,FAMU,FCS,Southwestern Athletic Conference,false,,,,false,false,0,
2025,regular,7,7,7,Week 7,2025-10-05,52,Florida State Seminoles,FSU,FBS,Atlantic Coast Conference,true,25,18,-7,false,false,6,7
2025,regular,7,7,7,Week 7,2025-10-05,55,Jacksonville State Gamecocks,JVST,FBS,Conference USA,false,,,,false,false,0,
2025,regular,7,7,7,Week 7,2025-10-05,57,Florida Gators,FLA,FBS,Southeastern Conference,false,,,,false,false,2,13
2025,regular,7,7,7,Week 7,2025-10-05,58,South Florida Bulls,USF,FBS,American Conference,true,24,,,true,false,2,18
2025,regular,7,7,7,Week 7,2025-10-05,59,Georgia Tech Yellow Jackets,GT,FBS,Atlantic Coast Conference,true,13,17,4,false,false,4,13
2025,regular,7,7,7,Week 7,2025-10-05,61,Georgia Bulldogs,UGA,FBS,Southeastern Conference,true,10,12,2,false,false,7,4
2025,regular,7,7,7,Week 7,2025-10-05,62,Hawai'i Rainbow Warriors,HAW,FBS,Mountain West Conference,false,,,,false,false,0,
2025,regular,7,7,7,Week 7,2025-10-05,66,Iowa State Cyclones,ISU,FBS,Big 12 Conference,true,22,14,-8,false,false,7,12
2025,regular,7,7,7,Week 7,2025-10-05,68,Boise State Broncos,BOIS,FBS,Mountain West Conference,false,,,,false,false,1,25
2025,regular,7,7,7,Week 7,2025-10-05,70,Idaho Vandals,IDHO,FCS,Big Sky Conference,false,,,,false,false,0,
2025,regular,7,7,7,Week 7,2025-10-05,77,Northwestern Wildcats,NU,FBS,Big Ten Conference,false,,,,false,false,0,
2025,regular,7,7,7,Week 7,2025-10-05,79,Southern Illinois Salukis,SIU,FCS,Missouri Valley Football Conference,false,,,,false,false,0,
2025,regular,7,7,7,Week 7,2025-10-05,84,Indiana Hoosiers,IU,FBS,Big Ten Conference,true,7,8,1,false,false,7,7
2025,regular,7,7,7,Week 7,2025-10-05,87,Notre Dame Fighting Irish,ND,FBS,FBS Independents,true,16,21,5,false,false,7,6
2025,regular,7,7,7,Week 7,2025-10-05,93,Murray State Racers,MUR,FCS,Missouri Valley Football Conference,false,,,,false,false,0,
2025,regular,7,7,7,Week 7,2025-10-05,96,Kentucky Wildcats,UK,FBS,Southeastern Conference,false,,,,false,false,0,
2025,regular,7,7,7,Week 7,2025-10-05,97,Louisville Cardinals,LOU,FBS,Atlantic Coast Conference,false,,,,false,false,0,
2025,regular,7,7,7,Week 7,2025-10-05,98,Western Kentucky Hilltoppers,WKU,FBS,Conference USA,false,,,,false,false,0,
2025,regular,7,7,7,Week 7,2025-10-05,99,LSU Tigers,LSU,FBS,Southeastern Conference,true,11,13,2,false,false,7,3
2025,regular,7,7,7,Week 7,2025-10-05,103,Boston College Eagles,BC,FBS,Atlantic Coast Conference,false,,,,false,false,0,
2025,regular,7,7,7,Week 7,2025-10-05,107,Holy Cross Crusaders,HC,FCS,Patriot League,false,,,,false,false,0,
2025,regular,7,7,7,Week 7,2025-10-05,113,Massachusetts Minutemen,MASS,FBS,Mid-American Conference,false,,,,false,false,0,
2025,regular,7,7,7,Week 7,2025-10-05,119,Towson Tigers,TOW,FCS,Coastal Athletic Association,false,,,,false,false,0,
2025,regular,7,7,7,Week 7,2025-10-05,120,Maryland Terrapins,MD,FBS,Big Ten Conference,false,,,,false,false,0,
2025,regular,7,7,7,Week 7,2025-10-05,127,Michigan State Spartans,MSU,FBS,Big Ten Conference,false,,,,false,false,0,
2025,regular,7,7,7,Week 7,2025-10-05,130,Michigan Wolverines,MICH,FBS,Big Ten Conference,true,15,20,5,false,false,7,14
2025,regular,7,7,7,Week 7,2025-10-05,135,Minnesota Golden Gophers,MINN,FBS,Big Ten Conference,false,,,,false,false,0,
2025,regular,7,7,7,Week 7,2025-10-05,142,Missouri Tigers,MIZ,FBS,Southeastern Conference,true,14,19,5,false,false,5,14
2025,regular,7,7,7,Week 7,2025-10-05,145,Ole Miss Rebels,MISS,FBS,Southeastern Conference,true,4,4,0,false,false,7,4
2025,regular,7,7,7,Week 7,2025-10-05,147,Montana State Bobcats,MTST,FCS,Big Sky Conference,false,,,,false,false,0,
2025,regular,7,7,7,Week 7,2025-10-05,149,Montana Grizzlies,MONT,FCS,Big Sky Conference,false,,,,false,false,0,
2025,regular,7,7,7,Week 7,2025-10-05,150,Duke Blue Devils,DUKE,FBS,Atlantic Coast Conference,false,,,,false,false,0,
2025,regular,7,7,7,Week 7,2025-10-05,151,East Carolina Pirates,ECU,FBS,American Conference,false,,,,false,false,0,
2025,regular,7,7,7,Week 7,2025-10-05,152,NC State Wolfpack,NCSU,FBS,Atlantic Coast Conference,false,,,,false,false,0,
2025,regular,7,7,7,Week 7,2025-10-05,153,North Carolina Tar Heels,UNC,FBS,Atlantic Coast Conference,false,,,,false,false,0,
2025,regular,7,7,7,Week 7,2025-10-05,154,Wake Forest Demon Deacons,WAKE,FBS,Atlantic Coast Conference,false,,,,false,false,0,
2025,regular,7,7,7,Week 7,2025-10-05,155,North Dakota Fighting Hawks,UND,FCS,Missouri Valley Football Conference,false,,,,false,false,0,
2025,regular,7,7,7,Week 7,2025-10-05,158,Nebraska Cornhuskers,NEB,FBS,Big Ten Conference,false,,,,false,false,0,
2025,regular,7,7,7,Week 7,2025-10-05,160,New Hampshire Wildcats,UNH,FCS,Coastal Athletic Association,false,,,,false,false,0,
2025,regular,7,7,7,Week 7,2025-10-05,164,Rutgers Scarlet Knights,RUTG,FBS,Big Ten Conference,false,,,,false,false,0,
2025,regular,7,7,7,Week 7,2025-10-05,166,New Mexico State Aggies,NMSU,FBS,Conference USA,false,,,,false,false,0,
2025,regular,7,7,7,Week 7,2025-10-05,167,New Mexico Lobos,UNM,FBS,Mountain West Conference,false,,,,false,false,0,
2025,regular,7,7,7,Week 7,2025-10-05,183,Syracuse Orange,SYR,FBS,Atlantic Coast Conference,false,,,,false,false,0,
2025,regular,7,7,7,Week 7,2025-10-05,189,Bowling Green Falcons,BGSU,FBS,Mid-American Conference,false,,,,false,false,0,
2025,regular,7,7,7,Week 7,2025-10-05,193,Miami (OH) RedHawks,M-OH,FBS,Mid-American Conference,false,,,,false,false,0,
2025,regular,7,7,7,Week 7,2025-10-05,194,Ohio State Buckeyes,OSU,FBS,Big Ten Conference,true,1,1,0,false,false,7,1
2025,regular,7,7,7,Week 7,2025-10-05,195,Ohio Bobcats,OHIO,FBS,Mid-American Conference,false,,,,false,false,0,
2025,regular,7,7,7,Week 7,2025-10-05,197,Oklahoma State Cowboys,OKST,FBS,Big 12 Conference,false,,,,false,false,0,
2025,regular,7,7,7,Week 7,2025-10-05,201,Oklahoma Sooners,OU,FBS,Southeastern Conference,true,6,5,-1,false,false,7,5
2025,regular,7,7,7,Week 7,2025-10-05,202,Tulsa Golden Hurricane,TLSA,FBS,American Conference,false,,,,false,false,0,
2025,regular,7,7,7,Week 7,2025-10-05,204,Oregon State Beavers,ORST,FBS,Pac-12 Conference,false,,,,false,false,0,
2025,regular,7,7,7,Week 7,2025-10-05,213,Penn State Nittany Lions,PSU,FBS,Big Ten Conference,false,,7,,false,true,6,2
2025,regular,7,7,7,Week 7,2025-10-05,218,Temple Owls,TEM,FBS,American Conference,false,,,,false,false,0,
2025,regular,7,7,7,Week 7,2025-10-05,221,Pittsburgh Panthers,PITT,FBS,Atlantic Coast Conference,false,,,,false,false,0,
2025,regular,7,7,7,Week 7,2025-10-05,222,Villanova Wildcats,VILL,FCS,Coastal Athletic Association,false,,,,false,false,0,
2025,regular,7,7,7,Week 7,2025-10-05,227,Rhode Island Rams,URI,FCS,Coastal Athletic Association,false,,,,false,false,0,
2025,regular,7,7,7,Week 7,2025-10-05,228,Clemson Tigers,CLEM,FBS,Atlantic Coast Conference,false,,,,false,false,3,4
2025,regular,7,7,7,Week 7,2025-10-05,231,Furman Paladins,FUR,FCS,Southern Conference,false,,,,false,false,0,
2025,regular,7,7,7,Week 7,2025-10-05,233,South Dakota Coyotes,SDAK,FCS,Missouri Valley Football Conference,false,,,,false,false,0,
2025,regular,7,7,7,Week 7,2025-10-05,235,Memphis Tigers,MEM,FBS,American Conference,true,23,,,true,false,1,23
2025,regular,7,7,7,Week 7,2025-10-05,236,Chattanooga Mocs,UTC,FCS,Southern Conference,false,,,,false,false,0,
2025,regular,7,7,7,Week 7,2025-10-05,238,Vanderbilt Commodores,VAN,FBS,Southeastern Conference,true,20,16,-4,false,false,4,16
2025,regular,7,7,7,Week 7,2025-10-05,239,Baylor Bears,BAY,FBS,Big 12 Conference,false,,,,false,false,0,
2025,regular,7,7,7,Week 7,2025-10-05,242,Rice Owls,RICE,FBS,American Conference,false,,,,false,false,0,
2025,regular,7,7,7,Week 7,2025-10-05,245,Texas A&M Aggies,TA&M,FBS,Southeastern Conference,true,5,6,1,false,false,7,5
2025,regular,7,7,7,Week 7,2025-10-05,248,Houston Cougars,HOU,FBS,Big 12 Conference,false,,,,false,false,0,
2025,regular,7,7,7,Week 7,2025-10-05,249,North Texas Mean Green,UNT,FBS,American Conference,false,,,,false,false,0,
2025,regular,7,7,7,Week 7,2025-10-05,251,Texas Longhorns,TEX,FBS,Southeastern Conference,false,,9,,false,true,6,1
2025,regular,7,7,7,Week 7,2025-10-05,252,BYU Cougars,BYU,FBS,Big 12 Conference,true,18,23,5,false,false,3,18
2025,regular,7,7,7,Week 7,2025-10-05,254,Utah Utes,UTAH,FBS,Big 12 Conference,false,,,,false,false,3,16
2025,regular,7,7,7,Week 7,2025-10-05,256,James Madison Dukes,JMU,FBS,Sun Belt Conference,false,,,,false,false,0,
2025,regular,7,7,7,Week 7,2025-10-05,257,Richmond Spiders,RICH,FCS,Patriot League,false,,,,false,false,0,
2025,regular,7,7,7,Week 7,2025-10-05,258,Virginia Cavaliers,UVA,FBS,Atlantic Coast Conference,true,19,24,5,false,false,2,19
2025,regular,7,7,7,Week 7,2025-10-05,259,Virginia Tech Hokies,VT,FBS,Atlantic Coast Conference,false,,,,false,false,0,
2025,regular,7,7,7,Week 7,2025-10-05,264,Washington Huskies,WASH,FBS,Big Ten Conference,false,,,,false,false,0,
2025,regular,7,7,7,Week 7,2025-10-05,265,Washington State Cougars,WSU,FBS,Pac-12 Conference,false,,,,false,false,0,
2025,regular,7,7,7,Week 7,2025-10-05,275,Wisconsin Badgers,WIS,FBS,Big Ten Conference,false,,,,false,false,0,
2025,regular,7,7,7,Week 7,2025-10-05,276,Marshall Thundering Herd,MRSH,FBS,Sun Belt Conference,false,,,,false,false,0,
2025,regular,7,7,7,Week 7,2025-10-05,277,West Virginia Mountaineers,WVU,FBS,Big 12 Conference,false,,,,false,false,0,
2025,regular,7,7,7,Week 7,2025-10-05,278,Fresno State Bulldogs,FRES,FBS,Mountain West Conference,false,,,,false,false,0,
2025,regular,7,7,7,Week 7,2025-10-05,282,Indiana State Sycamores,INST,FCS,Missouri Valley Football Conference,false,,,,false,false,0,
2025,regular,7,7,7,Week 7,2025-10-05,290,Georgia Southern Eagles,GASO,FBS,Sun Belt Conference,false,,,,false,false,0,
2025,regular,7,7,7,Week 7,2025-10-05,295,Old Dominion Monarchs,ODU,FBS,Sun Belt Conference,false,,,,false,false,0,
2025,regular,7,7,7,Week 7,2025-10-05,302,UC Davis Aggies,UCD,FCS,Big Sky Conference,false,,,,false,false,0,
2025,regular,7,7,7,Week 7,2025-10-05,304,Idaho State Bengals,IDST,FCS,Big Sky Conference,false,,,,false,false,0,
2025,regular,7,7,7,Week 7,2025-10-05,309,Louisiana Ragin' Cajuns,UL,FBS,Sun Belt Conference,false,,,,false,false,0,
2025,regular,7,7,7,Week 7,2025-10-05,311,Maine Black Bears,ME,FCS,Coastal Athletic Association,false,,,,false,false,0,
2025,regular,7,7,7,Week 7,2025-10-05,322,Lafayette Leopards,LAF,FCS,Patriot League,false,,,,false,false,0,
2025,regular,7,7,7,Week 7,2025-10-05,324,Coastal Carolina Chanticleers,CCU,FBS,Sun Belt Conference,false,,,,false,false,0,
2025,regular,7,7,7,Week 7,2025-10-05,326,Texas State Bobcats,TXST,FBS,Sun Belt Conference,false,,,,false,false,0,
2025,regular,7,7,7,Week 7,2025-10-05,328,Utah State Aggies,USU,FBS,Mountain West Conference,false,,,,false,false,0,
2025,regular,7,7,7,Week 7,2025-10-05,331,Eastern Washington Eagles,EWU,FCS,Big Sky Conference,false,,,,false,false,0,
2025,regular,7,7,7,Week 7,2025-10-05,333,Alabama Crimson Tide,ALA,FBS,Southeastern Conference,true,8,10,2,false,false,7,8
2025,regular,7,7,7,Week 7,2025-10-05,338,Kennesaw State Owls,KENN,FBS,Conference USA,false,,,,false,false,0,
2025,regular,7,7,7,Week 7,2025-10-05,344,Mississippi State Bulldogs,MSST,FBS,Southeastern Conference,false,,,,false,false,0,
2025,regular,7,7,7,Week 7,2025-10-05,349,Army Black Knights,ARMY,FBS,American Conference,false,,,,false,false,0,
2025,regular,7,7,7,Week 7,2025-10-05,356,Illinois Fighting Illini,ILL,FBS,Big Ten Conference,true,17,22,5,false,false,7,9
2025,regular,7,7,7,Week 7,2025-10-05,399,UAlbany Great Danes,ALB,FCS,Coastal Athletic Association,false,,,,false,false,0,
2025,regular,7,7,7,Week 7,2025-10-05,2000,Abilene Christian Wildcats,ACU,FCS,United Athletic Conference,false,,,,false,false,0,
2025,regular,7,7,7,Week 7,2025-10-05,2005,Air Force Falcons,AFA,FBS,Mountain West Conference,false,,,,false,false,0,
2025,regular,7,7,7,Week 7,2025-10-05,2006,Akron Zips,AKR,FBS,Mid-American Conference,false,,,,false,false,0,
2025,regular,7,7,7,Week 7,2025-10-05,2010,Alabama A&M Bulldogs,AAMU,FCS,Southwestern Athletic Conference,false,,,,false,false,0,
2025,regular,7,7,7,Week 7,2025-10-05,2011,Alabama State Hornets,ALST,FCS,Southwestern Athletic Conference,false,,,,false,false,0,
2025,regular,7,7,7,Week 7,2025-10-05,2016,Alcorn State Braves,ALCN,FCS,Southwestern Athletic Conference,false,,,,false,false,0,
2025,regular,7,7,7,Week 7,2025-10-05,2026,App State Mountaineers,APP,FBS,Sun Belt Conference,false,,,,false,false,0,
2025,regular,7,7,7,Week 7,2025-10-05,2029,Arkansas-Pine Bluff Golden Lions,UAPB,FCS,Southwestern Athletic Conference,false,,,,false,false,0,
2025,regular,7,7,7,Week 7,2025-10-05,2032,Arkansas State Red Wolves,ARST,FBS,Sun Belt Conference,false,,,,false,false,0,
2025,regular,7,7,7,Week 7,2025-10-05,2046,Austin Peay Governors,APSU,FCS,United Athletic Conference,false,,,,false,false,0,
2025,regular,7,7,7,Week 7,2025-10-05,2050,Ball State Cardinals,BALL,FBS,Mid-American Conference,false,,,,false,false,0,
2025,regular,7,7,7,Week 7,2025-10-05,2065,Bethune-Cookman Wildcats,BCU,FCS,Southwestern Athletic Conference,false,,,,false,false,0,
2025,regular,7,7,7,Week 7,2025-10-05,2083,Bucknell Bison,BUCK,FCS,Patriot League,false,,,,false,false,0,
2025,regular,7,7,7,Week 7,2025-10-05,2084,Buffalo Bulls,BUFF,FBS,Mid-American Conference,false,,,,false,false,0,
2025,regular,7,7,7,Week 7,2025-10-05,2097,Campbell Fighting Camels,CAM,FCS,Coastal Athletic Association,false,,,,false,false,0,
2025,regular,7,7,7,Week 7,2025-10-05,2110,Central Arkansas Bears,CARK,FCS,United Athletic Conference,false,,,,false,false,0,
2025,regular,7,7,7,Week 7,2025-10-05,2115,Central Connecticut Blue Devils,CCSU,FCS,Northeast Conference,false,,,,false,false,0,
2025,regular,7,7,7,Week 7,2025-10-05,2116,UCF Knights,UCF,FBS,Big 12 Conference,false,,,,false,false,0,
2025,regular,7,7,7,Week 7,2025-10-05,2117,Central Michigan Chippewas,CMU,FBS,Mid-American Conference,false,,,,false,false,0,
2025,regular,7,7,7,Week 7,2025-10-05,2127,Charleston Southern Buccaneers,CHSO,FCS,Ohio Valley Conference,false,,,,false,false,0,
2025,regular,7,7,7,Week 7,2025-10-05,2132,Cincinnati Bearcats,CIN,FBS,Big 12 Conference,false,,,,false,false,0,
2025,regular,7,7,7,Week 7,2025-10-05,2142,Colgate Raiders,COLG,FCS,Patriot League,false,,,,false,false,0,
2025,regular,7,7,7,Week 7,2025-10-05,2169,Delaware State Hornets,DSU,FCS,Mid-Eastern Athletic Conference,false,,,,false,false,0,
2025,regular,7,7,7,Week 7,2025-10-05,2184,Duquesne Dukes,DUQ,FCS,Northeast Conference,false,,,,false,false,0,
2025,regular,7,7,7,Week 7,2025-10-05,2193,East Tennessee State Buccaneers,ETSU,FCS,Southern Conference,false,,,,false,false,0,
2025,regular,7,7,7,Week 7,2025-10-05,2197,Eastern Illinois Panthers,EIU,FCS,Ohio Valley Conference,false,,,,false,false,0,
2025,regular,7,7,7,Week 7,2025-10-05,2198,Eastern Kentucky Colonels,EKU,FCS,United Athletic Conference,false,,,,false,false,0,
2025,regular,7,7,7,Week 7,2025-10-05,2199,Eastern Michigan Eagles,EMU,FBS,Mid-American Conference,false,,,,false,false,0,
2025,regular,7,7,7,Week 7,2025-10-05,2210,Elon Phoenix,ELON,FCS,Coastal Athletic Association,false,,,,false,false,0,
2025,regular,7,7,7,Week 7,2025-10-05,2226,Florida Atlantic Owls,FAU,FBS,American Conference,false,,,,false,false,0,
2025,regular,7,7,7,Week 7,2025-10-05,2229,Florida International Panthers,FIU,FBS,Conference USA,false,,,,false,false,0,
2025,regular,7,7,7,Week 7,2025-10-05,2230,Fordham Rams,FOR,FCS,Patriot League,false,,,,false,false,0,
2025,regular,7,7,7,Week 7,2025-10-05,2241,Gardner-Webb Runnin' Bulldogs,GWEB,FCS,Ohio Valley Conference,false,,,,false,false,0,
2025,regular,7,7,7,Week 7,2025-10-05,2247,Georgia State Panthers,GAST,FBS,Sun Belt Conference,false,,,,false,false,0,
2025,regular,7,7,7,Week 7,2025-10-05,2277,Houston Christian Huskies,HCU,FCS,Southland Conference,false,,,,false,false,0,
2025,regular,7,7,7,Week 7,2025-10-05,2287,Illinois State Redbirds,ILST,FCS,Missouri Valley Football Conference,false,,,,false,false,0,
2025,regular,7,7,7,Week 7,2025-10-05,2294,Iowa Hawkeyes,IOWA,FBS,Big Ten Conference,false,,,,false,false,0,
2025,regular,7,7,7,Week 7,2025-10-05,2296,Jackson State Tigers,JKST,FCS,Southwestern Athletic Conference,false,,,,false,false,0,
2025,regular,7,7,7,Week 7,2025-10-05,2305,Kansas Jayhawks,KU,FBS,Big 12 Conference,false,,,,false,false,0,
2025,regular,7,7,7,Week 7,2025-10-05,2306,Kansas State Wildcats,KSU,FBS,Big 12 Conference,false,,,,false,false,1,17
2025,regular,7,7,7,Week 7,2025-10-05,2309,Kent State Golden Flashes,KENT,FBS,Mid-American Conference,false,,,,false,false,0,
2025,regular,7,7,7,Week 7,2025-10-05,2320,Lamar Cardinals,LAM,FCS,Southland Conference,false,,,,false,false,0,
2025,regular,7,7,7,Week 7,2025-10-05,2335,Liberty Flames,LIB,FBS,Conference USA,false,,,,false,false,0,
2025,regular,7,7,7,Week 7,2025-10-05,2341,Long Island University Sharks,LIU,FCS,Northeast Conference,false,,,,false,false,0,
2025,regular,7,7,7,Week 7,2025-10-05,2348,Louisiana Tech Bulldogs,LT,FBS,Conference USA,false,,,,false,false,0,
2025,regular,7,7,7,Week 7,2025-10-05,2377,McNeese Cowboys,MCN,FCS,Southland Conference,false,,,,false,false,0,
2025,regular,7,7,7,Week 7,2025-10-05,2382,Mercer Bears,MER,FCS,Southern Conference,false,,,,false,false,0,
2025,regular,7,7,7,Week 7,2025-10-05,2385,Mercyhurst Lakers,MERC,FCS,Northeast Conference,false,,,,false,false,0,
2025,regular,7,7,7,Week 7,2025-10-05,2390,Miami Hurricanes,MIA,FBS,Atlantic Coast Conference,true,2,3,1,false,false,7,2
2025,regular,7,7,7,Week 7,2025-10-05,2393,Middle Tennessee Blue Raiders,MTSU,FBS,Conference USA,false,,,,false,false,0,
2025,regular,7,7,7,Week 7,2025-10-05,2405,Monmouth Hawks,MONM,FCS,Coastal Athletic Association,false,,,,false,false,0,
2025,regular,7,7,7,Week 7,2025-10-05,2415,Morgan State Bears,MORG,FCS,Mid-Eastern Athletic Conference,false,,,,false,false,0,
2025,regular,7,7,7,Week 7,2025-10-05,2426,Navy Midshipmen,NAVY,FBS,American Conference,false,,,,false,false,0,
2025,regular,7,7,7,Week 7,2025-10-05,2428,North Carolina Central Eagles,NCCU,FCS,Mid-Eastern Athletic Conference,false,,,,false,false,0,
2025,regular,7,7,7,Week 7,2025-10-05,2429,Charlotte 49ers,CLT,FBS,American Conference,false,,,,false,false,0,
2025,regular,7,7,7,Week 7,2025-10-05,2433,UL Monroe Warhawks,ULM,FBS,Sun Belt Conference,false,,,,false,false,0,
2025,regular,7,7,7,Week 7,2025-10-05,2439,UNLV Rebels,UNLV,FBS,Mountain West Conference,false,,,,false,false,0,
2025,regular,7,7,7,Week 7,2025-10-05,2440,Nevada Wolf Pack,NEV,FBS,Mountain West Conference,false,,,,false,false,0,
2025,regular,7,7,7,Week 7,2025-10-05,2447,Nicholls Colonels,NICH,FCS,Southland Conference,false,,,,false,false,0,
2025,regular,7,7,7,Week 7,2025-10-05,2448,North Carolina A&T Aggies,NCAT,FCS,Coastal Athletic Association,false,,,,false,false,0,
2025,regular,7,7,7,Week 7,2025-10-05,2449,North Dakota State Bison,NDSU,FCS,Missouri Valley Football Conference,false,,,,false,false,0,
2025,regular,7,7,7,Week 7,2025-10-05,2450,Norfolk State Spartans,NORF,FCS,Mid-Eastern Athletic Conference,false,,,,false,false,0,
2025,regular,7,7,7,Week 7,2025-10-05,2453,North Alabama Lions,UNA,FCS,United Athletic Conference,false,,,,false,false,0,
2025,regular,7,7,7,Week 7,2025-10-05,2458,Northern Colorado Bears,UNCO,FCS,Big Sky Conference,false,,,,false,false,0,
2025,regular,7,7,7,Week 7,2025-10-05,2459,Northern Illinois Huskies,NIU,FBS,Mid-American Conference,false,,,,false,false,0,
2025,regular,7,7,7,Week 7,2025-10-05,2460,Northern Iowa Panthers,UNI,FCS,Missouri Valley Football Conference,false,,,,false,false,0,
2025,regular,7,7,7,Week 7,2025-10-05,2464,Northern Arizona Lumberjacks,NAU,FCS,Big Sky Conference,false,,,,false,false,0,
2025,regular,7,7,7,Week 7,2025-10-05,2466,Northwestern State Demons,NWST,FCS,Southland Conference,false,,,,false,false,0,
2025,regular,7,7,7,Week 7,2025-10-05,2483,Oregon Ducks,ORE,FBS,Big Ten Conference,true,3,2,-1,false,false,7,2
2025,regular,7,7,7,Week 7,2025-10-05,2502,Portland State Vikings,PRST,FCS,Big Sky Conference,false,,,,false,false,0,
2025,regular,7,7,7,Week 7,2025-10-05,2504,Prairie View A&M Panthers,PV,FCS,Southwestern Athletic Conference,false,,,,false,false,0,
2025,regular,7,7,7,Week 7,2025-10-05,2509,Purdue Boilermakers,PUR,FBS,Big Ten Conference,false,,,,false,false,0,
2025,regular,7,7,7,Week 7,2025-10-05,2523,Robert Morris Colonials,RMU,FCS,Northeast Conference,false,,,,false,false,0,
2025,regular,7,7,7,Week 7,2025-10-05,2534,Sam Houston Bearkats,SHSU,FBS,Conference USA,false,,,,false,false,0,
2025,regular,7,7,7,Week 7,2025-10-05,2535,Samford Bulldogs,SAM,FCS,Southern Conference,false,,,,false,false,0,
2025,regular,7,7,7,Week 7,2025-10-05,2545,SE Louisiana Lions,SELA,FCS,Southland Conference,false,,,,false,false,0,
2025,regular,7,7,7,Week 7,2025-10-05,2546,Southeast Missouri State Redhawks,SEMO,FCS,Ohio Valley Conference,false,,,,false,false,0,
2025,regular,7,7,7,Week 7,2025-10-05,2567,SMU Mustangs,SMU,FBS,Atlantic Coast Conference,false,,,,false,false,2,16
2025,regular,7,7,7,Week 7,2025-10-05,2569,South Carolina State Bulldogs,SCST,FCS,Mid-Eastern Athletic Conference,false,,,,false,false,0,
2025,regular,7,7,7,Week 7,2025-10-05,2571,South Dakota State Jackrabbits,SDST,FCS,Missouri Valley Football Conference,false,,,,false,false,0,
2025,regular,7,7,7,Week 7,2025-10-05,2572,Southern Miss Golden Eagles,USM,FBS,Sun Belt Conference,false,,,,false,false,0,
2025,regular,7,7,7,Week 7,2025-10-05,2579,South Carolina Gamecocks,SC,FBS,Southeastern Conference,false,,,,false,false,3,10
2025,regular,7,7,7,Week 7,2025-10-05,2582,Southern Jaguars,SOU,FCS,Southwestern Athletic Conference,false,,,,false,false,0,
2025,regular,7,7,7,Week 7,2025-10-05,2598,Saint Francis Red Flash,SFPA,FCS,Northeast Conference,false,,,,false,false,0,
2025,regular,7,7,7,Week 7,2025-10-05,2617,Stephen F. Austin Lumberjacks,SFA,FCS,Southland Conference,false,,,,false,false,0,
2025,regular,7,7,7,Week 7,2025-10-05,2619,Stony Brook Seawolves,STBK,FCS,Coastal Athletic Association,false,,,,false,false,0,
2025,regular,7,7,7,Week 7,2025-10-05,2623,Missouri State Bears,MOST,FBS,Conference USA,false,,,,false,false,0,
2025,regular,7,7,7,Week 7,2025-10-05,2627,Tarleton State Texans,TAR,FCS,United Athletic Conference,false,,,,false,false,0,
2025,regular,7,7,7,Week 7,2025-10-05,2628,TCU Horned Frogs,TCU,FBS,Big 12 Conference,false,,,,false,false,1,24
2025,regular,7,7,7,Week 7,2025-10-05,2630,UT Martin Skyhawks,UTM,FCS,Ohio Valley Conference,false,,,,false,false,0,
2025,regular,7,7,7,Week 7,2025-10-05,2633,Tennessee Volunteers,TENN,FBS,Southeastern Conference,true,12,15,3,false,false,7,12
2025,regular,7,7,7,Week 7,2025-10-05,2634,Tennessee State Tigers,TNST,FCS,Ohio Valley Conference,false,,,,false,false,0,
2025,regular,7,7,7,Week 7,2025-10-05,2635,Tennessee Tech Golden Eagles,TNTC,FCS,Ohio Valley Conference,false,,,,false,false,0,
2025,regular,7,7,7,Week 7,2025-10-05,2636,UTSA Roadrunners,UTSA,FBS,American Conference,false,,,,false,false,0,
2025,regular,7,7,7,Week 7,2025-10-05,2638,UTEP Miners,UTEP,FBS,Conference USA,false,,,,false,false,0,
2025,regular,7,7,7,Week 7,2025-10-05,2640,Texas Southern Tigers,TXSO,FCS,Southwestern Athletic Conference,false,,,,false,false,0,
2025,regular,7,7,7,Week 7,2025-10-05,2641,Texas Tech Red Raiders,TTU,FBS,Big 12 Conference,true,9,11,2,false,false,7,9
2025,regular,7,7,7,Week 7,2025-10-05,2643,The Citadel Bulldogs,CIT,FCS,Southern Conference,false,,,,false,false,0,
2025,regular,7,7,7,Week 7,2025-10-05,2649,Toledo Rockets,TOL,FBS,Mid-American Conference,false,,,,false,false,0,
2025,regular,7,7,7,Week 7,2025-10-05,2653,Troy Trojans,TROY,FBS,Sun Belt Conference,false,,,,false,false,0,
2025,regular,7,7,7,Week 7,2025-10-05,2655,Tulane Green Wave,TULN,FBS,American Conference,false,,,,false,false,0,
2025,regular,7,7,7,Week 7,2025-10-05,2678,VMI Keydets,VMI,FCS,Southern Conference,false,,,,false,false,0,
2025,regular,7,7,7,Week 7,2025-10-05,2681,Wagner Seahawks,WAG,FCS,Northeast Conference,false,,,,false,false,0,
2025,regular,7,7,7,Week 7,2025-10-05,2692,Weber State Wildcats,WEB,FCS,Big Sky Conference,false,,,,false,false,0,
2025,regular,7,7,7,Week 7,2025-10-05,2710,Western Illinois Leathernecks,WIU,FCS,Ohio Valley Conference,false,,,,false,false,0,
2025,regular,7,7,7,Week 7,2025-10-05,2711,Western Michigan Broncos,WMU,FBS,Mid-American Conference,false,,,,false,false,0,
2025,regular,7,7,7,Week 7,2025-10-05,2717,Western Carolina Catamounts,WCU,FCS,Southern Conference,false,,,,false,false,0,
2025,regular,7,7,7,Week 7,2025-10-05,2729,William & Mary Tribe,W&M,FCS,Coastal Athletic Association,false,,,,false,false,0,
2025,regular,7,7,7,Week 7,2025-10-05,2747,Wofford Terriers,WOF,FCS,Southern Conference,false,,,,false,false,0,
2025,regular,7,7,7,Week 7,2025-10-05,2751,Wyoming Cowboys,WYO,FBS,Mountain West Conference,false,,,,false,false,0,
2025,regular,7,7,7,Week 7,2025-10-05,2754,Youngstown State Penguins,YSU,FCS,Missouri Valley Football Conference,false,,,,false,false,0,
2025,regular,7,7,7,Week 7,2025-10-05,2755,Grambling Tigers,GRAM,FCS,Southwestern Athletic Conference,false,,,,false,false,0,
2025,regular,7,7,7,Week 7,2025-10-05,2771,Merrimack Warriors,MRMK,FCS,FCS Independents,false,,,,false,false,0,
2025,regular,7,7,7,Week 7,2025-10-05,2803,Bryant Bulldogs,BRY,FCS,Coastal Athletic Association,false,,,,false,false,0,
2025,regular,7,7,7,Week 7,2025-10-05,2815,Lindenwood Lions,LIN,FCS,Ohio Valley Conference,false,,,,false,false,0,
2025,regular,7,7,7,Week 7,2025-10-05,2837,East Texas A&M Lions,ETAM,FCS,Southland Conference,false,,,,false,false,0,
2025,regular,7,7,7,Week 7,2025-10-05,2900,St. Thomas-Minnesota Tommies,STMN,FCS,Pioneer Football League,false,,,,false,false,0,
2025,regular,7,7,7,Week 7,2025-10-05,2916,Incarnate Word Cardinals,UIW,FCS,Southland Conference,false,,,,false,false,0,
2025,regular,8,8,8,Week 8,2025-10-12,2,Auburn Tigers,AUB,FBS,Southeastern Conference,false,,,,false,false,2,22
2025,regular,8,8,8,Week 8,2025-10-12,5,UAB Blazers,UAB,FBS,American Conference,false,,,,false,false,0,
2025,regular,8,8,8,Week 8,2025-10-12,6,South Alabama Jaguars,USA,FBS,Sun Belt Conference,false,,,,false,false,0,
2025,regular,8,8,8,Week 8,2025-10-12,8,Arkansas Razorbacks,ARK,FBS,Southeastern Conference,false,,,,false,false,0,
2025,regular,8,8,8,Week 8,2025-10-12,9,Arizona State Sun Devils,ASU,FBS,Big 12 Conference,false,,21,,false,true,4,11
2025,regular,8,8,8,Week 8,2025-10-12,12,Arizona Wildcats,ARIZ,FBS,Big 12 Conference,false,,,,false,false,0,
2025,regular,8,8,8,Week 8,2025-10-12,13,Cal Poly Mustangs,CP,FCS,Big Sky Conference,false,,,,false,false,0,
2025,regular,8,8,8,Week 8,2025-10-12,16,Sacramento State Hornets,SAC,FCS,Big Sky Conference,false,,,,false,false,0,
2025,regular,8,8,8,Week 8,2025-10-12,21,San Diego State Aztecs,SDSU,FBS,Mountain West Conference,false,,,,false,false,0,
2025,regular,8,8,8,Week 8,2025-10-12,23,San José State Spartans,SJSU,FBS,Mountain West Conference,false,,,,false,false,0,
2025,regular,8,8,8,Week 8,2025-10-12,24,Stanford Cardinal,STAN,FBS,Atlantic Coast Conference,false,,,,false,false,0,
2025,regular,8,8,8,Week 8,2025-10-12,25,California Golden Bears,CAL,FBS,Atlantic Coast Conference,false,,,,false,false,0,
2025,regular,8,8,8,Week 8,2025-10-12,26,UCLA Bruins,UCLA,FBS,Big Ten Conference,false,,,,false,false,0,
2025,regular,8,8,8,Week 8,2025-10-12,30,USC Trojans,USC,FBS,Big Ten Conference,true,20,,,true,false,3,20
2025,regular,8,8,8,Week 8,2025-10-12,36,Colorado State Rams,CSU,FBS,Mountain West Conference,false,,,,false,false,0,
2025,regular,8,8,8,Week 8,2025-10-12,38,Colorado Buffaloes,COLO,FBS,Big 12 Conference,false,,,,false,false,0,
2025,regular,8,8,8,Week 8,2025-10-12,41,UConn Huskies,CONN,FBS,FBS Independents,false,,,,false,false,0,
2025,regular,8,8,8,Week 8,2025-10-12,47,Howard Bison,HOW,FCS,Mid-Eastern Athletic Conference,false,,,,false,false,0,
2025,regular,8,8,8,Week 8,2025-10-12,48,Delaware Blue Hens,DEL,FBS,Conference USA,false,,,,false,false,0,
2025,regular,8,8,8,Week 8,2025-10-12,50,Florida A&M Rattlers,FAMU,FCS,Southwestern Athletic Conference,false,,,,false,false,0,
2025,regular,8,8,8,Week 8,2025-10-12,52,Florida State Seminoles,FSU,FBS,Atlantic Coast Conference,false,,25,,false,true,6,7
2025,regular,8,8,8,Week 8,2025-10-12,55,Jacksonville State Gamecocks,JVST,FBS,Conference USA,false,,,,false,false,0,
2025,regular,8,8,8,Week 8,2025-10-12,57,Florida Gators,FLA,FBS,Southeastern Conference,false,,,,false,false,2,13
2025,regular,8,8,8,Week 8,2025-10-12,58,South Florida Bulls,USF,FBS,American Conference,true,19,24,5,false,false,3,18
2025,regular,8,8,8,Week 8,2025-10-12,59,Georgia Tech Yellow Jackets,GT,FBS,Atlantic Coast Conference,true,12,13,1,false,false,5,12
2025,regular,8,8,8,Week 8,2025-10-12,61,Georgia Bulldogs,UGA,FBS,Southeastern Conference,true,9,10,1,false,false,8,4
2025,regular,8,8,8,Week 8,2025-10-12,62,Hawai'i Rainbow Warriors,HAW,FBS,Mountain West Conference,false,,,,false,false,0,
2025,regular,8,8,8,Week 8,2025-10-12,66,Iowa State Cyclones,ISU,FBS,Big 12 Conference,false,,22,,false,true,7,12
2025,regular,8,8,8,Week 8,2025-10-12,68,Boise State Broncos,BOIS,FBS,Mountain West Conference,false,,,,false,false,1,25
2025,regular,8,8,8,Week 8,2025-10-12,70,Idaho Vandals,IDHO,FCS,Big Sky Conference,false,,,,false,false,0,
2025,regular,8,8,8,Week 8,2025-10-12,77,Northwestern Wildcats,NU,FBS,Big Ten Conference,false,,,,false,false,0,
2025,regular,8,8,8,Week 8,2025-10-12,79,Southern Illinois Salukis,SIU,FCS,Missouri Valley Football Conference,false,,,,false,false,0,
2025,regular,8,8,8,Week 8,2025-10-12,84,Indiana Hoosiers,IU,FBS,Big Ten Conference,true,3,7,4,false,false,8,3
2025,regular,8,8,8,Week 8,2025-10-12,87,Notre Dame Fighting Irish,ND,FBS,FBS Independents,true,13,16,3,false,false,8,6
2025,regular,8,8,8,Week 8,2025-10-12,93,Murray State Racers,MUR,FCS,Missouri Valley Football Conference,false,,,,false,false,0,
2025,regular,8,8,8,Week 8,2025-10-12,96,Kentucky Wildcats,UK,FBS,Southeastern Conference,false,,,,false,false,0,
2025,regular,8,8,8,Week 8,2025-10-12,97,Louisville Cardinals,LOU,FBS,Atlantic Coast Conference,false,,,,false,false,0,
2025,regular,8,8,8,Week 8,2025-10-12,98,Western Kentucky Hilltoppers,WKU,FBS,Conference USA,false,,,,false,false,0,
2025,regular,8,8,8,Week 8,2025-10-12,99,LSU Tigers,LSU,FBS,Southeastern Conference,true,10,11,1,false,false,8,3
2025,regular,8,8,8,Week 8,2025-10-12,103,Boston College Eagles,BC,FBS,Atlantic Coast Conference,false,,,,false,false,0,
2025,regular,8,8,8,Week 8,2025-10-12,107,Holy Cross Crusaders,HC,FCS,Patriot League,false,,,,false,false,0,
2025,regular,8,8,8,Week 8,2025-10-12,113,Massachusetts Minutemen,MASS,FBS,Mid-American Conference,false,,,,false,false,0,
2025,regular,8,8,8,Week 8,2025-10-12,119,Towson Tigers,TOW,FCS,Coastal Athletic Association,false,,,,false,false,0,
2025,regular,8,8,8,Week 8,2025-10-12,120,Maryland Terrapins,MD,FBS,Big Ten Conference,false,,,,false,false,0,
2025,regular,8,8,8,Week 8,2025-10-12,127,Michigan State Spartans,MSU,FBS,Big Ten Conference,false,,,,false,false,0,
2025,regular,8,8,8,Week 8,2025-10-12,130,Michigan Wolverines,MICH,FBS,Big Ten Conference,false,,15,,false,true,7,14
2025,regular,8,8,8,Week 8,2025-10-12,135,Minnesota Golden Gophers,MINN,FBS,Big Ten Conference,false,,,,false,false,0,
2025,regular,8,8,8,Week 8,2025-10-12,142,Missouri Tigers,MIZ,FBS,Southeastern Conference,true,16,14,-2,false,false,6,14
2025,regular,8,8,8,Week 8,2025-10-12,145,Ole Miss Rebels,MISS,FBS,Southeastern Conference,true,5,4,-1,false,false,8,4
2025,regular,8,8,8,Week 8,2025-10-12,147,Montana State Bobcats,MTST,FCS,Big Sky Conference,false,,,,false,false,0,
2025,regular,8,8,8,Week 8,2025-10-12,149,Montana Grizzlies,MONT,FCS,Big Sky Conference,false,,,,false,false,0,
2025,regular,8,8,8,Week 8,2025-10-12,150,Duke Blue Devils,DUKE,FBS,Atlantic Coast Conference,false,,,,false,false,0,
2025,regular,8,8,8,Week 8,2025-10-12,151,East Carolina Pirates,ECU,FBS,American Conference,false,,,,false,false,0,
2025,regular,8,8,8,Week 8,2025-10-12,152,NC State Wolfpack,NCSU,FBS,Atlantic Coast Conference,false,,,,false,false,0,
2025,regular,8,8,8,Week 8,2025-10-12,153,North Carolina Tar Heels,UNC,FBS,Atlantic Coast Conference,false,,,,false,false,0,
2025,regular,8,8,8,Week 8,2025-10-12,154,Wake Forest Demon Deacons,WAKE,FBS,Atlantic Coast Conference,false,,,,false,false,0,
2025,regular,8,8,8,Week 8,2025-10-12,155,North Dakota Fighting Hawks,UND,FCS,Missouri Valley Football Conference,false,,,,false,false,0,
2025,regular,8,8,8,Week 8,2025-10-12,158,Nebraska Cornhuskers,NEB,FBS,Big Ten Conference,true,25,,,true,false,1,25
2025,regular,8,8,8,Week 8,2025-10-12,160,New Hampshire Wildcats,UNH,FCS,Coastal Athletic Association,false,,,,false,false,0,
2025,regular,8,8,8,Week 8,2025-10-12,164,Rutgers Scarlet Knights,RUTG,FBS,Big Ten Conference,false,,,,false,false,0,
2025,regular,8,8,8,Week 8,2025-10-12,166,New Mexico State Aggies,NMSU,FBS,Conference USA,false,,,,false,false,0,
2025,regular,8,8,8,Week 8,2025-10-12,167,New Mexico Lobos,UNM,FBS,Mountain West Conference,false,,,,false,false,0,
2025,regular,8,8,8,Week 8,2025-10-12,183,Syracuse Orange,SYR,FBS,Atlantic Coast Conference,false,,,,false,false,0,
2025,regular,8,8,8,Week 8,2025-10-12,189,Bowling Green Falcons,BGSU,FBS,Mid-American Conference,false,,,,false,false,0,
2025,regular,8,8,8,Week 8,2025-10-12,193,Miami (OH) RedHawks,M-OH,FBS,Mid-American Conference,false,,,,false,false,0,
2025,regular,8,8,8,Week 8,2025-10-12,194,Ohio State Buckeyes,OSU,FBS,Big Ten Conference,true,1,1,0,false,false,8,1
2025,regular,8,8,8,Week 8,2025-10-12,195,Ohio Bobcats,OHIO,FBS,Mid-American Conference,false,,,,false,false,0,
2025,regular,8,8,8,Week 8,2025-10-12,197,Oklahoma State Cowboys,OKST,FBS,Big 12 Conference,false,,,,false,false,0,
2025,regular,8,8,8,Week 8,2025-10-12,201,Oklahoma Sooners,OU,FBS,Southeastern Conference,true,14,6,-8,false,false,8,5
2025,regular,8,8,8,Week 8,2025-10-12,202,Tulsa Golden Hurricane,TLSA,FBS,American Conference,false,,,,false,false,0,
2025,regular,8,8,8,Week 8,2025-10-12,204,Oregon State Beavers,ORST,FBS,Pac-12 Conference,false,,,,false,false,0,
2025,regular,8,8,8,Week 8,2025-10-12,213,Penn State Nittany Lions,PSU,FBS,Big Ten Conference,false,,,,false,false,6,2
2025,regular,8,8,8,Week 8,2025-10-12,218,Temple Owls,TEM,FBS,American Conference,false,,,,false,false,0,
2025,regular,8,8,8,Week 8,2025-10-12,221,Pittsburgh Panthers,PITT,FBS,Atlantic Coast Conference,false,,,,false,false,0,
2025,regular,8,8,8,Week 8,2025-10-12,222,Villanova Wildcats,VILL,FCS,Coastal Athletic Association,false,,,,false,false,0,
2025,regular,8,8,8,Week 8,2025-10-12,227,Rhode Island Rams,URI,FCS,Coastal Athletic Association,false,,,,false,false,0,
2025,regular,8,8,8,Week 8,2025-10-12,228,Clemson Tigers,CLEM,FBS,Atlantic Coast Conference,false,,,,false,false,3,4
2025,regular,8,8,8,Week 8,2025-10-12,231,Furman Paladins,FUR,FCS,Southern Conference,false,,,,false,false,0,
2025,regular,8,8,8,Week 8,2025-10-12,233,South Dakota Coyotes,SDAK,FCS,Missouri Valley Football Conference,false,,,,false,false,0,
2025,regular,8,8,8,Week 8,2025-10-12,235,Memphis Tigers,MEM,FBS,American Conference,true,22,23,1,false,false,2,22
2025,regular,8,8,8,Week 8,2025-10-12,236,Chattanooga Mocs,UTC,FCS,Southern Conference,false,,,,false,false,0,
2025,regular,8,8,8,Week 8,2025-10-12,238,Vanderbilt Commodores,VAN,FBS,Southeastern Conference,true,17,20,3,false,false,5,16
2025,regular,8,8,8,Week 8,2025-10-12,239,Baylor Bears,BAY,FBS,Big 12 Conference,false,,,,false,false,0,
2025,regular,8,8,8,Week 8,2025-10-12,242,Rice Owls,RICE,FBS,American Conference,false,,,,false,false,0,
2025,regular,8,8,8,Week 8,2025-10-12,245,Texas A&M Aggies,TA&M,FBS,Southeastern Conference,true,4,5,1,false,false,8,4
2025,regular,8,8,8,Week 8,2025-10-12,248,Houston Cougars,HOU,FBS,Big 12 Conference,false,,,,false,false,0,
2025,regular,8,8,8,Week 8,2025-10-12,249,North Texas Mean Green,UNT,FBS,American Conference,false,,,,false,false,0,
2025,regular,8,8,8,Week 8,2025-10-12,251,Texas Longhorns,TEX,FBS,Southeastern Conference,true,21,,,true,false,7,1
2025,regular,8,8,8,Week 8,2025-10-12,252,BYU Cougars,BYU,FBS,Big 12 Conference,true,15,18,3,false,false,4,15
2025,regular,8,8,8,Week 8,2025-10-12,254,Utah Utes,UTAH,FBS,Big 12 Conference,true,23,,,true,false,4,16
2025,regular,8,8,8,Week 8,2025-10-12,256,James Madison Dukes,JMU,FBS,Sun Belt Conference,false,,,,false,false,0,
2025,regular,8,8,8,Week 8,2025-10-12,257,Richmond Spiders,RICH,FCS,Patriot League,false,,,,false,false,0,
2025,regular,8,8,8,Week 8,2025-10-12,258,Virginia Cavaliers,UVA,FBS,Atlantic Coast Conference,true,18,19,1,false,false,3,18
2025,regular,8,8,8,Week 8,2025-10-12,259,Virginia Tech Hokies,VT,FBS,Atlantic Coast Conference,false,,,,false,false,0,
2025,regular,8,8,8,Week 8,2025-10-12,264,Washington Huskies,WASH,FBS,Big Ten Conference,false,,,,false,false,0,
2025,regular,8,8,8,Week 8,2025-10-12,265,Washington State Cougars,WSU,FBS,Pac-12 Conference,false,,,,false,false,0,
2025,regular,8,8,8,Week 8,2025-10-12,275,Wisconsin Badgers,WIS,FBS,Big Ten Conference,false,,,,false,false,0,
2025,regular,8,8,8,Week 8,2025-10-12,276,Marshall Thundering Herd,MRSH,FBS,Sun Belt Conference,false,,,,false,false,0,
2025,regular,8,8,8,Week 8,2025-10-12,277,West Virginia Mountaineers,WVU,FBS,Big 12 Conference,false,,,,false,false,0,
2025,regular,8,8,8,Week 8,2025-10-12,278,Fresno State Bulldogs,FRES,FBS,Mountain West Conference,false,,,,false,false,0,
2025,regular,8,8,8,Week 8,2025-10-12,282,Indiana State Sycamores,INST,FCS,Missouri Valley Football Conference,false,,,,false,false,0,
2025,regular,8,8,8,Week 8,2025-10-12,290,Georgia Southern Eagles,GASO,FBS,Sun Belt Conference,false,,,,false,false,0,
2025,regular,8,8,8,Week 8,2025-10-12,295,Old Dominion Monarchs,ODU,FBS,Sun Belt Conference,false,,,,false,false,0,
2025,regular,8,8,8,Week 8,2025-10-12,302,UC Davis Aggies,UCD,FCS,Big Sky Conference,false,,,,false,false,0,
2025,regular,8,8,8,Week 8,2025-10-12,304,Idaho State Bengals,IDST,FCS,Big Sky Conference,false,,,,false,false,0,
2025,regular,8,8,8,Week 8,2025-10-12,309,Louisiana Ragin' Cajuns,UL,FBS,Sun Belt Conference,false,,,,false,false,0,
2025,regular,8,8,8,Week 8,2025-10-12,311,Maine Black Bears,ME,FCS,Coastal Athletic Association,false,,,,false,false,0,
2025,regular,8,8,8,Week 8,2025-10-12,322,Lafayette Leopards,LAF,FCS,Patriot League,false,,,,false,false,0,
2025,regular,8,8,8,Week 8,2025-10-12,324,Coastal Carolina Chanticleers,CCU,FBS,Sun Belt Conference,false,,,,false,false,0,
2025,regular,8,8,8,Week 8,2025-10-12,326,Texas State Bobcats,TXST,FBS,Sun Belt Conference,false,,,,false,false,0,
2025,regular,8,8,8,Week 8,2025-10-12,328,Utah State Aggies,USU,FBS,Mountain West Conference,false,,,,false,false,0,
2025,regular,8,8,8,Week 8,2025-10-12,331,Eastern Washington Eagles,EWU,FCS,Big Sky Conference,false,,,,false,false,0,
2025,regular,8,8,8,Week 8,2025-10-12,333,Alabama Crimson Tide,ALA,FBS,Southeastern Conference,true,6,8,2,false,false,8,6
2025,regular,8,8,8,Week 8,2025-10-12,338,Kennesaw State Owls,KENN,FBS,Conference USA,false,,,,false,false,0,
2025,regular,8,8,8,Week 8,2025-10-12,344,Mississippi State Bulldogs,MSST,FBS,Southeastern Conference,false,,,,false,false,0,
2025,regular,8,8,8,Week 8,2025-10-12,349,Army Black Knights,ARMY,FBS,American Conference,false,,,,false,false,0,
2025,regular,8,8,8,Week 8,2025-10-12,356,Illinois Fighting Illini,ILL,FBS,Big Ten Conference,false,,17,,false,true,7,9
2025,regular,8,8,8,Week 8,2025-10-12,399,UAlbany Great Danes,ALB,FCS,Coastal Athletic Association,false,,,,false,false,0,
2025,regular,8,8,8,Week 8,2025-10-12,2000,Abilene Christian Wildcats,ACU,FCS,United Athletic Conference,false,,,,false,false,0,
2025,regular,8,8,8,Week 8,2025-10-12,2005,Air Force Falcons,AFA,FBS,Mountain West Conference,false,,,,false,false,0,
2025,regular,8,8,8,Week 8,2025-10-12,2006,Akron Zips,AKR,FBS,Mid-American Conference,false,,,,false,false,0,
2025,regular,8,8,8,Week 8,2025-10-12,2010,Alabama A&M Bulldogs,AAMU,FCS,Southwestern Athletic Conference,false,,,,false,false,0,
2025,regular,8,8,8,Week 8,2025-10-12,2011,Alabama State Hornets,ALST,FCS,Southwestern Athletic Conference,false,,,,false,false,0,
2025,regular,8,8,8,Week 8,2025-10-12,2016,Alcorn State Braves,ALCN,FCS,Southwestern Athletic Conference,false,,,,false,false,0,
2025,regular,8,8,8,Week 8,2025-10-12,2026,App State Mountaineers,APP,FBS,Sun Belt Conference,false,,,,false,false,0,
2025,regular,8,8,8,Week 8,2025-10-12,2029,Arkansas-Pine Bluff Golden Lions,UAPB,FCS,Southwestern Athletic Conference,false,,,,false,false,0,
2025,regular,8,8,8,Week 8,2025-10-12,2032,Arkansas State Red Wolves,ARST,FBS,Sun Belt Conference,false,,,,false,false,0,
2025,regular,8,8,8,Week 8,2025-10-12,2046,Austin Peay Governors,APSU,FCS,United Athletic Conference,false,,,,false,false,0,
2025,regular,8,8,8,Week 8,2025-10-12,2050,Ball State Cardinals,BALL,FBS,Mid-American Conference,false,,,,false,false,0,
2025,regular,8,8,8,Week 8,2025-10-12,2065,Bethune-Cookman Wildcats,BCU,FCS,Southwestern Athletic Conference,false,,,,false,false,0,
2025,regular,8,8,8,Week 8,2025-10-12,2083,Bucknell Bison,BUCK,FCS,Patriot League,false,,,,false,false,0,
2025,regular,8,8,8,Week 8,2025-10-12,2084,Buffalo Bulls,BUFF,FBS,Mid-American Conference,false,,,,false,false,0,
2025,regular,8,8,8,Week 8,2025-10-12,2097,Campbell Fighting Camels,CAM,FCS,Coastal Athletic Association,false,,,,false,false,0,
2025,regular,8,8,8,Week 8,2025-10-12,2110,Central Arkansas Bears,CARK,FCS,United Athletic Conference,false,,,,false,false,0,
2025,regular,8,8,8,Week 8,2025-10-12,2115,Central Connecticut Blue Devils,CCSU,FCS,Northeast Conference,false,,,,false,false,0,
2025,regular,8,8,8,Week 8,2025-10-12,2116,UCF Knights,UCF,FBS,Big 12 Conference,false,,,,false,false,0,
2025,regular,8,8,8,Week 8,2025-10-12,2117,Central Michigan Chippewas,CMU,FBS,Mid-American Conference,false,,,,false,false,0,
2025,regular,8,8,8,Week 8,2025-10-12,2127,Charleston Southern Buccaneers,CHSO,FCS,Ohio Valley Conference,false,,,,false,false,0,
2025,regular,8,8,8,Week 8,2025-10-12,2132,Cincinnati Bearcats,CIN,FBS,Big 12 Conference,true,24,,,true,false,1,24
2025,regular,8,8,8,Week 8,2025-10-12,2142,Colgate Raiders,COLG,FCS,Patriot League,false,,,,false,false,0,
2025,regular,8,8,8,Week 8,2025-10-12,2169,Delaware State Hornets,DSU,FCS,Mid-Eastern Athletic Conference,false,,,,false,false,0,
2025,regular,8,8,8,Week 8,2025-10-12,2184,Duquesne Dukes,DUQ,FCS,Northeast Conference,false,,,,false,false,0,
2025,regular,8,8,8,Week 8,2025-10-12,2193,East Tennessee State Buccaneers,ETSU,FCS,Southern Conference,false,,,,false,false,0,
2025,regular,8,8,8,Week 8,2025-10-12,2197,Eastern Illinois Panthers,EIU,FCS,Ohio Valley Conference,false,,,,false,false,0,
2025,regular,8,8,8,Week 8,2025-10-12,2198,Eastern Kentucky Colonels,EKU,FCS,United Athletic Conference,false,,,,false,false,0,
2025,regular,8,8,8,Week 8,2025-10-12,2199,Eastern Michigan Eagles,EMU,FBS,Mid-American Conference,false,,,,false,false,0,
2025,regular,8,8,8,Week 8,2025-10-12,2210,Elon Phoenix,ELON,FCS,Coastal Athletic Association,false,,,,false,false,0,
2025,regular,8,8,8,Week 8,2025-10-12,2226,Florida Atlantic Owls,FAU,FBS,American Conference,false,,,,false,false,0,
2025,regular,8,8,8,Week 8,2025-10-12,2229,Florida International Panthers,FIU,FBS,Conference USA,false,,,,false,false,0,
2025,regular,8,8,8,Week 8,2025-10-12,2230,Fordham Rams,FOR,FCS,Patriot League,false,,,,false,false,0,
2025,regular,8,8,8,Week 8,2025-10-12,2241,Gardner-Webb Runnin' Bulldogs,GWEB,FCS,Ohio Valley Conference,false,,,,false,false,0,
2025,regular,8,8,8,Week 8,2025-10-12,2247,Georgia State Panthers,GAST,FBS,Sun Belt Conference,false,,,,false,false,0,
2025,regular,8,8,8,Week 8,2025-10-12,2277,Houston Christian Huskies,HCU,FCS,Southland Conference,false,,,,false,false,0,
2025,regular,8,8,8,Week 8,2025-10-12,2287,Illinois State Redbirds,ILST,FCS,Missouri Valley Football Conference,false,,,,false,false,0,
2025,regular,8,8,8,Week 8,2025-10-12,2294,Iowa Hawkeyes,IOWA,FBS,Big Ten Conference,false,,,,false,false,0,
2025,regular,8,8,8,Week 8,2025-10-12,2296,Jackson State Tigers,JKST,FCS,Southwestern Athletic Conference,false,,,,false,false,0,
2025,regular,8,8,8,Week 8,2025-10-12,2305,Kansas Jayhawks,KU,FBS,Big 12 Conference,false,,,,false,false,0,
2025,regular,8,8,8,Week 8,2025-10-12,2306,Kansas State Wildcats,KSU,FBS,Big 12 Conference,false,,,,false,false,1,17
2025,regular,8,8,8,Week 8,2025-10-12,2309,Kent State Golden Flashes,KENT,FBS,Mid-American Conference,false,,,,false,false,0,
2025,regular,8,8,8,Week 8,2025-10-12,2320,Lamar Cardinals,LAM,FCS,Southland Conference,false,,,,false,false,0,
2025,regular,8,8,8,Week 8,2025-10-12,2335,Liberty Flames,LIB,FBS,Conference USA,false,,,,false,false,0,
2025,regular,8,8,8,Week 8,2025-10-12,2341,Long Island University Sharks,LIU,FCS,Northeast Conference,false,,,,false,false,0,
2025,regular,8,8,8,Week 8,2025-10-12,2348,Louisiana Tech Bulldogs,LT,FBS,Conference USA,false,,,,false,false,0,
2025,regular,8,8,8,Week 8,2025-10-12,2377,McNeese Cowboys,MCN,FCS,Southland Conference,false,,,,false,false,0,
2025,regular,8,8,8,Week 8,2025-10-12,2382,Mercer Bears,MER,FCS,Southern Conference,false,,,,false,false,0,
2025,regular,8,8,8,Week 8,2025-10-12,2385,Mercyhurst Lakers,MERC,FCS,Northeast Conference,false,,,,false,false,0,
2025,regular,8,8,8,Week 8,2025-10-12,2390,Miami Hurricanes,MIA,FBS,Atlantic Coast Conference,true,2,2,0,false,false,8,2
2025,regular,8,8,8,Week 8,2025-10-12,2393,Middle Tennessee Blue Raiders,MTSU,FBS,Conference USA,false,,,,false,false,0,
2025,regular,8,8,8,Week 8,2025-10-12,2405,Monmouth Hawks,MONM,FCS,Coastal Athletic Association,false,,,,false,false,0,
2025,regular,8,8,8,Week 8,2025-10-12,2415,Morgan State Bears,MORG,FCS,Mid-Eastern Athletic Conference,false,,,,false,false,0,
2025,regular,8,8,8,Week 8,2025-10-12,2426,Navy Midshipmen,NAVY,FBS,American Conference,false,,,,false,false,0,
2025,regular,8,8,8,Week 8,2025-10-12,2428,North Carolina Central Eagles,NCCU,FCS,Mid-Eastern Athletic Conference,false,,,,false,false,0,
2025,regular,8,8,8,Week 8,2025-10-12,2429,Charlotte 49ers,CLT,FBS,American Conference,false,,,,false,false,0,
2025,regular,8,8,8,Week 8,2025-10-12,2433,UL Monroe Warhawks,ULM,FBS,Sun Belt Conference,false,,,,false,false,0,
2025,regular,8,8,8,Week 8,2025-10-12,2439,UNLV Rebels,UNLV,FBS,Mountain West Conference,false,,,,false,false,0,
2025,regular,8,8,8,Week 8,2025-10-12,2440,Nevada Wolf Pack,NEV,FBS,Mountain West Conference,false,,,,false,false,0,
2025,regular,8,8,8,Week 8,2025-10-12,2447,Nicholls Colonels,NICH,FCS,Southland Conference,false,,,,false,false,0,
2025,regular,8,8,8,Week 8,2025-10-12,2448,North Carolina A&T Aggies,NCAT,FCS,Coastal Athletic Association,false,,,,false,false,0,
2025,regular,8,8,8,Week 8,2025-10-12,2449,North Dakota State Bison,NDSU,FCS,Missouri Valley Football Conference,false,,,,false,false,0,
2025,regular,8,8,8,Week 8,2025-10-12,2450,Norfolk State Spartans,NORF,FCS,Mid-Eastern Athletic Conference,false,,,,false,false,0,
2025,regular,8,8,8,Week 8,2025-10-12,2453,North Alabama Lions,UNA,FCS,United Athletic Conference,false,,,,false,false,0,
2025,regular,8,8,8,Week 8,2025-10-12,2458,Northern Colorado Bears,UNCO,FCS,Big Sky Conference,false,,,,false,false,0,
2025,regular,8,8,8,Week 8,2025-10-12,2459,Northern Illinois Huskies,NIU,FBS,Mid-American Conference,false,,,,false,false,0,
2025,regular,8,8,8,Week 8,2025-10-12,2460,Northern Iowa Panthers,UNI,FCS,Missouri Valley Football Conference,false,,,,false,false,0,
2025,regular,8,8,8,Week 8,2025-10-12,2464,Northern Arizona Lumberjacks,NAU,FCS,Big Sky Conference,false,,,,false,false,0,
2025,regular,8,8,8,Week 8,2025-10-12,2466,Northwestern State Demons,NWST,FCS,Southland Conference,false,,,,false,false,0,
2025,regular,8,8,8,Week 8,2025-10-12,2483,Oregon Ducks,ORE,FBS,Big Ten Conference,true,8,3,-5,false,false,8,2
2025,regular,8,8,8,Week 8,2025-10-12,2502,Portland State Vikings,PRST,FCS,Big Sky Conference,false,,,,false,false,0,
2025,regular,8,8,8,Week 8,2025-10-12,2504,Prairie View A&M Panthers,PV,FCS,Southwestern Athletic Conference,false,,,,false,false,0,
2025,regular,8,8,8,Week 8,2025-10-12,2509,Purdue Boilermakers,PUR,FBS,Big Ten Conference,false,,,,false,false,0,
2025,regular,8,8,8,Week 8,2025-10-12,2523,Robert Morris Colonials,RMU,FCS,Northeast Conference,false,,,,false,false,0,
2025,regular,8,8,8,Week 8,2025-10-12,2534,Sam Houston Bearkats,SHSU,FBS,Conference USA,false,,,,false,false,0,
2025,regular,8,8,8,Week 8,2025-10-12,2535,Samford Bulldogs,SAM,FCS,Southern Conference,false,,,,false,false,0,
2025,regular,8,8,8,Week 8,2025-10-12,2545,SE Louisiana Lions,SELA,FCS,Southland Conference,false,,,,false,false,0,
2025,regular,8,8,8,Week 8,2025-10-12,2546,Southeast Missouri State Redhawks,SEMO,FCS,Ohio Valley Conference,false,,,,false,false,0,
2025,regular,8,8,8,Week 8,2025-10-12,2567,SMU Mustangs,SMU,FBS,Atlantic Coast Conference,false,,,,false,false,2,16
2025,regular,8,8,8,Week 8,2025-10-12,2569,South Carolina State Bulldogs,SCST,FCS,Mid-Eastern Athletic Conference,false,,,,false,false,0,
2025,regular,8,8,8,Week 8,2025-10-12,2571,South Dakota State Jackrabbits,SDST,FCS,Missouri Valley Football Conference,false,,,,false,false,0,
2025,regular,8,8,8,Week 8,2025-10-12,2572,Southern Miss Golden Eagles,USM,FBS,Sun Belt Conference,false,,,,false,false,0,
2025,regular,8,8,8,Week 8,2025-10-12,2579,South Carolina Gamecocks,SC,FBS,Southeastern Conference,false,,,,false,false,3,10
2025,regular,8,8,8,Week 8,2025-10-12,2582,Southern Jaguars,SOU,FCS,Southwestern Athletic Conference,false,,,,false,false,0,
2025,regular,8,8,8,Week 8,2025-10-12,2598,Saint Francis Red Flash,SFPA,FCS,Northeast Conference,false,,,,false,false,0,
2025,regular,8,8,8,Week 8,2025-10-12,2617,Stephen F. Austin Lumberjacks,SFA,FCS,Southland Conference,false,,,,false,false,0,
2025,regular,8,8,8,Week 8,2025-10-12,2619,Stony Brook Seawolves,STBK,FCS,Coastal Athletic Association,false,,,,false,false,0,
2025,regular,8,8,8,Week 8,2025-10-12,2623,Missouri State Bears,MOST,FBS,Conference USA,false,,,,false,false,0,
2025,regular,8,8,8,Week 8,2025-10-12,2627,Tarleton State Texans,TAR,FCS,United Athletic Conference,false,,,,false,false,0,
2025,regular,8,8,8,Week 8,2025-10-12,2628,TCU Horned Frogs,TCU,FBS,Big 12 Conference,false,,,,false,false,1,24
2025,regular,8,8,8,Week 8,2025-10-12,2630,UT Martin Skyhawks,UTM,FCS,Ohio Valley Conference,false,,,,false,false,0,
2025,regular,8,8,8,Week 8,2025-10-12,2633,Tennessee Volunteers,TENN,FBS,Southeastern Conference,true,11,12,1,false,false,8,11
2025,regular,8,8,8,Week 8,2025-10-12,2634,Tennessee State Tigers,TNST,FCS,Ohio Valley Conference,false,,,,false,false,0,
2025,regular,8,8,8,Week 8,2025-10-12,2635,Tennessee Tech Golden Eagles,TNTC,FCS,Ohio Valley Conference,false,,,,false,false,0,
2025,regular,8,8,8,Week 8,2025-10-12,2636,UTSA Roadrunners,UTSA,FBS,American Conference,false,,,,false,false,0,
2025,regular,8,8,8,Week 8,2025-10-12,2638,UTEP Miners,UTEP,FBS,Conference USA,false,,,,false,false,0,
2025,regular,8,8,8,Week 8,2025-10-12,2640,Texas Southern Tigers,TXSO,FCS,Southwestern Athletic Conference,false,,,,false,false,0,
2025,regular,8,8,8,Week 8,2025-10-12,2641,Texas Tech Red Raiders,TTU,FBS,Big 12 Conference,true,7,9,2,false,false,8,7
2025,regular,8,8,8,Week 8,2025-10-12,2643,The Citadel Bulldogs,CIT,FCS,Southern Conference,false,,,,false,false,0,
2025,regular,8,8,8,Week 8,2025-10-12,2649,Toledo Rockets,TOL,FBS,Mid-American Conference,false,,,,false,false,0,
2025,regular,8,8,8,Week 8,2025-10-12,2653,Troy Trojans,TROY,FBS,Sun Belt Conference,false,,,,false,false,0,
2025,regular,8,8,8,Week 8,2025-10-12,2655,Tulane Green Wave,TULN,FBS,American Conference,false,,,,false,false,0,
2025,regular,8,8,8,Week 8,2025-10-12,2678,VMI Keydets,VMI,FCS,Southern Conference,false,,,,false,false,0,
2025,regular,8,8,8,Week 8,2025-10-12,2681,Wagner Seahawks,WAG,FCS,Northeast Conference,false,,,,false,false,0,
2025,regular,8,8,8,Week 8,2025-10-12,2692,Weber State Wildcats,WEB,FCS,Big Sky Conference,false,,,,false,false,0,
2025,regular,8,8,8,Week 8,2025-10-12,2710,Western Illinois Leathernecks,WIU,FCS,Ohio Valley Conference,false,,,,false,false,0,
2025,regular,8,8,8,Week 8,2025-10-12,2711,Western Michigan Broncos,WMU,FBS,Mid-American Conference,false,,,,false,false,0,
2025,regular,8,8,8,Week 8,2025-10-12,2717,Western Carolina Catamounts,WCU,FCS,Southern Conference,false,,,,false,false,0,
2025,regular,8,8,8,Week 8,2025-10-12,2729,William & Mary Tribe,W&M,FCS,Coastal Athletic Association,false,,,,false,false,0,
2025,regular,8,8,8,Week 8,2025-10-12,2747,Wofford Terriers,WOF,FCS,Southern Conference,false,,,,false,false,0,
2025,regular,8,8,8,Week 8,2025-10-12,2751,Wyoming Cowboys,WYO,FBS,Mountain West Conference,false,,,,false,false,0,
2025,regular,8,8,8,Week 8,2025-10-12,2754,Youngstown State Penguins,YSU,FCS,Missouri Valley Football Conference,false,,,,false,false,0,
2025,regular,8,8,8,Week 8,2025-10-12,2755,Grambling Tigers,GRAM,FCS,Southwestern Athletic Conference,false,,,,false,false,0,
2025,regular,8,8,8,Week 8,2025-10-12,2771,Merrimack Warriors,MRMK,FCS,FCS Independents,false,,,,false,false,0,
2025,regular,8,8,8,Week 8,2025-10-12,2803,Bryant Bulldogs,BRY,FCS,Coastal Athletic Association,false,,,,false,false,0,
2025,regular,8,8,8,Week 8,2025-10-12,2815,Lindenwood Lions,LIN,FCS,Ohio Valley Conference,false,,,,false,false,0,
2025,regular,8,8,8,Week 8,2025-10-12,2837,East Texas A&M Lions,ETAM,FCS,Southland Conference,false,,,,false,false,0,
2025,regular,8,8,8,Week 8,2025-10-12,2900,St. Thomas-Minnesota Tommies,STMN,FCS,Pioneer Football League,false,,,,false,false,0,
2025,regular,8,8,8,Week 8,2025-10-12,2916,Incarnate Word Cardinals,UIW,FCS,Southland Conference,false,,,,false,false,0,
2025,regular,9,9,9,Week 9,2025-10-19,2,Auburn Tigers,AUB,FBS,Southeastern Conference,false,,,,false,false,2,22
2025,regular,9,9,9,Week 9,2025-10-19,5,UAB Blazers,UAB,FBS,American Conference,false,,,,false,false,0,
2025,regular,9,9,9,Week 9,2025-10-19,6,South Alabama Jaguars,USA,FBS,Sun Belt Conference,false,,,,false,false,0,
2025,regular,9,9,9,Week 9,2025-10-19,8,Arkansas Razorbacks,ARK,FBS,Southeastern Conference,false,,,,false,false,0,
2025,regular,9,9,9,Week 9,2025-10-19,9,Arizona State Sun Devils,ASU,FBS,Big 12 Conference,true,24,,,true,false,5,11
2025,regular,9,9,9,Week 9,2025-10-19,12,Arizona Wildcats,ARIZ,FBS,Big 12 Conference,false,,,,false,false,0,
2025,regular,9,9,9,Week 9,2025-10-19,13,Cal Poly Mustangs,CP,FCS,Big Sky Conference,false,,,,false,false,0,
2025,regular,9,9,9,Week 9,2025-10-19,16,Sacramento State Hornets,SAC,FCS,Big Sky Conference,false,,,,false,false,0,
2025,regular,9,9,9,Week 9,2025-10-19,21,San Diego State Aztecs,SDSU,FBS,Mountain West Conference,false,,,,false,false,0,
2025,regular,9,9,9,Week 9,2025-10-19,23,San José State Spartans,SJSU,FBS,Mountain West Conference,false,,,,false,false,0,
2025,regular,9,9,9,Week 9,2025-10-19,24,Stanford Cardinal,STAN,FBS,Atlantic Coast Conference,false,,,,false,false,0,
2025,regular,9,9,9,Week 9,2025-10-19,25,California Golden Bears,CAL,FBS,Atlantic Coast Conference,false,,,,false,false,0,
2025,regular,9,9,9,Week 9,2025-10-19,26,UCLA Bruins,UCLA,FBS,Big Ten Conference,false,,,,false,false,0,
2025,regular,9,9,9,Week 9,2025-10-19,30,USC Trojans,USC,FBS,Big Ten Conference,false,,20,,false,true,3,20
2025,regular,9,9,9,Week 9,2025-10-19,36,Colorado State Rams,CSU,FBS,Mountain West Conference,false,,,,false,false,0,
2025,regular,9,9,9,Week 9,2025-10-19,38,Colorado Buffaloes,COLO,FBS,Big 12 Conference,false,,,,false,false,0,
2025,regular,9,9,9,Week 9,2025-10-19,41,UConn Huskies,CONN,FBS,FBS Independents,false,,,,false,false,0,
2025,regular,9,9,9,Week 9,2025-10-19,47,Howard Bison,HOW,FCS,Mid-Eastern Athletic Conference,false,,,,false,false,0,
2025,regular,9,9,9,Week 9,2025-10-19,48,Delaware Blue Hens,DEL,FBS,Conference USA,false,,,,false,false,0,
2025,regular,9,9,9,Week 9,2025-10-19,50,Florida A&M Rattlers,FAMU,FCS,Southwestern Athletic Conference,false,,,,false,false,0,
2025,regular,9,9,9,Week 9,2025-10-19,52,Florida State Seminoles,FSU,FBS,Atlantic Coast Conference,false,,,,false,false,6,7
2025,regular,9,9,9,Week 9,2025-10-19,55,Jacksonville State Gamecocks,JVST,FBS,Conference USA,false,,,,false,false,0,
2025,regular,9,9,9,Week 9,2025-10-19,57,Florida Gators,FLA,FBS,Southeastern Conference,false,,,,false,false,2,13
2025,regular,9,9,9,Week 9,2025-10-19,58,South Florida Bulls,USF,FBS,American Conference,true,18,19,1,false,false,4,18
2025,regular,9,9,9,Week 9,2025-10-19,59,Georgia Tech Yellow Jackets,GT,FBS,Atlantic Coast Conference,true,7,12,5,false,false,6,7
2025,regular,9,9,9,Week 9,2025-10-19,61,Georgia Bulldogs,UGA,FBS,Southeastern Conference,true,5,9,4,false,false,9,4
2025,regular,9,9,9,Week 9,2025-10-19,62,Hawai'i Rainbow Warriors,HAW,FBS,Mountain West Conference,false,,,,false,false,0,
2025,regular,9,9,9,Week 9,2025-10-19,66,Iowa State Cyclones,ISU,FBS,Big 12 Conference,false,,,,false,false,7,12
2025,regular,9,9,9,Week 9,2025-10-19,68,Boise State Broncos,BOIS,FBS,Mountain West Conference,false,,,,false,false,1,25
2025,regular,9,9,9,Week 9,2025-10-19,70,Idaho Vandals,IDHO,FCS,Big Sky Conference,false,,,,false,false,0,
2025,regular,9,9,9,Week 9,2025-10-19,77,Northwestern Wildcats,NU,FBS,Big Ten Conference,false,,,,false,false,0,
2025,regular,9,9,9,Week 9,2025-10-19,79,Southern Illinois Salukis,SIU,FCS,Missouri Valley Football Conference,false,,,,false,false,0,
2025,regular,9,9,9,Week 9,2025-10-19,84,Indiana Hoosiers,IU,FBS,Big Ten Conference,true,2,3,1,false,false,9,2
2025,regular,9,9,9,Week 9,2025-10-19,87,Notre Dame Fighting Irish,ND,FBS,FBS Independents,true,12,13,1,false,false,9,6
2025,regular,9,9,9,Week 9,2025-10-19,93,Murray State Racers,MUR,FCS,Missouri Valley Football Conference,false,,,,false,false,0,
2025,regular,9,9,9,Week 9,2025-10-19,96,Kentucky Wildcats,UK,FBS,Southeastern Conference,false,,,,false,false,0,
2025,regular,9,9,9,Week 9,2025-10-19,97,Louisville Cardinals,LOU,FBS,Atlantic Coast Conference,true,19,,,true,false,1,19
2025,regular,9,9,9,Week 9,2025-10-19,98,Western Kentucky Hilltoppers,WKU,FBS,Conference USA,false,,,,false,false,0,
2025,regular,9,9,9,Week 9,2025-10-19,99,LSU Tigers,LSU,FBS,Southeastern Conference,true,20,10,-10,false,false,9,3
2025,regular,9,9,9,Week 9,2025-10-19,103,Boston College Eagles,BC,FBS,Atlantic Coast Conference,false,,,,false,false,0,
2025,regular,9,9,9,Week 9,2025-10-19,107,Holy Cross Crusaders,HC,FCS,Patriot League,false,,,,false,false,0,
2025,regular,9,9,9,Week 9,2025-10-19,113,Massachusetts Minutemen,MASS,FBS,Mid-American Conference,false,,,,false,false,0,
2025,regular,9,9,9,Week 9,2025-10-19,119,Towson Tigers,TOW,FCS,Coastal Athletic Association,false,,,,false,false,0,
2025,regular,9,9,9,Week 9,2025-10-19,120,Maryland Terrapins,MD,FBS,Big Ten Conference,false,,,,false,false,0,
2025,regular,9,9,9,Week 9,2025-10-19,127,Michigan State Spartans,MSU,FBS,Big Ten Conference,false,,,,false,false,0,
2025,regular,9,9,9,Week 9,2025-10-19,130,Michigan Wolverines,MICH,FBS,Big Ten Conference,true,25,,,true,false,8,14
2025,regular,9,9,9,Week 9,2025-10-19,135,Minnesota Golden Gophers,MINN,FBS,Big Ten Conference,false,,,,false,false,0,
2025,regular,9,9,9,Week 9,2025-10-19,142,Missouri Tigers,MIZ,FBS,Southeastern Conference,true,15,16,1,false,false,7,14
2025,regular,9,9,9,Week 9,2025-10-19,145,Ole Miss Rebels,MISS,FBS,Southeastern Conference,true,8,5,-3,false,false,9,4
2025,regular,9,9,9,Week 9,2025-10-19,147,Montana State Bobcats,MTST,FCS,Big Sky Conference,false,,,,false,false,0,
2025,regular,9,9,9,Week 9,2025-10-19,149,Montana Grizzlies,MONT,FCS,Big Sky Conference,false,,,,false,false,0,
2025,regular,9,9,9,Week 9,2025-10-19,150,Duke Blue Devils,DUKE,FBS,Atlantic Coast Conference,false,,,,false,false,0,
2025,regular,9,9,9,Week 9,2025-10-19,151,East Carolina Pirates,ECU,FBS,American Conference,false,,,,false,false,0,
2025,regular,9,9,9,Week 9,2025-10-19,152,NC State Wolfpack,NCSU,FBS,Atlantic Coast Conference,false,,,,false,false,0,
2025,regular,9,9,9,Week 9,2025-10-19,153,North Carolina Tar Heels,UNC,FBS,Atlantic Coast Conference,false,,,,false,false,0,
2025,regular,9,9,9,Week 9,2025-10-19,154,Wake Forest Demon Deacons,WAKE,FBS,Atlantic Coast Conference,false,,,,false,false,0,
2025,regular,9,9,9,Week 9,2025-10-19,155,North Dakota Fighting Hawks,UND,FCS,Missouri Valley Football Conference,false,,,,false,false,0,
2025,regular,9,9,9,Week 9,2025-10-19,158,Nebraska Cornhuskers,NEB,FBS,Big Ten Conference,false,,25,,false,true,1,25
2025,regular,9,9,9,Week 9,2025-10-19,160,New Hampshire Wildcats,UNH,FCS,Coastal Athletic Association,false,,,,false,false,0,
2025,regular,9,9,9,Week 9,2025-10-19,164,Rutgers Scarlet Knights,RUTG,FBS,Big Ten Conference,false,,,,false,false,0,
2025,regular,9,9,9,Week 9,2025-10-19,166,New Mexico State Aggies,NMSU,FBS,Conference USA,false,,,,false,false,0,
2025,regular,9,9,9,Week 9,2025-10-19,167,New Mexico Lobos,UNM,FBS,Mountain West Conference,false,,,,false,false,0,
2025,regular,9,9,9,Week 9,2025-10-19,183,Syracuse Orange,SYR,FBS,Atlantic Coast Conference,false,,,,false,false,0,
2025,regular,9,9,9,Week 9,2025-10-19,189,Bowling Green Falcons,BGSU,FBS,Mid-American Conference,false,,,,false,false,0,
2025,regular,9,9,9,Week 9,2025-10-19,193,Miami (OH) RedHawks,M-OH,FBS,Mid-American Conference,false,,,,false,false,0,
2025,regular,9,9,9,Week 9,2025-10-19,194,Ohio State Buckeyes,OSU,FBS,Big Ten Conference,true,1,1,0,false,false,9,1
2025,regular,9,9,9,Week 9,2025-10-19,195,Ohio Bobcats,OHIO,FBS,Mid-American Conference,false,,,,false,false,0,
2025,regular,9,9,9,Week 9,2025-10-19,197,Oklahoma State Cowboys,OKST,FBS,Big 12 Conference,false,,,,false,false,0,
2025,regular,9,9,9,Week 9,2025-10-19,201,Oklahoma Sooners,OU,FBS,Southeastern Conference,true,13,14,1,false,false,9,5
2025,regular,9,9,9,Week 9,2025-10-19,202,Tulsa Golden Hurricane,TLSA,FBS,American Conference,false,,,,false,false,0,
2025,regular,9,9,9,Week 9,2025-10-19,204,Oregon State Beavers,ORST,FBS,Pac-12 Conference,false,,,,false,false,0,
2025,regular,9,9,9,Week 9,2025-10-19,213,Penn State Nittany Lions,PSU,FBS,Big Ten Conference,false,,,,false,false,6,2
2025,regular,9,9,9,Week 9,2025-10-19,218,Temple Owls,TEM,FBS,American Conference,false,,,,false,false,0,
2025,regular,9,9,9,Week 9,2025-10-19,221,Pittsburgh Panthers,PITT,FBS,Atlantic Coast Conference,false,,,,false,false,0,
2025,regular,9,9,9,Week 9,2025-10-19,222,Villanova Wildcats,VILL,FCS,Coastal Athletic Association,false,,,,false,false,0,
2025,regular,9,9,9,Week 9,2025-10-19,227,Rhode Island Rams,URI,FCS,Coastal Athletic Association,false,,,,false,false,0,
2025,regular,9,9,9,Week 9,2025-10-19,228,Clemson Tigers,CLEM,FBS,Atlantic Coast Conference,false,,,,false,false,3,4
2025,regular,9,9,9,Week 9,2025-10-19,231,Furman Paladins,FUR,FCS,Southern Conference,false,,,,false,false,0,
2025,regular,9,9,9,Week 9,2025-10-19,233,South Dakota Coyotes,SDAK,FCS,Missouri Valley Football Conference,false,,,,false,false,0,
2025,regular,9,9,9,Week 9,2025-10-19,235,Memphis Tigers,MEM,FBS,American Conference,false,,22,,false,true,2,22
2025,regular,9,9,9,Week 9,2025-10-19,236,Chattanooga Mocs,UTC,FCS,Southern Conference,false,,,,false,false,0,
2025,regular,9,9,9,Week 9,2025-10-19,238,Vanderbilt Commodores,VAN,FBS,Southeastern Conference,true,10,17,7,false,false,6,10
2025,regular,9,9,9,Week 9,2025-10-19,239,Baylor Bears,BAY,FBS,Big 12 Conference,false,,,,false,false,0,
2025,regular,9,9,9,Week 9,2025-10-19,242,Rice Owls,RICE,FBS,American Conference,false,,,,false,false,0,
2025,regular,9,9,9,Week 9,2025-10-19,245,Texas A&M Aggies,TA&M,FBS,Southeastern Conference,true,3,4,1,false,false,9,3
2025,regular,9,9,9,Week 9,2025-10-19,248,Houston Cougars,HOU,FBS,Big 12 Conference,false,,,,false,false,0,
2025,regular,9,9,9,Week 9,2025-10-19,249,North Texas Mean Green,UNT,FBS,American Conference,false,,,,false,false,0,
2025,regular,9,9,9,Week 9,2025-10-19,251,Texas Longhorns,TEX,FBS,Southeastern Conference,true,22,21,-1,false,false,8,1
2025,regular,9,9,9,Week 9,2025-10-19,252,BYU Cougars,BYU,FBS,Big 12 Conference,true,11,15,4,false,false,5,11
2025,regular,9,9,9,Week 9,2025-10-19,254,Utah Utes,UTAH,FBS,Big 12 Conference,false,,23,,false,true,4,16
2025,regular,9,9,9,Week 9,2025-10-19,256,James Madison Dukes,JMU,FBS,Sun Belt Conference,false,,,,false,false,0,
2025,regular,9,9,9,Week 9,2025-10-19,257,Richmond Spiders,RICH,FCS,Patriot League,false,,,,false,false,0,
2025,regular,9,9,9,Week 9,2025-10-19,258,Virginia Cavaliers,UVA,FBS,Atlantic Coast Conference,true,16,18,2,false,false,4,16
2025,regular,9,9,9,Week 9,2025-10-19,259,Virginia Tech Hokies,VT,FBS,Atlantic Coast Conference,false,,,,false,false,0,
2025,regular,9,9,9,Week 9,2025-10-19,264,Washington Huskies,WASH,FBS,Big Ten Conference,false,,,,false,false,0,
2025,regular,9,9,9,Week 9,2025-10-19,265,Washington State Cougars,WSU,FBS,Pac-12 Conference,false,,,,false,false,0,
2025,regular,9,9,9,Week 9,2025-10-19,275,Wisconsin Badgers,WIS,FBS,Big Ten Conference,false,,,,false,false,0,
2025,regular,9,9,9,Week 9,2025-10-19,276,Marshall Thundering Herd,MRSH,FBS,Sun Belt Conference,false,,,,false,false,0,
2025,regular,9,9,9,Week 9,2025-10-19,277,West Virginia Mountaineers,WVU,FBS,Big 12 Conference,false,,,,false,false,0,
2025,regular,9,9,9,Week 9,2025-10-19,278,Fresno State Bulldogs,FRES,FBS,Mountain West Conference,false,,,,false,false,0,
2025,regular,9,9,9,Week 9,2025-10-19,282,Indiana State Sycamores,INST,FCS,Missouri Valley Football Conference,false,,,,false,false,0,
2025,regular,9,9,9,Week 9,2025-10-19,290,Georgia Southern Eagles,GASO,FBS,Sun Belt Conference,false,,,,false,false,0,
2025,regular,9,9,9,Week 9,2025-10-19,295,Old Dominion Monarchs,ODU,FBS,Sun Belt Conference,false,,,,false,false,0,
2025,regular,9,9,9,Week 9,2025-10-19,302,UC Davis Aggies,UCD,FCS,Big Sky Conference,false,,,,false,false,0,
2025,regular,9,9,9,Week 9,2025-10-19,304,Idaho State Bengals,IDST,FCS,Big Sky Conference,false,,,,false,false,0,
2025,regular,9,9,9,Week 9,2025-10-19,309,Louisiana Ragin' Cajuns,UL,FBS,Sun Belt Conference,false,,,,false,false,0,
2025,regular,9,9,9,Week 9,2025-10-19,311,Maine Black Bears,ME,FCS,Coastal Athletic Association,false,,,,false,false,0,
2025,regular,9,9,9,Week 9,2025-10-19,322,Lafayette Leopards,LAF,FCS,Patriot League,false,,,,false,false,0,
2025,regular,9,9,9,Week 9,2025-10-19,324,Coastal Carolina Chanticleers,CCU,FBS,Sun Belt Conference,false,,,,false,false,0,
2025,regular,9,9,9,Week 9,2025-10-19,326,Texas State Bobcats,TXST,FBS,Sun Belt Conference,false,,,,false,false,0,
2025,regular,9,9,9,Week 9,2025-10-19,328,Utah State Aggies,USU,FBS,Mountain West Conference,false,,,,false,false,0,
2025,regular,9,9,9,Week 9,2025-10-19,331,Eastern Washington Eagles,EWU,FCS,Big Sky Conference,false,,,,false,false,0,
2025,regular,9,9,9,Week 9,2025-10-19,333,Alabama Crimson Tide,ALA,FBS,Southeastern Conference,true,4,6,2,false,false,9,4
2025,regular,9,9,9,Week 9,2025-10-19,338,Kennesaw State Owls,KENN,FBS,Conference USA,false,,,,false,false,0,
2025,regular,9,9,9,Week 9,2025-10-19,344,Mississippi State Bulldogs,MSST,FBS,Southeastern Conference,false,,,,false,false,0,
2025,regular,9,9,9,Week 9,2025-10-19,349,Army Black Knights,ARMY,FBS,American Conference,false,,,,false,false,0,
2025,regular,9,9,9,Week 9,2025-10-19,356,Illinois Fighting Illini,ILL,FBS,Big Ten Conference,true,23,,,true,false,8,9
2025,regular,9,9,9,Week 9,2025-10-19,399,UAlbany Great Danes,ALB,FCS,Coastal Athletic Association,false,,,,false,false,0,
2025,regular,9,9,9,Week 9,2025-10-19,2000,Abilene Christian Wildcats,ACU,FCS,United Athletic Conference,false,,,,false,false,0,
2025,regular,9,9,9,Week 9,2025-10-19,2005,Air Force Falcons,AFA,FBS,Mountain West Conference,false,,,,false,false,0,
2025,regular,9,9,9,Week 9,2025-10-19,2006,Akron Zips,AKR,FBS,Mid-American Conference,false,,,,false,false,0,
2025,regular,9,9,9,Week 9,2025-10-19,2010,Alabama A&M Bulldogs,AAMU,FCS,Southwestern Athletic Conference,false,,,,false,false,0,
2025,regular,9,9,9,Week 9,2025-10-19,2011,Alabama State Hornets,ALST,FCS,Southwestern Athletic Conference,false,,,,false,false,0,
2025,regular,9,9,9,Week 9,2025-10-19,2016,Alcorn State Braves,ALCN,FCS,Southwestern Athletic Conference,false,,,,false,false,0,
2025,regular,9,9,9,Week 9,2025-10-19,2026,App State Mountaineers,APP,FBS,Sun Belt Conference,false,,,,false,false,0,
2025,regular,9,9,9,Week 9,2025-10-19,2029,Arkansas-Pine Bluff Golden Lions,UAPB,FCS,Southwestern Athletic Conference,false,,,,false,false,0,
2025,regular,9,9,9,Week 9,2025-10-19,2032,Arkansas State Red Wolves,ARST,FBS,Sun Belt Conference,false,,,,false,false,0,
2025,regular,9,9,9,Week 9,2025-10-19,2046,Austin Peay Governors,APSU,FCS,United Athletic Conference,false,,,,false,false,0,
2025,regular,9,9,9,Week 9,2025-10-19,2050,Ball State Cardinals,BALL,FBS,Mid-American Conference,false,,,,false,false,0,
2025,regular,9,9,9,Week 9,2025-10-19,2065,Bethune-Cookman Wildcats,BCU,FCS,Southwestern Athletic Conference,false,,,,false,false,0,
2025,regular,9,9,9,Week 9,2025-10-19,2083,Bucknell Bison,BUCK,FCS,Patriot League,false,,,,false,false,0,
2025,regular,9,9,9,Week 9,2025-10-19,2084,Buffalo Bulls,BUFF,FBS,Mid-American Conference,false,,,,false,false,0,
2025,regular,9,9,9,Week 9,2025-10-19,2097,Campbell Fighting Camels,CAM,FCS,Coastal Athletic Association,false,,,,false,false,0,
2025,regular,9,9,9,Week 9,2025-10-19,2110,Central Arkansas Bears,CARK,FCS,United Athletic Conference,false,,,,false,false,0,
2025,regular,9,9,9,Week 9,2025-10-19,2115,Central Connecticut Blue Devils,CCSU,FCS,Northeast Conference,false,,,,false,false,0,
2025,regular,9,9,9,Week 9,2025-10-19,2116,UCF Knights,UCF,FBS,Big 12 Conference,false,,,,false,false,0,
2025,regular,9,9,9,Week 9,2025-10-19,2117,Central Michigan Chippewas,CMU,FBS,Mid-American Conference,false,,,,false,false,0,
2025,regular,9,9,9,Week 9,2025-10-19,2127,Charleston Southern Buccaneers,CHSO,FCS,Ohio Valley Conference,false,,,,false,false,0,
2025,regular,9,9,9,Week 9,2025-10-19,2132,Cincinnati Bearcats,CIN,FBS,Big 12 Conference,true,21,24,3,false,false,2,21
2025,regular,9,9,9,Week 9,2025-10-19,2142,Colgate Raiders,COLG,FCS,Patriot League,false,,,,false,false,0,
2025,regular,9,9,9,Week 9,2025-10-19,2169,Delaware State Hornets,DSU,FCS,Mid-Eastern Athletic Conference,false,,,,false,false,0,
2025,regular,9,9,9,Week 9,2025-10-19,2184,Duquesne Dukes,DUQ,FCS,Northeast Conference,false,,,,false,false,0,
2025,regular,9,9,9,Week 9,2025-10-19,2193,East Tennessee State Buccaneers,ETSU,FCS,Southern Conference,false,,,,false,false,0,
2025,regular,9,9,9,Week 9,2025-10-19,2197,Eastern Illinois Panthers,EIU,FCS,Ohio Valley Conference,false,,,,false,false,0,
2025,regular,9,9,9,Week 9,2025-10-19,2198,Eastern Kentucky Colonels,EKU,FCS,United Athletic Conference,false,,,,false,false,0,
2025,regular,9,9,9,Week 9,2025-10-19,2199,Eastern Michigan Eagles,EMU,FBS,Mid-American Conference,false,,,,false,false,0,
2025,regular,9,9,9,Week 9,2025-10-19,2210,Elon Phoenix,ELON,FCS,Coastal Athletic Association,false,,,,false,false,0,
2025,regular,9,9,9,Week 9,2025-10-19,2226,Florida Atlantic Owls,FAU,FBS,American Conference,false,,,,false,false,0,
2025,regular,9,9,9,Week 9,2025-10-19,2229,Florida International Panthers,FIU,FBS,Conference USA,false,,,,false,false,0,
2025,regular,9,9,9,Week 9,2025-10-19,2230,Fordham Rams,FOR,FCS,Patriot League,false,,,,false,false,0,
2025,regular,9,9,9,Week 9,2025-10-19,2241,Gardner-Webb Runnin' Bulldogs,GWEB,FCS,Ohio Valley Conference,false,,,,false,false,0,
2025,regular,9,9,9,Week 9,2025-10-19,2247,Georgia State Panthers,GAST,FBS,Sun Belt Conference,false,,,,false,false,0,
2025,regular,9,9,9,Week 9,2025-10-19,2277,Houston Christian Huskies,HCU,FCS,Southland Conference,false,,,,false,false,0,
2025,regular,9,9,9,Week 9,2025-10-19,2287,Illinois State Redbirds,ILST,FCS,Missouri Valley Football Conference,false,,,,false,false,0,
2025,regular,9,9,9,Week 9,2025-10-19,2294,Iowa Hawkeyes,IOWA,FBS,Big Ten Conference,false,,,,false,false,0,
2025,regular,9,9,9,Week 9,2025-10-19,2296,Jackson State Tigers,JKST,FCS,Southwestern Athletic Conference,false,,,,false,false,0,
2025,regular,9,9,9,Week 9,2025-10-19,2305,Kansas Jayhawks,KU,FBS,Big 12 Conference,false,,,,false,false,0,
2025,regular,9,9,9,Week 9,2025-10-19,2306,Kansas State Wildcats,KSU,FBS,Big 12 Conference,false,,,,false,false,1,17
2025,regular,9,9,9,Week 9,2025-10-19,2309,Kent State Golden Flashes,KENT,FBS,Mid-American Conference,false,,,,false,false,0,
2025,regular,9,9,9,Week 9,2025-10-19,2320,Lamar Cardinals,LAM,FCS,Southland Conference,false,,,,false,false,0,
2025,regular,9,9,9,Week 9,2025-10-19,2335,Liberty Flames,LIB,FBS,Conference USA,false,,,,false,false,0,
2025,regular,9,9,9,Week 9,2025-10-19,2341,Long Island University Sharks,LIU,FCS,Northeast Conference,false,,,,false,false,0,
2025,regular,9,9,9,Week 9,2025-10-19,2348,Louisiana Tech Bulldogs,LT,FBS,Conference USA,false,,,,false,false,0,
2025,regular,9,9,9,Week 9,2025-10-19,2377,McNeese Cowboys,MCN,FCS,Southland Conference,false,,,,false,false,0,
2025,regular,9,9,9,Week 9,2025-10-19,2382,Mercer Bears,MER,FCS,Southern Conference,false,,,,false,false,0,
2025,regular,9,9,9,Week 9,2025-10-19,2385,Mercyhurst Lakers,MERC,FCS,Northeast Conference,false,,,,false,false,0,
2025,regular,9,9,9,Week 9,2025-10-19,2390,Miami Hurricanes,MIA,FBS,Atlantic Coast Conference,true,9,2,-7,false,false,9,2
2025,regular,9,9,9,Week 9,2025-10-19,2393,Middle Tennessee Blue Raiders,MTSU,FBS,Conference USA,false,,,,false,false,0,
2025,regular,9,9,9,Week 9,2025-10-19,2405,Monmouth Hawks,MONM,FCS,Coastal Athletic Association,false,,,,false,false,0,
2025,regular,9,9,9,Week 9,2025-10-19,2415,Morgan State Bears,MORG,FCS,Mid-Eastern Athletic Conference,false,,,,false,false,0,
2025,regular,9,9,9,Week 9,2025-10-19,2426,Navy Midshipmen,NAVY,FBS,American Conference,false,,,,false,false,0,
2025,regular,9,9,9,Week 9,2025-10-19,2428,North Carolina Central Eagles,NCCU,FCS,Mid-Eastern Athletic Conference,false,,,,false,false,0,
2025,regular,9,9,9,Week 9,2025-10-19,2429,Charlotte 49ers,CLT,FBS,American Conference,false,,,,false,false,0,
2025,regular,9,9,9,Week 9,2025-10-19,2433,UL Monroe Warhawks,ULM,FBS,Sun Belt Conference,false,,,,false,false,0,
2025,regular,9,9,9,Week 9,2025-10-19,2439,UNLV Rebels,UNLV,FBS,Mountain West Conference,false,,,,false,false,0,
2025,regular,9,9,9,Week 9,2025-10-19,2440,Nevada Wolf Pack,NEV,FBS,Mountain West Conference,false,,,,false,false,0,
2025,regular,9,9,9,Week 9,2025-10-19,2447,Nicholls Colonels,NICH,FCS,Southland Conference,false,,,,false,false,0,
2025,regular,9,9,9,Week 9,2025-10-19,2448,North Carolina A&T Aggies,NCAT,FCS,Coastal Athletic Association,false,,,,false,false,0,
2025,regular,9,9,9,Week 9,2025-10-19,2449,North Dakota State Bison,NDSU,FCS,Missouri Valley Football Conference,false,,,,false,false,0,
2025,regular,9,9,9,Week 9,2025-10-19,2450,Norfolk State Spartans,NORF,FCS,Mid-Eastern Athletic Conference,false,,,,false,false,0,
2025,regular,9,9,9,Week 9,2025-10-19,2453,North Alabama Lions,UNA,FCS,United Athletic Conference,false,,,,false,false,0,
2025,regular,9,9,9,Week 9,2025-10-19,2458,Northern Colorado Bears,UNCO,FCS,Big Sky Conference,false,,,,false,false,0,
2025,regular,9,9,9,Week 9,2025-10-19,2459,Northern Illinois Huskies,NIU,FBS,Mid-American Conference,false,,,,false,false,0,
2025,regular,9,9,9,Week 9,2025-10-19,2460,Northern Iowa Panthers,UNI,FCS,Missouri Valley Football Conference,false,,,,false,false,0,
2025,regular,9,9,9,Week 9,2025-10-19,2464,Northern Arizona Lumberjacks,NAU,FCS,Big Sky Conference,false,,,,false,false,0,
2025,regular,9,9,9,Week 9,2025-10-19,2466,Northwestern State Demons,NWST,FCS,Southland Conference,false,,,,false,false,0,
2025,regular,9,9,9,Week 9,2025-10-19,2483,Oregon Ducks,ORE,FBS,Big Ten Conference,true,6,8,2,false,false,9,2
2025,regular,9,9,9,Week 9,2025-10-19,2502,Portland State Vikings,PRST,FCS,Big Sky Conference,false,,,,false,false,0,
2025,regular,9,9,9,Week 9,2025-10-19,2504,Prairie View A&M Panthers,PV,FCS,Southwestern Athletic Conference,false,,,,false,false,0,
2025,regular,9,9,9,Week 9,2025-10-19,2509,Purdue Boilermakers,PUR,FBS,Big Ten Conference,false,,,,false,false,0,
2025,regular,9,9,9,Week 9,2025-10-19,2523,Robert Morris Colonials,RMU,FCS,Northeast Conference,false,,,,false,false,0,
2025,regular,9,9,9,Week 9,2025-10-19,2534,Sam Houston Bearkats,SHSU,FBS,Conference USA,false,,,,false,false,0,
2025,regular,9,9,9,Week 9,2025-10-19,2535,Samford Bulldogs,SAM,FCS,Southern Conference,false,,,,false,false,0,
2025,regular,9,9,9,Week 9,2025-10-19,2545,SE Louisiana Lions,SELA,FCS,Southland Conference,false,,,,false,false,0,
2025,regular,9,9,9,Week 9,2025-10-19,2546,Southeast Missouri State Redhawks,SEMO,FCS,Ohio Valley Conference,false,,,,false,false,0,
2025,regular,9,9,9,Week 9,2025-10-19,2567,SMU Mustangs,SMU,FBS,Atlantic Coast Conference,false,,,,false,false,2,16
2025,regular,9,9,9,Week 9,2025-10-19,2569,South Carolina State Bulldogs,SCST,FCS,Mid-Eastern Athletic Conference,false,,,,false,false,0,
2025,regular,9,9,9,Week 9,2025-10-19,2571,South Dakota State Jackrabbits,SDST,FCS,Missouri Valley Football Conference,false,,,,false,false,0,
2025,regular,9,9,9,Week 9,2025-10-19,2572,Southern Miss Golden Eagles,USM,FBS,Sun Belt Conference,false,,,,false,false,0,
2025,regular,9,9,9,Week 9,2025-10-19,2579,South Carolina Gamecocks,SC,FBS,Southeastern Conference,false,,,,false,false,3,10
2025,regular,9,9,9,Week 9,2025-10-19,2582,Southern Jaguars,SOU,FCS,Southwestern Athletic Conference,false,,,,false,false,0,
2025,regular,9,9,9,Week 9,2025-10-19,2598,Saint Francis Red Flash,SFPA,FCS,Northeast Conference,false,,,,false,false,0,
2025,regular,9,9,9,Week 9,2025-10-19,2617,Stephen F. Austin Lumberjacks,SFA,FCS,Southland Conference,false,,,,false,false,0,
2025,regular,9,9,9,Week 9,2025-10-19,2619,Stony Brook Seawolves,STBK,FCS,Coastal Athletic Association,false,,,,false,false,0,
2025,regular,9,9,9,Week 9,2025-10-19,2623,Missouri State Bears,MOST,FBS,Conference USA,false,,,,false,false,0,
2025,regular,9,9,9,Week 9,2025-10-19,2627,Tarleton State Texans,TAR,FCS,United Athletic Conference,false,,,,false,false,0,
2025,regular,9,9,9,Week 9,2025-10-19,2628,TCU Horned Frogs,TCU,FBS,Big 12 Conference,false,,,,false,false,1,24
2025,regular,9,9,9,Week 9,2025-10-19,2630,UT Martin Skyhawks,UTM,FCS,Ohio Valley Conference,false,,,,false,false,0,
2025,regular,9,9,9,Week 9,2025-10-19,2633,Tennessee Volunteers,TENN,FBS,Southeastern Conference,true,17,11,-6,false,false,9,11
2025,regular,9,9,9,Week 9,2025-10-19,2634,Tennessee State Tigers,TNST,FCS,Ohio Valley Conference,false,,,,false,false,0,
2025,regular,9,9,9,Week 9,2025-10-19,2635,Tennessee Tech Golden Eagles,TNTC,FCS,Ohio Valley Conference,false,,,,false,false,0,
2025,regular,9,9,9,Week 9,2025-10-19,2636,UTSA Roadrunners,UTSA,FBS,American Conference,false,,,,false,false,0,
2025,regular,9,9,9,Week 9,2025-10-19,2638,UTEP Miners,UTEP,FBS,Conference USA,false,,,,false,false,0,
2025,regular,9,9,9,Week 9,2025-10-19,2640,Texas Southern Tigers,TXSO,FCS,Southwestern Athletic Conference,false,,,,false,false,0,
2025,regular,9,9,9,Week 9,2025-10-19,2641,Texas Tech Red Raiders,TTU,FBS,Big 12 Conference,true,14,7,-7,false,false,9,7
2025,regular,9,9,9,Week 9,2025-10-19,2643,The Citadel Bulldogs,CIT,FCS,Southern Conference,false,,,,false,false,0,
2025,regular,9,9,9,Week 9,2025-10-19,2649,Toledo Rockets,TOL,FBS,Mid-American Conference,false,,,,false,false,0,
2025,regular,9,9,9,Week 9,2025-10-19,2653,Troy Trojans,TROY,FBS,Sun Belt Conference,false,,,,false,false,0,
2025,regular,9,9,9,Week 9,2025-10-19,2655,Tulane Green Wave,TULN,FBS,American Conference,false,,,,false,false,0,
2025,regular,9,9,9,Week 9,2025-10-19,2678,VMI Keydets,VMI,FCS,Southern Conference,false,,,,false,false,0,
2025,regular,9,9,9,Week 9,2025-10-19,2681,Wagner Seahawks,WAG,FCS,Northeast Conference,false,,,,false,false,0,
2025,regular,9,9,9,Week 9,2025-10-19,2692,Weber State Wildcats,WEB,FCS,Big Sky Conference,false,,,,false,false,0,
2025,regular,9,9,9,Week 9,2025-10-19,2710,Western Illinois Leathernecks,WIU,FCS,Ohio Valley Conference,false,,,,false,false,0,
2025,regular,9,9,9,Week 9,2025-10-19,2711,Western Michigan Broncos,WMU,FBS,Mid-American Conference,false,,,,false,false,0,
2025,regular,9,9,9,Week 9,2025-10-19,2717,Western Carolina Catamounts,WCU,FCS,Southern Conference,false,,,,false,false,0,
2025,regular,9,9,9,Week 9,2025-10-19,2729,William & Mary Tribe,W&M,FCS,Coastal Athletic Association,false,,,,false,false,0,
2025,regular,9,9,9,Week 9,2025-10-19,2747,Wofford Terriers,WOF,FCS,Southern Conference,false,,,,false,false,0,
2025,regular,9,9,9,Week 9,2025-10-19,2751,Wyoming Cowboys,WYO,FBS,Mountain West Conference,false,,,,false,false,0,
2025,regular,9,9,9,Week 9,2025-10-19,2754,Youngstown State Penguins,YSU,FCS,Missouri Valley Football Conference,false,,,,false,false,0,
2025,regular,9,9,9,Week 9,2025-10-19,2755,Grambling Tigers,GRAM,FCS,Southwestern Athletic Conference,false,,,,false,false,0,
2025,regular,9,9,9,Week 9,2025-10-19,2771,Merrimack Warriors,MRMK,FCS,FCS Independents,false,,,,false,false,0,
2025,regular,9,9,9,Week 9,2025-10-19,2803,Bryant Bulldogs,BRY,FCS,Coastal Athletic Association,false,,,,false,false,0,
2025,regular,9,9,9,Week 9,2025-10-19,2815,Lindenwood Lions,LIN,FCS,Ohio Valley Conference,false,,,,false,false,0,
2025,regular,9,9,9,Week 9,2025-10-19,2837,East Texas A&M Lions,ETAM,FCS,Southland Conference,false,,,,false,false,0,
2025,regular,9,9,9,Week 9,2025-10-19,2900,St. Thomas-Minnesota Tommies,STMN,FCS,Pioneer Football League,false,,,,false,false,0,
2025,regular,9,9,9,Week 9,2025-10-19,2916,Incarnate Word Cardinals,UIW,FCS,Southland Conference,false,,,,false,false,0,
2025,regular,10,10,10,Week 10,2025-10-26,2,Auburn Tigers,AUB,FBS,Southeastern Conference,false,,,,false,false,2,22
2025,regular,10,10,10,Week 10,2025-10-26,5,UAB Blazers,UAB,FBS,American Conference,false,,,,false,false,0,
2025,regular,10,10,10,Week 10,2025-10-26,6,South Alabama Jaguars,USA,FBS,Sun Belt Conference,false,,,,false,false,0,
2025,regular,10,10,10,Week 10,2025-10-26,8,Arkansas Razorbacks,ARK,FBS,Southeastern Conference,false,,,,false,false,0,
2025,regular,10,10,10,Week 10,2025-10-26,9,Arizona State Sun Devils,ASU,FBS,Big 12 Conference,false,,24,,false,true,5,11
2025,regular,10,10,10,Week 10,2025-10-26,12,Arizona Wildcats,ARIZ,FBS,Big 12 Conference,false,,,,false,false,0,
2025,regular,10,10,10,Week 10,2025-10-26,13,Cal Poly Mustangs,CP,FCS,Big Sky Conference,false,,,,false,false,0,
2025,regular,10,10,10,Week 10,2025-10-26,16,Sacramento State Hornets,SAC,FCS,Big Sky Conference,false,,,,false,false,0,
2025,regular,10,10,10,Week 10,2025-10-26,21,San Diego State Aztecs,SDSU,FBS,Mountain West Conference,false,,,,false,false,0,
2025,regular,10,10,10,Week 10,2025-10-26,23,San José State Spartans,SJSU,FBS,Mountain West Conference,false,,,,false,false,0,
2025,regular,10,10,10,Week 10,2025-10-26,24,Stanford Cardinal,STAN,FBS,Atlantic Coast Conference,false,,,,false,false,0,
2025,regular,10,10,10,Week 10,2025-10-26,25,California Golden Bears,CAL,FBS,Atlantic Coast Conference,false,,,,false,false,0,
2025,regular,10,10,10,Week 10,2025-10-26,26,UCLA Bruins,UCLA,FBS,Big Ten Conference,false,,,,false,false,0,
2025,regular,10,10,10,Week 10,2025-10-26,30,USC Trojans,USC,FBS,Big Ten Conference,true,23,,,true,false,4,20
2025,regular,10,10,10,Week 10,2025-10-26,36,Colorado State Rams,CSU,FBS,Mountain West Conference,false,,,,false,false,0,
2025,regular,10,10,10,Week 10,2025-10-26,38,Colorado Buffaloes,COLO,FBS,Big 12 Conference,false,,,,false,false,0,
2025,regular,10,10,10,Week 10,2025-10-26,41,UConn Huskies,CONN,FBS,FBS Independents,false,,,,false,false,0,
2025,regular,10,10,10,Week 10,2025-10-26,47,Howard Bison,HOW,FCS,Mid-Eastern Athletic Conference,false,,,,false,false,0,
2025,regular,10,10,10,Week 10,2025-10-26,48,Delaware Blue Hens,DEL,FBS,Conference USA,false,,,,false,false,0,
2025,regular,10,10,10,Week 10,2025-10-26,50,Florida A&M Rattlers,FAMU,FCS,Southwestern Athletic Conference,false,,,,false,false,0,
2025,regular,10,10,10,Week 10,2025-10-26,52,Florida State Seminoles,FSU,FBS,Atlantic Coast Conference,false,,,,false,false,6,7
2025,regular,10,10,10,Week 10,2025-10-26,55,Jacksonville State Gamecocks,JVST,FBS,Conference USA,false,,,,false,false,0,
2025,regular,10,10,10,Week 10,2025-10-26,57,Florida Gators,FLA,FBS,Southeastern Conference,false,,,,false,false,2,13
2025,regular,10,10,10,Week 10,2025-10-26,58,South Florida Bulls,USF,FBS,American Conference,false,,18,,false,true,4,18
2025,regular,10,10,10,Week 10,2025-10-26,59,Georgia Tech Yellow Jackets,GT,FBS,Atlantic Coast Conference,true,8,7,-1,false,false,7,7
2025,regular,10,10,10,Week 10,2025-10-26,61,Georgia Bulldogs,UGA,FBS,Southeastern Conference,true,5,5,0,false,false,10,4
2025,regular,10,10,10,Week 10,2025-10-26,62,Hawai'i Rainbow Warriors,HAW,FBS,Mountain West Conference,false,,,,false,false,0,
2025,regular,10,10,10,Week 10,2025-10-26,66,Iowa State Cyclones,ISU,FBS,Big 12 Conference,false,,,,false,false,7,12
2025,regular,10,10,10,Week 10,2025-10-26,68,Boise State Broncos,BOIS,FBS,Mountain West Conference,false,,,,false,false,1,25
2025,regular,10,10,10,Week 10,2025-10-26,70,Idaho Vandals,IDHO,FCS,Big Sky Conference,false,,,,false,false,0,
2025,regular,10,10,10,Week 10,2025-10-26,77,Northwestern Wildcats,NU,FBS,Big Ten Conference,false,,,,false,false,0,
2025,regular,10,10,10,Week 10,2025-10-26,79,Southern Illinois Salukis,SIU,FCS,Missouri Valley Football Conference,false,,,,false,false,0,
2025,regular,10,10,10,Week 10,2025-10-26,84,Indiana Hoosiers,IU,FBS,Big Ten Conference,true,2,2,0,false,false,10,2
2025,regular,10,10,10,Week 10,2025-10-26,87,Notre Dame Fighting Irish,ND,FBS,FBS Independents,true,12,12,0,false,false,10,6
2025,regular,10,10,10,Week 10,2025-10-26,93,Murray State Racers,MUR,FCS,Missouri Valley Football Conference,false,,,,false,false,0,
2025,regular,10,10,10,Week 10,2025-10-26,96,Kentucky Wildcats,UK,FBS,Southeastern Conference,false,,,,false,false,0,
2025,regular,10,10,10,Week 10,2025-10-26,97,Louisville Cardinals,LOU,FBS,Atlantic Coast Conference,true,16,19,3,false,false,2,16
2025,regular,10,10,10,Week 10,2025-10-26,98,Western Kentucky Hilltoppers,WKU,FBS,Conference USA,false,,,,false,false,0,
2025,regular,10,10,10,Week 10,2025-10-26,99,LSU Tigers,LSU,FBS,Southeastern Conference,false,,20,,false,true,9,3
2025,regular,10,10,10,Week 10,2025-10-26,103,Boston College Eagles,BC,FBS,Atlantic Coast Conference,false,,,,false,false,0,
2025,regular,10,10,10,Week 10,2025-10-26,107,Holy Cross Crusaders,HC,FCS,Patriot League,false,,,,false,false,0,
2025,regular,10,10,10,Week 10,2025-10-26,113,Massachusetts Minutemen,MASS,FBS,Mid-American Conference,false,,,,false,false,0,
2025,regular,10,10,10,Week 10,2025-10-26,119,Towson Tigers,TOW,FCS,Coastal Athletic Association,false,,,,false,false,0,
2025,regular,10,10,10,Week 10,2025-10-26,120,Maryland Terrapins,MD,FBS,Big Ten Conference,false,,,,false,false,0,
2025,regular,10,10,10,Week 10,2025-10-26,127,Michigan State Spartans,MSU,FBS,Big Ten Conference,false,,,,false,false,0,
2025,regular,10,10,10,Week 10,2025-10-26,130,Michigan Wolverines,MICH,FBS,Big Ten Conference,true,21,25,4,false,false,9,14
2025,regular,10,10,10,Week 10,2025-10-26,135,Minnesota Golden Gophers,MINN,FBS,Big Ten Conference,false,,,,false,false,0,
2025,regular,10,10,10,Week 10,2025-10-26,142,Missouri Tigers,MIZ,FBS,Southeastern Conference,true,19,15,-4,false,false,8,14
2025,regular,10,10,10,Week 10,2025-10-26,145,Ole Miss Rebels,MISS,FBS,Southeastern Conference,true,7,8,1,false,false,10,4
2025,regular,10,10,10,Week 10,2025-10-26,147,Montana State Bobcats,MTST,FCS,Big Sky Conference,false,,,,false,false,0,
2025,regular,10,10,10,Week 10,2025-10-26,149,Montana Grizzlies,MONT,FCS,Big Sky Conference,false,,,,false,false,0,
2025,regular,10,10,10,Week 10,2025-10-26,150,Duke Blue Devils,DUKE,FBS,Atlantic Coast Conference,false,,,,false,false,0,
2025,regular,10,10,10,Week 10,2025-10-26,151,East Carolina Pirates,ECU,FBS,American Conference,false,,,,false,false,0,
2025,regular,10,10,10,Week 10,2025-10-26,152,NC State Wolfpack,NCSU,FBS,Atlantic Coast Conference,false,,,,false,false,0,
2025,regular,10,10,10,Week 10,2025-10-26,153,North Carolina Tar Heels,UNC,FBS,Atlantic Coast Conference,false,,,,false,false,0,
2025,regular,10,10,10,Week 10,2025-10-26,154,Wake Forest Demon Deacons,WAKE,FBS,Atlantic Coast Conference,false,,,,false,false,0,
2025,regular,10,10,10,Week 10,2025-10-26,155,North Dakota Fighting Hawks,UND,FCS,Missouri Valley Football Conference,false,,,,false,false,0,
2025,regular,10,10,10,Week 10,2025-10-26,158,Nebraska Cornhuskers,NEB,FBS,Big Ten Conference,false,,,,false,false,1,25
2025,regular,10,10,10,Week 10,2025-10-26,160,New Hampshire Wildcats,UNH,FCS,Coastal Athletic Association,false,,,,false,false,0,
2025,regular,10,10,10,Week 10,2025-10-26,164,Rutgers Scarlet Knights,RUTG,FBS,Big Ten Conference,false,,,,false,false,0,
2025,regular,10,10,10,Week 10,2025-10-26,166,New Mexico State Aggies,NMSU,FBS,Conference USA,false,,,,false,false,0,
2025,regular,10,10,10,Week 10,2025-10-26,167,New Mexico Lobos,UNM,FBS,Mountain West Conference,false,,,,false,false,0,
2025,regular,10,10,10,Week 10,2025-10-26,183,Syracuse Orange,SYR,FBS,Atlantic Coast Conference,false,,,,false,false,0,
2025,regular,10,10,10,Week 10,2025-10-26,189,Bowling Green Falcons,BGSU,FBS,Mid-American Conference,false,,,,false,false,0,
2025,regular,10,10,10,Week 10,2025-10-26,193,Miami (OH) RedHawks,M-OH,FBS,Mid-American Conference,false,,,,false,false,0,
2025,regular,10,10,10,Week 10,2025-10-26,194,Ohio State Buckeyes,OSU,FBS,Big Ten Conference,true,1,1,0,false,false,10,1
2025,regular,10,10,10,Week 10,2025-10-26,195,Ohio Bobcats,OHIO,FBS,Mid-American Conference,false,,,,false,false,0,
2025,regular,10,10,10,Week 10,2025-10-26,197,Oklahoma State Cowboys,OKST,FBS,Big 12 Conference,false,,,,false,false,0,
2025,regular,10,10,10,Week 10,2025-10-26,201,Oklahoma Sooners,OU,FBS,Southeastern Conference,true,18,13,-5,false,false,10,5
2025,regular,10,10,10,Week 10,2025-10-26,202,Tulsa Golden Hurricane,TLSA,FBS,American Conference,false,,,,false,false,0,
2025,regular,10,10,10,Week 10,2025-10-26,204,Oregon State Beavers,ORST,FBS,Pac-12 Conference,false,,,,false,false,0,
2025,regular,10,10,10,Week 10,2025-10-26,213,Penn State Nittany Lions,PSU,FBS,Big Ten Conference,false,,,,false,false,6,2
2025,regular,10,10,10,Week 10,2025-10-26,218,Temple Owls,TEM,FBS,American Conference,false,,,,false,false,0,
2025,regular,10,10,10,Week 10,2025-10-26,221,Pittsburgh Panthers,PITT,FBS,Atlantic Coast Conference,false,,,,false,false,0,
2025,regular,10,10,10,Week 10,2025-10-26,222,Villanova Wildcats,VILL,FCS,Coastal Athletic Association,false,,,,false,false,0,
2025,regular,10,10,10,Week 10,2025-10-26,227,Rhode Island Rams,URI,FCS,Coastal Athletic Association,false,,,,false,false,0,
2025,regular,10,10,10,Week 10,2025-10-26,228,Clemson Tigers,CLEM,FBS,Atlantic Coast Conference,false,,,,false,false,3,4
2025,regular,10,10,10,Week 10,2025-10-26,231,Furman Paladins,FUR,FCS,Southern Conference,false,,,,false,false,0,
2025,regular,10,10,10,Week 10,2025-10-26,233,South Dakota Coyotes,SDAK,FCS,Missouri Valley Football Conference,false,,,,false,false,0,
2025,regular,10,10,10,Week 10,2025-10-26,235,Memphis Tigers,MEM,FBS,American Conference,true,25,,,true,false,3,22
2025,regular,10,10,10,Week 10,2025-10-26,236,Chattanooga Mocs,UTC,FCS,Southern Conference,false,,,,false,false,0,
2025,regular,10,10,10,Week 10,2025-10-26,238,Vanderbilt Commodores,VAN,FBS,Southeastern Conference,true,9,10,1,false,false,7,9
2025,regular,10,10,10,Week 10,2025-10-26,239,Baylor Bears,BAY,FBS,Big 12 Conference,false,,,,false,false,0,
2025,regular,10,10,10,Week 10,2025-10-26,242,Rice Owls,RICE,FBS,American Conference,false,,,,false,false,0,
2025,regular,10,10,10,Week 10,2025-10-26,245,Texas A&M Aggies,TA&M,FBS,Southeastern Conference,true,3,3,0,false,false,10,3
2025,regular,10,10,10,Week 10,2025-10-26,248,Houston Cougars,HOU,FBS,Big 12 Conference,true,22,,,true,false,1,22
2025,regular,10,10,10,Week 10,2025-10-26,249,North Texas Mean Green,UNT,FBS,American Conference,false,,,,false,false,0,
2025,regular,10,10,10,Week 10,2025-10-26,251,Texas Longhorns,TEX,FBS,Southeastern Conference,true,20,22,2,false,false,9,1
2025,regular,10,10,10,Week 10,2025-10-26,252,BYU Cougars,BYU,FBS,Big 12 Conference,true,10,11,1,false,false,6,10
2025,regular,10,10,10,Week 10,2025-10-26,254,Utah Utes,UTAH,FBS,Big 12 Conference,true,24,,,true,false,5,16
2025,regular,10,10,10,Week 10,2025-10-26,256,James Madison Dukes,JMU,FBS,Sun Belt Conference,false,,,,false,false,0,
2025,regular,10,10,10,Week 10,2025-10-26,257,Richmond Spiders,RICH,FCS,Patriot League,false,,,,false,false,0,
2025,regular,10,10,10,Week 10,2025-10-26,258,Virginia Cavaliers,UVA,FBS,Atlantic Coast Conference,true,15,16,1,false,false,5,15
2025,regular,10,10,10,Week 10,2025-10-26,259,Virginia Tech Hokies,VT,FBS,Atlantic Coast Conference,false,,,,false,false,0,
2025,regular,10,10,10,Week 10,2025-10-26,264,Washington Huskies,WASH,FBS,Big Ten Conference,false,,,,false,false,0,
2025,regular,10,10,10,Week 10,2025-10-26,265,Washington State Cougars,WSU,FBS,Pac-12 Conference,false,,,,false,false,0,
2025,regular,10,10,10,Week 10,2025-10-26,275,Wisconsin Badgers,WIS,FBS,Big Ten Conference,false,,,,false,false,0,
2025,regular,10,10,10,Week 10,2025-10-26,276,Marshall Thundering Herd,MRSH,FBS,Sun Belt Conference,false,,,,false,false,0,
2025,regular,10,10,10,Week 10,2025-10-26,277,West Virginia Mountaineers,WVU,FBS,Big 12 Conference,false,,,,false,false,0,
2025,regular,10,10,10,Week 10,2025-10-26,278,Fresno State Bulldogs,FRES,FBS,Mountain West Conference,false,,,,false,false,0,
2025,regular,10,10,10,Week 10,2025-10-26,282,Indiana State Sycamores,INST,FCS,Missouri Valley Football Conference,false,,,,false,false,0,
2025,regular,10,10,10,Week 10,2025-10-26,290,Georgia Southern Eagles,GASO,FBS,Sun Belt Conference,false,,,,false,false,0,
2025,regular,10,10,10,Week 10,2025-10-26,295,Old Dominion Monarchs,ODU,FBS,Sun Belt Conference,false,,,,false,false,0,
2025,regular,10,10,10,Week 10,2025-10-26,302,UC Davis Aggies,UCD,FCS,Big Sky Conference,false,,,,false,false,0,
2025,regular,10,10,10,Week 10,2025-10-26,304,Idaho State Bengals,IDST,FCS,Big Sky Conference,false,,,,false,false,0,
2025,regular,10,10,10,Week 10,2025-10-26,309,Louisiana Ragin' Cajuns,UL,FBS,Sun Belt Conference,false,,,,false,false,0,
2025,regular,10,10,10,Week 10,2025-10-26,311,Maine Black Bears,ME,FCS,Coastal Athletic Association,false,,,,false,false,0,
2025,regular,10,10,10,Week 10,2025-10-26,322,Lafayette Leopards,LAF,FCS,Patriot League,false,,,,false,false,0,
2025,regular,10,10,10,Week 10,2025-10-26,324,Coastal Carolina Chanticleers,CCU,FBS,Sun Belt Conference,false,,,,false,false,0,
2025,regular,10,10,10,Week 10,2025-10-26,326,Texas State Bobcats,TXST,FBS,Sun Belt Conference,false,,,,false,false,0,
2025,regular,10,10,10,Week 10,2025-10-26,328,Utah State Aggies,USU,FBS,Mountain West Conference,false,,,,false,false,0,
2025,regular,10,10,10,Week 10,2025-10-26,331,Eastern Washington Eagles,EWU,FCS,Big Sky Conference,false,,,,false,false,0,
2025,regular,10,10,10,Week 10,2025-10-26,333,Alabama Crimson Tide,ALA,FBS,Southeastern Conference,true,4,4,0,false,false,10,4
2025,regular,10,10,10,Week 10,2025-10-26,338,Kennesaw State Owls,KENN,FBS,Conference USA,false,,,,false,false,0,
2025,regular,10,10,10,Week 10,2025-10-26,344,Mississippi State Bulldogs,MSST,FBS,Southeastern Conference,false,,,,false,false,0,
2025,regular,10,10,10,Week 10,2025-10-26,349,Army Black Knights,ARMY,FBS,American Conference,false,,,,false,false,0,
2025,regular,10,10,10,Week 10,2025-10-26,356,Illinois Fighting Illini,ILL,FBS,Big Ten Conference,false,,23,,false,true,8,9
2025,regular,10,10,10,Week 10,2025-10-26,399,UAlbany Great Danes,ALB,FCS,Coastal Athletic Association,false,,,,false,false,0,
2025,regular,10,10,10,Week 10,2025-10-26,2000,Abilene Christian Wildcats,ACU,FCS,United Athletic Conference,false,,,,false,false,0,
2025,regular,10,10,10,Week 10,2025-10-26,2005,Air Force Falcons,AFA,FBS,Mountain West Conference,false,,,,false,false,0,
2025,regular,10,10,10,Week 10,2025-10-26,2006,Akron Zips,AKR,FBS,Mid-American Conference,false,,,,false,false,0,
2025,regular,10,10,10,Week 10,2025-10-26,2010,Alabama A&M Bulldogs,AAMU,FCS,Southwestern Athletic Conference,false,,,,false,false,0,
2025,regular,10,10,10,Week 10,2025-10-26,2011,Alabama State Hornets,ALST,FCS,Southwestern Athletic Conference,false,,,,false,false,0,
2025,regular,10,10,10,Week 10,2025-10-26,2016,Alcorn State Braves,ALCN,FCS,Southwestern Athletic Conference,false,,,,false,false,0,
2025,regular,10,10,10,Week 10,2025-10-26,2026,App State Mountaineers,APP,FBS,Sun Belt Conference,false,,,,false,false,0,
2025,regular,10,10,10,Week 10,2025-10-26,2029,Arkansas-Pine Bluff Golden Lions,UAPB,FCS,Southwestern Athletic Conference,false,,,,false,false,0,
2025,regular,10,10,10,Week 10,2025-10-26,2032,Arkansas State Red Wolves,ARST,FBS,Sun Belt Conference,false,,,,false,false,0,
2025,regular,10,10,10,Week 10,2025-10-26,2046,Austin Peay Governors,APSU,FCS,United Athletic Conference,false,,,,false,false,0,
2025,regular,10,10,10,Week 10,2025-10-26,2050,Ball State Cardinals,BALL,FBS,Mid-American Conference,false,,,,false,false,0,
2025,regular,10,10,10,Week 10,2025-10-26,2065,Bethune-Cookman Wildcats,BCU,FCS,Southwestern Athletic Conference,false,,,,false,false,0,
2025,regular,10,10,10,Week 10,2025-10-26,2083,Bucknell Bison,BUCK,FCS,Patriot League,false,,,,false,false,0,
2025,regular,10,10,10,Week 10,2025-10-26,2084,Buffalo Bulls,BUFF,FBS,Mid-American Conference,false,,,,false,false,0,
2025,regular,10,10,10,Week 10,2025-10-26,2097,Campbell Fighting Camels,CAM,FCS,Coastal Athletic Association,false,,,,false,false,0,
2025,regular,10,10,10,Week 10,2025-10-26,2110,Central Arkansas Bears,CARK,FCS,United Athletic Conference,false,,,,false,false,0,
2025,regular,10,10,10,Week 10,2025-10-26,2115,Central Connecticut Blue Devils,CCSU,FCS,Northeast Conference,false,,,,false,false,0,
2025,regular,10,10,10,Week 10,2025-10-26,2116,UCF Knights,UCF,FBS,Big 12 Conference,false,,,,false,false,0,
2025,regular,10,10,10,Week 10,2025-10-26,2117,Central Michigan Chippewas,CMU,FBS,Mid-American Conference,false,,,,false,false,0,
2025,regular,10,10,10,Week 10,2025-10-26,2127,Charleston Southern Buccaneers,CHSO,FCS,Ohio Valley Conference,false,,,,false,false,0,
2025,regular,10,10,10,Week 10,2025-10-26,2132,Cincinnati Bearcats,CIN,FBS,Big 12 Conference,true,17,21,4,false,false,3,17
2025,regular,10,10,10,Week 10,2025-10-26,2142,Colgate Raiders,COLG,FCS,Patriot League,false,,,,false,false,0,
2025,regular,10,10,10,Week 10,2025-10-26,2169,Delaware State Hornets,DSU,FCS,Mid-Eastern Athletic Conference,false,,,,false,false,0,
2025,regular,10,10,10,Week 10,2025-10-26,2184,Duquesne Dukes,DUQ,FCS,Northeast Conference,false,,,,false,false,0,
2025,regular,10,10,10,Week 10,2025-10-26,2193,East Tennessee State Buccaneers,ETSU,FCS,Southern Conference,false,,,,false,false,0,
2025,regular,10,10,10,Week 10,2025-10-26,2197,Eastern Illinois Panthers,EIU,FCS,Ohio Valley Conference,false,,,,false,false,0,
2025,regular,10,10,10,Week 10,2025-10-26,2198,Eastern Kentucky Colonels,EKU,FCS,United Athletic Conference,false,,,,false,false,0,
2025,regular,10,10,10,Week 10,2025-10-26,2199,Eastern Michigan Eagles,EMU,FBS,Mid-American Conference,false,,,,false,false,0,
2025,regular,10,10,10,Week 10,2025-10-26,2210,Elon Phoenix,ELON,FCS,Coastal Athletic Association,false,,,,false,false,0,
2025,regular,10,10,10,Week 10,2025-10-26,2226,Florida Atlantic Owls,FAU,FBS,American Conference,false,,,,false,false,0,
2025,regular,10,10,10,Week 10,2025-10-26,2229,Florida International Panthers,FIU,FBS,Conference USA,false,,,,false,false,0,
2025,regular,10,10,10,Week 10,2025-10-26,2230,Fordham Rams,FOR,FCS,Patriot League,false,,,,false,false,0,
2025,regular,10,10,10,Week 10,2025-10-26,2241,Gardner-Webb Runnin' Bulldogs,GWEB,FCS,Ohio Valley Conference,false,,,,false,false,0,
2025,regular,10,10,10,Week 10,2025-10-26,2247,Georgia State Panthers,GAST,FBS,Sun Belt Conference,false,,,,false,false,0,
2025,regular,10,10,10,Week 10,2025-10-26,2277,Houston Christian Huskies,HCU,FCS,Southland Conference,false,,,,false,false,0,
2025,regular,10,10,10,Week 10,2025-10-26,2287,Illinois State Redbirds,ILST,FCS,Missouri Valley Football Conference,false,,,,false,false,0,
2025,regular,10,10,10,Week 10,2025-10-26,2294,Iowa Hawkeyes,IOWA,FBS,Big Ten Conference,false,,,,false,false,0,
2025,regular,10,10,10,Week 10,2025-10-26,2296,Jackson State Tigers,JKST,FCS,Southwestern Athletic Conference,false,,,,false,false,0,
2025,regular,10,10,10,Week 10,2025-10-26,2305,Kansas Jayhawks,KU,FBS,Big 12 Conference,false,,,,false,false,0,
2025,regular,10,10,10,Week 10,2025-10-26,2306,Kansas State Wildcats,KSU,FBS,Big 12 Conference,false,,,,false,false,1,17
2025,regular,10,10,10,Week 10,2025-10-26,2309,Kent State Golden Flashes,KENT,FBS,Mid-American Conference,false,,,,false,false,0,
2025,regular,10,10,10,Week 10,2025-10-26,2320,Lamar Cardinals,LAM,FCS,Southland Conference,false,,,,false,false,0,
2025,regular,10,10,10,Week 10,2025-10-26,2335,Liberty Flames,LIB,FBS,Conference USA,false,,,,false,false,0,
2025,regular,10,10,10,Week 10,2025-10-26,2341,Long Island University Sharks,LIU,FCS,Northeast Conference,false,,,,false,false,0,
2025,regular,10,10,10,Week 10,2025-10-26,2348,Louisiana Tech Bulldogs,LT,FBS,Conference USA,false,,,,false,false,0,
2025,regular,10,10,10,Week 10,2025-10-26,2377,McNeese Cowboys,MCN,FCS,Southland Conference,false,,,,false,false,0,
2025,regular,10,10,10,Week 10,2025-10-26,2382,Mercer Bears,MER,FCS,Southern Conference,false,,,,false,false,0,
2025,regular,10,10,10,Week 10,2025-10-26,2385,Mercyhurst Lakers,MERC,FCS,Northeast Conference,false,,,,false,false,0,
2025,regular,10,10,10,Week 10,2025-10-26,2390,Miami Hurricanes,MIA,FBS,Atlantic Coast Conference,true,10,9,-1,false,false,10,2
2025,regular,10,10,10,Week 10,2025-10-26,2393,Middle Tennessee Blue Raiders,MTSU,FBS,Conference USA,false,,,,false,false,0,
2025,regular,10,10,10,Week 10,2025-10-26,2405,Monmouth Hawks,MONM,FCS,Coastal Athletic Association,false,,,,false,false,0,
2025,regular,10,10,10,Week 10,2025-10-26,2415,Morgan State Bears,MORG,FCS,Mid-Eastern Athletic Conference,false,,,,false,false,0,
2025,regular,10,10,10,Week 10,2025-10-26,2426,Navy Midshipmen,NAVY,FBS,American Conference,false,,,,false,false,0,
2025,regular,10,10,10,Week 10,2025-10-26,2428,North Carolina Central Eagles,NCCU,FCS,Mid-Eastern Athletic Conference,false,,,,false,false,0,
2025,regular,10,10,10,Week 10,2025-10-26,2429,Charlotte 49ers,CLT,FBS,American Conference,false,,,,false,false,0,
2025,regular,10,10,10,Week 10,2025-10-26,2433,UL Monroe Warhawks,ULM,FBS,Sun Belt Conference,false,,,,false,false,0,
2025,regular,10,10,10,Week 10,2025-10-26,2439,UNLV Rebels,UNLV,FBS,Mountain West Conference,false,,,,false,false,0,
2025,regular,10,10,10,Week 10,2025-10-26,2440,Nevada Wolf Pack,NEV,FBS,Mountain West Conference,false,,,,false,false,0,
2025,regular,10,10,10,Week 10,2025-10-26,2447,Nicholls Colonels,NICH,FCS,Southland Conference,false,,,,false,false,0,
2025,regular,10,10,10,Week 10,2025-10-26,2448,North Carolina A&T Aggies,NCAT,FCS,Coastal Athletic Association,false,,,,false,false,0,
2025,regular,10,10,10,Week 10,2025-10-26,2449,North Dakota State Bison,NDSU,FCS,Missouri Valley Football Conference,false,,,,false,false,0,
2025,regular,10,10,10,Week 10,2025-10-26,2450,Norfolk State Spartans,NORF,FCS,Mid-Eastern Athletic Conference,false,,,,false,false,0,
2025,regular,10,10,10,Week 10,2025-10-26,2453,North Alabama Lions,UNA,FCS,United Athletic Conference,false,,,,false,false,0,
2025,regular,10,10,10,Week 10,2025-10-26,2458,Northern Colorado Bears,UNCO,FCS,Big Sky Conference,false,,,,false,false,0,
2025,regular,10,10,10,Week 10,2025-10-26,2459,Northern Illinois Huskies,NIU,FBS,Mid-American Conference,false,,,,false,false,0,
2025,regular,10,10,10,Week 10,2025-10-26,2460,Northern Iowa Panthers,UNI,FCS,Missouri Valley Football Conference,false,,,,false,false,0,
2025,regular,10,10,10,Week 10,2025-10-26,2464,Northern Arizona Lumberjacks,NAU,FCS,Big Sky Conference,false,,,,false,false,0,
2025,regular,10,10,10,Week 10,2025-10-26,2466,Northwestern State Demons,NWST,FCS,Southland Conference,false,,,,false,false,0,
2025,regular,10,10,10,Week 10,2025-10-26,2483,Oregon Ducks,ORE,FBS,Big Ten Conference,true,6,6,0,false,false,10,2
2025,regular,10,10,10,Week 10,2025-10-26,2502,Portland State Vikings,PRST,FCS,Big Sky Conference,false,,,,false,false,0,
2025,regular,10,10,10,Week 10,2025-10-26,2504,Prairie View A&M Panthers,PV,FCS,Southwestern Athletic Conference,false,,,,false,false,0,
2025,regular,10,10,10,Week 10,2025-10-26,2509,Purdue Boilermakers,PUR,FBS,Big Ten Conference,false,,,,false,false,0,
2025,regular,10,10,10,Week 10,2025-10-26,2523,Robert Morris Colonials,RMU,FCS,Northeast Conference,false,,,,false,false,0,
2025,regular,10,10,10,Week 10,2025-10-26,2534,Sam Houston Bearkats,SHSU,FBS,Conference USA,false,,,,false,false,0,
2025,regular,10,10,10,Week 10,2025-10-26,2535,Samford Bulldogs,SAM,FCS,Southern Conference,false,,,,false,false,0,
2025,regular,10,10,10,Week 10,2025-10-26,2545,SE Louisiana Lions,SELA,FCS,Southland Conference,false,,,,false,false,0,
2025,regular,10,10,10,Week 10,2025-10-26,2546,Southeast Missouri State Redhawks,SEMO,FCS,Ohio Valley Conference,false,,,,false,false,0,
2025,regular,10,10,10,Week 10,2025-10-26,2567,SMU Mustangs,SMU,FBS,Atlantic Coast Conference,false,,,,false,false,2,16
2025,regular,10,10,10,Week 10,2025-10-26,2569,South Carolina State Bulldogs,SCST,FCS,Mid-Eastern Athletic Conference,false,,,,false,false,0,
2025,regular,10,10,10,Week 10,2025-10-26,2571,South Dakota State Jackrabbits,SDST,FCS,Missouri Valley Football Conference,false,,,,false,false,0,
2025,regular,10,10,10,Week 10,2025-10-26,2572,Southern Miss Golden Eagles,USM,FBS,Sun Belt Conference,false,,,,false,false,0,
2025,regular,10,10,10,Week 10,2025-10-26,2579,South Carolina Gamecocks,SC,FBS,Southeastern Conference,false,,,,false,false,3,10
2025,regular,10,10,10,Week 10,2025-10-26,2582,Southern Jaguars,SOU,FCS,Southwestern Athletic Conference,false,,,,false,false,0,
2025,regular,10,10,10,Week 10,2025-10-26,2598,Saint Francis Red Flash,SFPA,FCS,Northeast Conference,false,,,,false,false,0,
2025,regular,10,10,10,Week 10,2025-10-26,2617,Stephen F. Austin Lumberjacks,SFA,FCS,Southland Conference,false,,,,false,false,0,
2025,regular,10,10,10,Week 10,2025-10-26,2619,Stony Brook Seawolves,STBK,FCS,Coastal Athletic Association,false,,,,false,false,0,
2025,regular,10,10,10,Week 10,2025-10-26,2623,Missouri State Bears,MOST,FBS,Conference USA,false,,,,false,false,0,
2025,regular,10,10,10,Week 10,2025-10-26,2627,Tarleton State Texans,TAR,FCS,United Athletic Conference,false,,,,false,false,0,
2025,regular,10,10,10,Week 10,2025-10-26,2628,TCU Horned Frogs,TCU,FBS,Big 12 Conference,false,,,,false,false,1,24
2025,regular,10,10,10,Week 10,2025-10-26,2630,UT Martin Skyhawks,UTM,FCS,Ohio Valley Conference,false,,,,false,false,0,
2025,regular,10,10,10,Week 10,2025-10-26,2633,Tennessee Volunteers,TENN,FBS,Southeastern Conference,true,14,17,3,false,false,10,11
2025,regular,10,10,10,Week 10,2025-10-26,2634,Tennessee State Tigers,TNST,FCS,Ohio Valley Conference,false,,,,false,false,0,
2025,regular,10,10,10,Week 10,2025-10-26,2635,Tennessee Tech Golden Eagles,TNTC,FCS,Ohio Valley Conference,false,,,,false,false,0,
2025,regular,10,10,10,Week 10,2025-10-26,2636,UTSA Roadrunners,UTSA,FBS,American Conference,false,,,,false,false,0,
2025,regular,10,10,10,Week 10,2025-10-26,2638,UTEP Miners,UTEP,FBS,Conference USA,false,,,,false,false,0,
2025,regular,10,10,10,Week 10,2025-10-26,2640,Texas Southern Tigers,TXSO,FCS,Southwestern Athletic Conference,false,,,,false,false,0,
2025,regular,10,10,10,Week 10,2025-10-26,2641,Texas Tech Red Raiders,TTU,FBS,Big 12 Conference,true,13,14,1,false,false,10,7
2025,regular,10,10,10,Week 10,2025-10-26,2643,The Citadel Bulldogs,CIT,FCS,Southern Conference,false,,,,false,false,0,
2025,regular,10,10,10,Week 10,2025-10-26,2649,Toledo Rockets,TOL,FBS,Mid-American Conference,false,,,,false,false,0,
2025,regular,10,10,10,Week 10,2025-10-26,2653,Troy Trojans,TROY,FBS,Sun Belt Conference,false,,,,false,false,0,
2025,regular,10,10,10,Week 10,2025-10-26,2655,Tulane Green Wave,TULN,FBS,American Conference,false,,,,false,false,0,
2025,regular,10,10,10,Week 10,2025-10-26,2678,VMI Keydets,VMI,FCS,Southern Conference,false,,,,false,false,0,
2025,regular,10,10,10,Week 10,2025-10-26,2681,Wagner Seahawks,WAG,FCS,Northeast Conference,false,,,,false,false,0,
2025,regular,10,10,10,Week 10,2025-10-26,2692,Weber State Wildcats,WEB,FCS,Big Sky Conference,false,,,,false,false,0,
2025,regular,10,10,10,Week 10,2025-10-26,2710,Western Illinois Leathernecks,WIU,FCS,Ohio Valley Conference,false,,,,false,false,0,
2025,regular,10,10,10,Week 10,2025-10-26,2711,Western Michigan Broncos,WMU,FBS,Mid-American Conference,false,,,,false,false,0,
2025,regular,10,10,10,Week 10,2025-10-26,2717,Western Carolina Catamounts,WCU,FCS,Southern Conference,false,,,,false,false,0,
2025,regular,10,10,10,Week 10,2025-10-26,2729,William & Mary Tribe,W&M,FCS,Coastal Athletic Association,false,,,,false,false,0,
2025,regular,10,10,10,Week 10,2025-10-26,2747,Wofford Terriers,WOF,FCS,Southern Conference,false,,,,false,false,0,
2025,regular,10,10,10,Week 10,2025-10-26,2751,Wyoming Cowboys,WYO,FBS,Mountain West Conference,false,,,,false,false,0,
2025,regular,10,10,10,Week 10,2025-10-26,2754,Youngstown State Penguins,YSU,FCS,Missouri Valley Football Conference,false,,,,false,false,0,
2025,regular,10,10,10,Week 10,2025-10-26,2755,Grambling Tigers,GRAM,FCS,Southwestern Athletic Conference,false,,,,false,false,0,
2025,regular,10,10,10,Week 10,2025-10-26,2771,Merrimack Warriors,MRMK,FCS,FCS Independents,false,,,,false,false,0,
2025,regular,10,10,10,Week 10,2025-10-26,2803,Bryant Bulldogs,BRY,FCS,Coastal Athletic Association,false,,,,false,false,0,
2025,regular,10,10,10,Week 10,2025-10-26,2815,Lindenwood Lions,LIN,FCS,Ohio Valley Conference,false,,,,false,false,0,
2025,regular,10,10,10,Week 10,2025-10-26,2837,East Texas A&M Lions,ETAM,FCS,Southland Conference,false,,,,false,false,0,
2025,regular,10,10,10,Week 10,2025-10-26,2900,St. Thomas-Minnesota Tommies,STMN,FCS,Pioneer Football League,false,,,,false,false,0,
2025,regular,10,10,10,Week 10,2025-10-26,2916,Incarnate Word Cardinals,UIW,FCS,Southland Conference,false,,,,false,false,0,
2025,regular,11,11,11,Week 11,2025-11-02,2,Auburn Tigers,AUB,FBS,Southeastern Conference,false,,,,false,false,2,22
2025,regular,11,11,11,Week 11,2025-11-02,5,UAB Blazers,UAB,FBS,American Conference,false,,,,false,false,0,
2025,regular,11,11,11,Week 11,2025-11-02,6,South Alabama Jaguars,USA,FBS,Sun Belt Conference,false,,,,false,false,0,
2025,regular,11,11,11,Week 11,2025-11-02,8,Arkansas Razorbacks,ARK,FBS,Southeastern Conference,false,,,,false,false,0,
2025,regular,11,11,11,Week 11,2025-11-02,9,Arizona State Sun Devils,ASU,FBS,Big 12 Conference,false,,,,false,false,5,11
2025,regular,11,11,11,Week 11,2025-11-02,12,Arizona Wildcats,ARIZ,FBS,Big 12 Conference,false,,,,false,false,0,
2025,regular,11,11,11,Week 11,2025-11-02,13,Cal Poly Mustangs,CP,FCS,Big Sky Conference,false,,,,false,false,0,
2025,regular,11,11,11,Week 11,2025-11-02,16,Sacramento State Hornets,SAC,FCS,Big Sky Conference,false,,,,false,false,0,
2025,regular,11,11,11,Week 11,2025-11-02,21,San Diego State Aztecs,SDSU,FBS,Mountain West Conference,false,,,,false,false,0,
2025,regular,11,11,11,Week 11,2025-11-02,23,San José State Spartans,SJSU,FBS,Mountain West Conference,false,,,,false,false,0,
2025,regular,11,11,11,Week 11,2025-11-02,24,Stanford Cardinal,STAN,FBS,Atlantic Coast Conference,false,,,,false,false,0,
2025,regular,11,11,11,Week 11,2025-11-02,25,California Golden Bears,CAL,FBS,Atlantic Coast Conference,false,,,,false,false,0,
2025,regular,11,11,11,Week 11,2025-11-02,26,UCLA Bruins,UCLA,FBS,Big Ten Conference,false,,,,false,false,0,
2025,regular,11,11,11,Week 11,2025-11-02,30,USC Trojans,USC,FBS,Big Ten Conference,true,20,23,3,false,false,5,20
2025,regular,11,11,11,Week 11,2025-11-02,36,Colorado State Rams,CSU,FBS,Mountain West Conference,false,,,,false,false,0,
2025,regular,11,11,11,Week 11,2025-11-02,38,Colorado Buffaloes,COLO,FBS,Big 12 Conference,false,,,,false,false,0,
2025,regular,11,11,11,Week 11,2025-11-02,41,UConn Huskies,CONN,FBS,FBS Independents,false,,,,false,false,0,
2025,regular,11,11,11,Week 11,2025-11-02,47,Howard Bison,HOW,FCS,Mid-Eastern Athletic Conference,false,,,,false,false,0,
2025,regular,11,11,11,Week 11,2025-11-02,48,Delaware Blue Hens,DEL,FBS,Conference USA,false,,,,false,false,0,
2025,regular,11,11,11,Week 11,2025-11-02,50,Florida A&M Rattlers,FAMU,FCS,Southwestern Athletic Conference,false,,,,false,false,0,
2025,regular,11,11,11,Week 11,2025-11-02,52,Florida State Seminoles,FSU,FBS,Atlantic Coast Conference,false,,,,false,false,6,7
2025,regular,11,11,11,Week 11,2025-11-02,55,Jacksonville State Gamecocks,JVST,FBS,Conference USA,false,,,,false,false,0,
2025,regular,11,11,11,Week 11,2025-11-02,57,Florida Gators,FLA,FBS,Southeastern Conference,false,,,,false,false,2,13
2025,regular,11,11,11,Week 11,2025-11-02,58,South Florida Bulls,USF,FBS,American Conference,false,,,,false,false,4,18
2025,regular,11,11,11,Week 11,2025-11-02,59,Georgia Tech Yellow Jackets,GT,FBS,Atlantic Coast Conference,true,16,8,-8,false,false,8,7
2025,regular,11,11,11,Week 11,2025-11-02,61,Georgia Bulldogs,UGA,FBS,Southeastern Conference,true,5,5,0,false,false,11,4
2025,regular,11,11,11,Week 11,2025-11-02,62,Hawai'i Rainbow Warriors,HAW,FBS,Mountain West Conference,false,,,,false,false,0,
2025,regular,11,11,11,Week 11,2025-11-02,66,Iowa State Cyclones,ISU,FBS,Big 12 Conference,false,,,,false,false,7,12
2025,regular,11,11,11,Week 11,2025-11-02,68,Boise State Broncos,BOIS,FBS,Mountain West Conference,false,,,,false,false,1,25
2025,regular,11,11,11,Week 11,2025-11-02,70,Idaho Vandals,IDHO,FCS,Big Sky Conference,false,,,,false,false,0,
2025,regular,11,11,11,Week 11,2025-11-02,77,Northwestern Wildcats,NU,FBS,Big Ten Conference,false,,,,false,false,0,
2025,regular,11,11,11,Week 11,2025-11-02,79,Southern Illinois Salukis,SIU,FCS,Missouri Valley Football Conference,false,,,,false,false,0,
2025,regular,11,11,11,Week 11,2025-11-02,84,Indiana Hoosiers,IU,FBS,Big Ten Conference,true,2,2,0,false,false,11,2
2025,regular,11,11,11,Week 11,2025-11-02,87,Notre Dame Fighting Irish,ND,FBS,FBS Independents,true,10,12,2,false,false,11,6
2025,regular,11,11,11,Week 11,2025-11-02,93,Murray State Racers,MUR,FCS,Missouri Valley Football Conference,false,,,,false,false,0,
2025,regular,11,11,11,Week 11,2025-11-02,96,Kentucky Wildcats,UK,FBS,Southeastern Conference,false,,,,false,false,0,
2025,regular,11,11,11,Week 11,2025-11-02,97,Louisville Cardinals,LOU,FBS,Atlantic Coast Conference,true,14,16,2,false,false,3,14
2025,regular,11,11,11,Week 11,2025-11-02,98,Western Kentucky Hilltoppers,WKU,FBS,Conference USA,false,,,,false,false,0,
2025,regular,11,11,11,Week 11,2025-11-02,99,LSU Tigers,LSU,FBS,Southeastern Conference,false,,,,false,false,9,3
2025,regular,11,11,11,Week 11,2025-11-02,103,Boston College Eagles,BC,FBS,Atlantic Coast Conference,false,,,,false,false,0,
2025,regular,11,11,11,Week 11,2025-11-02,107,Holy Cross Crusaders,HC,FCS,Patriot League,false,,,,false,false,0,
2025,regular,11,11,11,Week 11,2025-11-02,113,Massachusetts Minutemen,MASS,FBS,Mid-American Conference,false,,,,false,false,0,
2025,regular,11,11,11,Week 11,2025-11-02,119,Towson Tigers,TOW,FCS,Coastal Athletic Association,false,,,,false,false,0,
2025,regular,11,11,11,Week 11,2025-11-02,120,Maryland Terrapins,MD,FBS,Big Ten Conference,false,,,,false,false,0,
2025,regular,11,11,11,Week 11,2025-11-02,127,Michigan State Spartans,MSU,FBS,Big Ten Conference,false,,,,false,false,0,
2025,regular,11,11,11,Week 11,2025-11-02,130,Michigan Wolverines,MICH,FBS,Big Ten Conference,true,21,21,0,false,false,10,14
2025,regular,11,11,11,Week 11,2025-11-02,135,Minnesota Golden Gophers,MINN,FBS,Big Ten Conference,false,,,,false,false,0,
2025,regular,11,11,11,Week 11,2025-11-02,142,Missouri Tigers,MIZ,FBS,Southeastern Conference,true,19,19,0,false,false,9,14
2025,regular,11,11,11,Week 11,2025-11-02,145,Ole Miss Rebels,MISS,FBS,Southeastern Conference,true,7,7,0,false,false,11,4
2025,regular,11,11,11,Week 11,2025-11-02,147,Montana State Bobcats,MTST,FCS,Big Sky Conference,false,,,,false,false,0,
2025,regular,11,11,11,Week 11,2025-11-02,149,Montana Grizzlies,MONT,FCS,Big Sky Conference,false,,,,false,false,0,
2025,regular,11,11,11,Week 11,2025-11-02,150,Duke Blue Devils,DUKE,FBS,Atlantic Coast Conference,false,,,,false,false,0,
2025,regular,11,11,11,Week 11,2025-11-02,151,East Carolina Pirates,ECU,FBS,American Conference,false,,,,false,false,0,
2025,regular,11,11,11,Week 11,2025-11-02,152,NC State Wolfpack,NCSU,FBS,Atlantic Coast Conference,false,,,,false,false,0,
2025,regular,11,11,11,Week 11,2025-11-02,153,North Carolina Tar Heels,UNC,FBS,Atlantic Coast Conference,false,,,,false,false,0,
2025,regular,11,11,11,Week 11,2025-11-02,154,Wake Forest Demon Deacons,WAKE,FBS,Atlantic Coast Conference,false,,,,false,false,0,
2025,regular,11,11,11,Week 11,2025-11-02,155,North Dakota Fighting Hawks,UND,FCS,Missouri Valley Football Conference,false,,,,false,false,0,
2025,regular,11,11,11,Week 11,2025-11-02,158,Nebraska Cornhuskers,NEB,FBS,Big Ten Conference,false,,,,false,false,1,25
2025,regular,11,11,11,Week 11,2025-11-02,160,New Hampshire Wildcats,UNH,FCS,Coastal Athletic Association,false,,,,false,false,0,
2025,regular,11,11,11,Week 11,2025-11-02,164,Rutgers Scarlet Knights,RUTG,FBS,Big Ten Conference,false,,,,false,false,0,
2025,regular,11,11,11,Week 11,2025-11-02,166,New Mexico State Aggies,NMSU,FBS,Conference USA,false,,,,false,false,0,
2025,regular,11,11,11,Week 11,2025-11-02,167,New Mexico Lobos,UNM,FBS,Mountain West Conference,false,,,,false,false,0,
2025,regular,11,11,11,Week 11,2025-11-02,183,Syracuse Orange,SYR,FBS,Atlantic Coast Conference,false,,,,false,false,0,
2025,regular,11,11,11,Week 11,2025-11-02,189,Bowling Green Falcons,BGSU,FBS,Mid-American Conference,false,,,,false,false,0,
2025,regular,11,11,11,Week 11,2025-11-02,193,Miami (OH) RedHawks,M-OH,FBS,Mid-American Conference,false,,,,false,false,0,
2025,regular,11,11,11,Week 11,2025-11-02,194,Ohio State Buckeyes,OSU,FBS,Big Ten Conference,true,1,1,0,false,false,11,1
2025,regular,11,11,11,Week 11,2025-11-02,195,Ohio Bobcats,OHIO,FBS,Mid-American Conference,false,,,,false,false,0,
2025,regular,11,11,11,Week 11,2025-11-02,197,Oklahoma State Cowboys,OKST,FBS,Big 12 Conference,false,,,,false,false,0,
2025,regular,11,11,11,Week 11,2025-11-02,201,Oklahoma Sooners,OU,FBS,Southeastern Conference,true,11,18,7,false,false,11,5
2025,regular,11,11,11,Week 11,2025-11-02,202,Tulsa Golden Hurricane,TLSA,FBS,American Conference,false,,,,false,false,0,
2025,regular,11,11,11,Week 11,2025-11-02,204,Oregon State Beavers,ORST,FBS,Pac-12 Conference,false,,,,false,false,0,
2025,regular,11,11,11,Week 11,2025-11-02,213,Penn State Nittany Lions,PSU,FBS,Big Ten Conference,false,,,,false,false,6,2
2025,regular,11,11,11,Week 11,2025-11-02,218,Temple Owls,TEM,FBS,American Conference,false,,,,false,false,0,
2025,regular,11,11,11,Week 11,2025-11-02,221,Pittsburgh Panthers,PITT,FBS,Atlantic Coast Conference,false,,,,false,false,0,
2025,regular,11,11,11,Week 11,2025-11-02,222,Villanova Wildcats,VILL,FCS,Coastal Athletic Association,false,,,,false,false,0,
2025,regular,11,11,11,Week 11,2025-11-02,227,Rhode Island Rams,URI,FCS,Coastal Athletic Association,false,,,,false,false,0,
2025,regular,11,11,11,Week 11,2025-11-02,228,Clemson Tigers,CLEM,FBS,Atlantic Coast Conference,false,,,,false,false,3,4
2025,regular,11,11,11,Week 11,2025-11-02,231,Furman Paladins,FUR,FCS,Southern Conference,false,,,,false,false,0,
2025,regular,11,11,11,Week 11,2025-11-02,233,South Dakota Coyotes,SDAK,FCS,Missouri Valley Football Conference,false,,,,false,false,0,
2025,regular,11,11,11,Week 11,2025-11-02,235,Memphis Tigers,MEM,FBS,American Conference,true,22,25,3,false,false,4,22
2025,regular,11,11,11,Week 11,2025-11-02,236,Chattanooga Mocs,UTC,FCS,Southern Conference,false,,,,false,false,0,
2025,regular,11,11,11,Week 11,2025-11-02,238,Vanderbilt Commodores,VAN,FBS,Southeastern Conference,true,15,9,-6,false,false,8,9
2025,regular,11,11,11,Week 11,2025-11-02,239,Baylor Bears,BAY,FBS,Big 12 Conference,false,,,,false,false,0,
2025,regular,11,11,11,Week 11,2025-11-02,242,Rice Owls,RICE,FBS,American Conference,false,,,,false,false,0,
2025,regular,11,11,11,Week 11,2025-11-02,245,Texas A&M Aggies,TA&M,FBS,Southeastern Conference,true,3,3,0,false,false,11,3
2025,regular,11,11,11,Week 11,2025-11-02,248,Houston Cougars,HOU,FBS,Big 12 Conference,false,,22,,false,true,1,22
2025,regular,11,11,11,Week 11,2025-11-02,249,North Texas Mean Green,UNT,FBS,American Conference,false,,,,false,false,0,
2025,regular,11,11,11,Week 11,2025-11-02,251,Texas Longhorns,TEX,FBS,Southeastern Conference,true,13,20,7,false,false,10,1
2025,regular,11,11,11,Week 11,2025-11-02,252,BYU Cougars,BYU,FBS,Big 12 Conference,true,8,10,2,false,false,7,8
2025,regular,11,11,11,Week 11,2025-11-02,254,Utah Utes,UTAH,FBS,Big 12 Conference,true,17,24,7,false,false,6,16
2025,regular,11,11,11,Week 11,2025-11-02,256,James Madison Dukes,JMU,FBS,Sun Belt Conference,false,,,,false,false,0,
2025,regular,11,11,11,Week 11,2025-11-02,257,Richmond Spiders,RICH,FCS,Patriot League,false,,,,false,false,0,
2025,regular,11,11,11,Week 11,2025-11-02,258,Virginia Cavaliers,UVA,FBS,Atlantic Coast Conference,true,12,15,3,false,false,6,12
2025,regular,11,11,11,Week 11,2025-11-02,259,Virginia Tech Hokies,VT,FBS,Atlantic Coast Conference,false,,,,false,false,0,
2025,regular,11,11,11,Week 11,2025-11-02,264,Washington Huskies,WASH,FBS,Big Ten Conference,true,24,,,true,false,1,24
2025,regular,11,11,11,Week 11,2025-11-02,265,Washington State Cougars,WSU,FBS,Pac-12 Conference,false,,,,false,false,0,
2025,regular,11,11,11,Week 11,2025-11-02,275,Wisconsin Badgers,WIS,FBS,Big Ten Conference,false,,,,false,false,0,
2025,regular,11,11,11,Week 11,2025-11-02,276,Marshall Thundering Herd,MRSH,FBS,Sun Belt Conference,false,,,,false,false,0,
2025,regular,11,11,11,Week 11,2025-11-02,277,West Virginia Mountaineers,WVU,FBS,Big 12 Conference,false,,,,false,false,0,
2025,regular,11,11,11,Week 11,2025-11-02,278,Fresno State Bulldogs,FRES,FBS,Mountain West Conference,false,,,,false,false,0,
2025,regular,11,11,11,Week 11,2025-11-02,282,Indiana State Sycamores,INST,FCS,Missouri Valley Football Conference,false,,,,false,false,0,
2025,regular,11,11,11,Week 11,2025-11-02,290,Georgia Southern Eagles,GASO,FBS,Sun Belt Conference,false,,,,false,false,0,
2025,regular,11,11,11,Week 11,2025-11-02,295,Old Dominion Monarchs,ODU,FBS,Sun Belt Conference,false,,,,false,false,0,
2025,regular,11,11,11,Week 11,2025-11-02,302,UC Davis Aggies,UCD,FCS,Big Sky Conference,false,,,,false,false,0,
2025,regular,11,11,11,Week 11,2025-11-02,304,Idaho State Bengals,IDST,FCS,Big Sky Conference,false,,,,false,false,0,
2025,regular,11,11,11,Week 11,2025-11-02,309,Louisiana Ragin' Cajuns,UL,FBS,Sun Belt Conference,false,,,,false,false,0,
2025,regular,11,11,11,Week 11,2025-11-02,311,Maine Black Bears,ME,FCS,Coastal Athletic Association,false,,,,false,false,0,
2025,regular,11,11,11,Week 11,2025-11-02,322,Lafayette Leopards,LAF,FCS,Patriot League,false,,,,false,false,0,
2025,regular,11,11,11,Week 11,2025-11-02,324,Coastal Carolina Chanticleers,CCU,FBS,Sun Belt Conference,false,,,,false,false,0,
2025,regular,11,11,11,Week 11,2025-11-02,326,Texas State Bobcats,TXST,FBS,Sun Belt Conference,false,,,,false,false,0,
2025,regular,11,11,11,Week 11,2025-11-02,328,Utah State Aggies,USU,FBS,Mountain West Conference,false,,,,false,false,0,
2025,regular,11,11,11,Week 11,2025-11-02,331,Eastern Washington Eagles,EWU,FCS,Big Sky Conference,false,,,,false,false,0,
2025,regular,11,11,11,Week 11,2025-11-02,333,Alabama Crimson Tide,ALA,FBS,Southeastern Conference,true,4,4,0,false,false,11,4
2025,regular,11,11,11,Week 11,2025-11-02,338,Kennesaw State Owls,KENN,FBS,Conference USA,false,,,,false,false,0,
2025,regular,11,11,11,Week 11,2025-11-02,344,Mississippi State Bulldogs,MSST,FBS,Southeastern Conference,false,,,,false,false,0,
2025,regular,11,11,11,Week 11,2025-11-02,349,Army Black Knights,ARMY,FBS,American Conference,false,,,,false,false,0,
2025,regular,11,11,11,Week 11,2025-11-02,356,Illinois Fighting Illini,ILL,FBS,Big Ten Conference,false,,,,false,false,8,9
2025,regular,11,11,11,Week 11,2025-11-02,399,UAlbany Great Danes,ALB,FCS,Coastal Athletic Association,false,,,,false,false,0,
2025,regular,11,11,11,Week 11,2025-11-02,2000,Abilene Christian Wildcats,ACU,FCS,United Athletic Conference,false,,,,false,false,0,
2025,regular,11,11,11,Week 11,2025-11-02,2005,Air Force Falcons,AFA,FBS,Mountain West Conference,false,,,,false,false,0,
2025,regular,11,11,11,Week 11,2025-11-02,2006,Akron Zips,AKR,FBS,Mid-American Conference,false,,,,false,false,0,
2025,regular,11,11,11,Week 11,2025-11-02,2010,Alabama A&M Bulldogs,AAMU,FCS,Southwestern Athletic Conference,false,,,,false,false,0,
2025,regular,11,11,11,Week 11,2025-11-02,2011,Alabama State Hornets,ALST,FCS,Southwestern Athletic Conference,false,,,,false,false,0,
2025,regular,11,11,11,Week 11,2025-11-02,2016,Alcorn State Braves,ALCN,FCS,Southwestern Athletic Conference,false,,,,false,false,0,
2025,regular,11,11,11,Week 11,2025-11-02,2026,App State Mountaineers,APP,FBS,Sun Belt Conference,false,,,,false,false,0,
2025,regular,11,11,11,Week 11,2025-11-02,2029,Arkansas-Pine Bluff Golden Lions,UAPB,FCS,Southwestern Athletic Conference,false,,,,false,false,0,
2025,regular,11,11,11,Week 11,2025-11-02,2032,Arkansas State Red Wolves,ARST,FBS,Sun Belt Conference,false,,,,false,false,0,
2025,regular,11,11,11,Week 11,2025-11-02,2046,Austin Peay Governors,APSU,FCS,United Athletic Conference,false,,,,false,false,0,
2025,regular,11,11,11,Week 11,2025-11-02,2050,Ball State Cardinals,BALL,FBS,Mid-American Conference,false,,,,false,false,0,
2025,regular,11,11,11,Week 11,2025-11-02,2065,Bethune-Cookman Wildcats,BCU,FCS,Southwestern Athletic Conference,false,,,,false,false,0,
2025,regular,11,11,11,Week 11,2025-11-02,2083,Bucknell Bison,BUCK,FCS,Patriot League,false,,,,false,false,0,
2025,regular,11,11,11,Week 11,2025-11-02,2084,Buffalo Bulls,BUFF,FBS,Mid-American Conference,false,,,,false,false,0,
2025,regular,11,11,11,Week 11,2025-11-02,2097,Campbell Fighting Camels,CAM,FCS,Coastal Athletic Association,false,,,,false,false,0,
2025,regular,11,11,11,Week 11,2025-11-02,2110,Central Arkansas Bears,CARK,FCS,United Athletic Conference,false,,,,false,false,0,
2025,regular,11,11,11,Week 11,2025-11-02,2115,Central Connecticut Blue Devils,CCSU,FCS,Northeast Conference,false,,,,false,false,0,
2025,regular,11,11,11,Week 11,2025-11-02,2116,UCF Knights,UCF,FBS,Big 12 Conference,false,,,,false,false,0,
2025,regular,11,11,11,Week 11,2025-11-02,2117,Central Michigan Chippewas,CMU,FBS,Mid-American Conference,false,,,,false,false,0,
2025,regular,11,11,11,Week 11,2025-11-02,2127,Charleston Southern Buccaneers,CHSO,FCS,Ohio Valley Conference,false,,,,false,false,0,
2025,regular,11,11,11,Week 11,2025-11-02,2132,Cincinnati Bearcats,CIN,FBS,Big 12 Conference,true,25,17,-8,false,false,4,17
2025,regular,11,11,11,Week 11,2025-11-02,2142,Colgate Raiders,COLG,FCS,Patriot League,false,,,,false,false,0,
2025,regular,11,11,11,Week 11,2025-11-02,2169,Delaware State Hornets,DSU,FCS,Mid-Eastern Athletic Conference,false,,,,false,false,0,
2025,regular,11,11,11,Week 11,2025-11-02,2184,Duquesne Dukes,DUQ,FCS,Northeast Conference,false,,,,false,false,0,
2025,regular,11,11,11,Week 11,2025-11-02,2193,East Tennessee State Buccaneers,ETSU,FCS,Southern Conference,false,,,,false,false,0,
2025,regular,11,11,11,Week 11,2025-11-02,2197,Eastern Illinois Panthers,EIU,FCS,Ohio Valley Conference,false,,,,false,false,0,
2025,regular,11,11,11,Week 11,2025-11-02,2198,Eastern Kentucky Colonels,EKU,FCS,United Athletic Conference,false,,,,false,false,0,
2025,regular,11,11,11,Week 11,2025-11-02,2199,Eastern Michigan Eagles,EMU,FBS,Mid-American Conference,false,,,,false,false,0,
2025,regular,11,11,11,Week 11,2025-11-02,2210,Elon Phoenix,ELON,FCS,Coastal Athletic Association,false,,,,false,false,0,
2025,regular,11,11,11,Week 11,2025-11-02,2226,Florida Atlantic Owls,FAU,FBS,American Conference,false,,,,false,false,0,
2025,regular,11,11,11,Week 11,2025-11-02,2229,Florida International Panthers,FIU,FBS,Conference USA,false,,,,false,false,0,
2025,regular,11,11,11,Week 11,2025-11-02,2230,Fordham Rams,FOR,FCS,Patriot League,false,,,,false,false,0,
2025,regular,11,11,11,Week 11,2025-11-02,2241,Gardner-Webb Runnin' Bulldogs,GWEB,FCS,Ohio Valley Conference,false,,,,false,false,0,
2025,regular,11,11,11,Week 11,2025-11-02,2247,Georgia State Panthers,GAST,FBS,Sun Belt Conference,false,,,,false,false,0,
2025,regular,11,11,11,Week 11,2025-11-02,2277,Houston Christian Huskies,HCU,FCS,Southland Conference,false,,,,false,false,0,
2025,regular,11,11,11,Week 11,2025-11-02,2287,Illinois State Redbirds,ILST,FCS,Missouri Valley Football Conference,false,,,,false,false,0,
2025,regular,11,11,11,Week 11,2025-11-02,2294,Iowa Hawkeyes,IOWA,FBS,Big Ten Conference,false,,,,false,false,0,
2025,regular,11,11,11,Week 11,2025-11-02,2296,Jackson State Tigers,JKST,FCS,Southwestern Athletic Conference,false,,,,false,false,0,
2025,regular,11,11,11,Week 11,2025-11-02,2305,Kansas Jayhawks,KU,FBS,Big 12 Conference,false,,,,false,false,0,
2025,regular,11,11,11,Week 11,2025-11-02,2306,Kansas State Wildcats,KSU,FBS,Big 12 Conference,false,,,,false,false,1,17
2025,regular,11,11,11,Week 11,2025-11-02,2309,Kent State Golden Flashes,KENT,FBS,Mid-American Conference,false,,,,false,false,0,
2025,regular,11,11,11,Week 11,2025-11-02,2320,Lamar Cardinals,LAM,FCS,Southland Conference,false,,,,false,false,0,
2025,regular,11,11,11,Week 11,2025-11-02,2335,Liberty Flames,LIB,FBS,Conference USA,false,,,,false,false,0,
2025,regular,11,11,11,Week 11,2025-11-02,2341,Long Island University Sharks,LIU,FCS,Northeast Conference,false,,,,false,false,0,
2025,regular,11,11,11,Week 11,2025-11-02,2348,Louisiana Tech Bulldogs,LT,FBS,Conference USA,false,,,,false,false,0,
2025,regular,11,11,11,Week 11,2025-11-02,2377,McNeese Cowboys,MCN,FCS,Southland Conference,false,,,,false,false,0,
2025,regular,11,11,11,Week 11,2025-11-02,2382,Mercer Bears,MER,FCS,Southern Conference,false,,,,false,false,0,
2025,regular,11,11,11,Week 11,2025-11-02,2385,Mercyhurst Lakers,MERC,FCS,Northeast Conference,false,,,,false,false,0,
2025,regular,11,11,11,Week 11,2025-11-02,2390,Miami Hurricanes,MIA,FBS,Atlantic Coast Conference,true,18,10,-8,false,false,11,2
2025,regular,11,11,11,Week 11,2025-11-02,2393,Middle Tennessee Blue Raiders,MTSU,FBS,Conference USA,false,,,,false,false,0,
2025,regular,11,11,11,Week 11,2025-11-02,2405,Monmouth Hawks,MONM,FCS,Coastal Athletic Association,false,,,,false,false,0,
2025,regular,11,11,11,Week 11,2025-11-02,2415,Morgan State Bears,MORG,FCS,Mid-Eastern Athletic Conference,false,,,,false,false,0,
2025,regular,11,11,11,Week 11,2025-11-02,2426,Navy Midshipmen,NAVY,FBS,American Conference,false,,,,false,false,0,
2025,regular,11,11,11,Week 11,2025-11-02,2428,North Carolina Central Eagles,NCCU,FCS,Mid-Eastern Athletic Conference,false,,,,false,false,0,
2025,regular,11,11,11,Week 11,2025-11-02,2429,Charlotte 49ers,CLT,FBS,American Conference,false,,,,false,false,0,
2025,regular,11,11,11,Week 11,2025-11-02,2433,UL Monroe Warhawks,ULM,FBS,Sun Belt Conference,false,,,,false,false,0,
2025,regular,11,11,11,Week 11,2025-11-02,2439,UNLV Rebels,UNLV,FBS,Mountain West Conference,false,,,,false,false,0,
2025,regular,11,11,11,Week 11,2025-11-02,2440,Nevada Wolf Pack,NEV,FBS,Mountain West Conference,false,,,,false,false,0,
2025,regular,11,11,11,Week 11,2025-11-02,2447,Nicholls Colonels,NICH,FCS,Southland Conference,false,,,,false,false,0,
2025,regular,11,11,11,Week 11,2025-11-02,2448,North Carolina A&T Aggies,NCAT,FCS,Coastal Athletic Association,false,,,,false,false,0,
2025,regular,11,11,11,Week 11,2025-11-02,2449,North Dakota State Bison,NDSU,FCS,Missouri Valley Football Conference,false,,,,false,false,0,
2025,regular,11,11,11,Week 11,2025-11-02,2450,Norfolk State Spartans,NORF,FCS,Mid-Eastern Athletic Conference,false,,,,false,false,0,
2025,regular,11,11,11,Week 11,2025-11-02,2453,North Alabama Lions,UNA,FCS,United Athletic Conference,false,,,,false,false,0,
2025,regular,11,11,11,Week 11,2025-11-02,2458,Northern Colorado Bears,UNCO,FCS,Big Sky Conference,false,,,,false,false,0,
2025,regular,11,11,11,Week 11,2025-11-02,2459,Northern Illinois Huskies,NIU,FBS,Mid-American Conference,false,,,,false,false,0,
2025,regular,11,11,11,Week 11,2025-11-02,2460,Northern Iowa Panthers,UNI,FCS,Missouri Valley Football Conference,false,,,,false,false,0,
2025,regular,11,11,11,Week 11,2025-11-02,2464,Northern Arizona Lumberjacks,NAU,FCS,Big Sky Conference,false,,,,false,false,0,
2025,regular,11,11,11,Week 11,2025-11-02,2466,Northwestern State Demons,NWST,FCS,Southland Conference,false,,,,false,false,0,
2025,regular,11,11,11,Week 11,2025-11-02,2483,Oregon Ducks,ORE,FBS,Big Ten Conference,true,6,6,0,false,false,11,2
2025,regular,11,11,11,Week 11,2025-11-02,2502,Portland State Vikings,PRST,FCS,Big Sky Conference,false,,,,false,false,0,
2025,regular,11,11,11,Week 11,2025-11-02,2504,Prairie View A&M Panthers,PV,FCS,Southwestern Athletic Conference,false,,,,false,false,0,
2025,regular,11,11,11,Week 11,2025-11-02,2509,Purdue Boilermakers,PUR,FBS,Big Ten Conference,false,,,,false,false,0,
2025,regular,11,11,11,Week 11,2025-11-02,2523,Robert Morris Colonials,RMU,FCS,Northeast Conference,false,,,,false,false,0,
2025,regular,11,11,11,Week 11,2025-11-02,2534,Sam Houston Bearkats,SHSU,FBS,Conference USA,false,,,,false,false,0,
2025,regular,11,11,11,Week 11,2025-11-02,2535,Samford Bulldogs,SAM,FCS,Southern Conference,false,,,,false,false,0,
2025,regular,11,11,11,Week 11,2025-11-02,2545,SE Louisiana Lions,SELA,FCS,Southland Conference,false,,,,false,false,0,
2025,regular,11,11,11,Week 11,2025-11-02,2546,Southeast Missouri State Redhawks,SEMO,FCS,Ohio Valley Conference,false,,,,false,false,0,
2025,regular,11,11,11,Week 11,2025-11-02,2567,SMU Mustangs,SMU,FBS,Atlantic Coast Conference,false,,,,false,false,2,16
2025,regular,11,11,11,Week 11,2025-11-02,2569,South Carolina State Bulldogs,SCST,FCS,Mid-Eastern Athletic Conference,false,,,,false,false,0,
2025,regular,11,11,11,Week 11,2025-11-02,2571,South Dakota State Jackrabbits,SDST,FCS,Missouri Valley Football Conference,false,,,,false,false,0,
2025,regular,11,11,11,Week 11,2025-11-02,2572,Southern Miss Golden Eagles,USM,FBS,Sun Belt Conference,false,,,,false,false,0,
2025,regular,11,11,11,Week 11,2025-11-02,2579,South Carolina Gamecocks,SC,FBS,Southeastern Conference,false,,,,false,false,3,10
2025,regular,11,11,11,Week 11,2025-11-02,2582,Southern Jaguars,SOU,FCS,Southwestern Athletic Conference,false,,,,false,false,0,
2025,regular,11,11,11,Week 11,2025-11-02,2598,Saint Francis Red Flash,SFPA,FCS,Northeast Conference,false,,,,false,false,0,
2025,regular,11,11,11,Week 11,2025-11-02,2617,Stephen F. Austin Lumberjacks,SFA,FCS,Southland Conference,false,,,,false,false,0,
2025,regular,11,11,11,Week 11,2025-11-02,2619,Stony Brook Seawolves,STBK,FCS,Coastal Athletic Association,false,,,,false,false,0,
2025,regular,11,11,11,Week 11,2025-11-02,2623,Missouri State Bears,MOST,FBS,Conference USA,false,,,,false,false,0,
2025,regular,11,11,11,Week 11,2025-11-02,2627,Tarleton State Texans,TAR,FCS,United Athletic Conference,false,,,,false,false,0,
2025,regular,11,11,11,Week 11,2025-11-02,2628,TCU Horned Frogs,TCU,FBS,Big 12 Conference,false,,,,false,false,1,24
2025,regular,11,11,11,Week 11,2025-11-02,2630,UT Martin Skyhawks,UTM,FCS,Ohio Valley Conference,false,,,,false,false,0,
2025,regular,11,11,11,Week 11,2025-11-02,2633,Tennessee Volunteers,TENN,FBS,Southeastern Conference,true,23,14,-9,false,false,11,11
2025,regular,11,11,11,Week 11,2025-11-02,2634,Tennessee State Tigers,TNST,FCS,Ohio Valley Conference,false,,,,false,false,0,
2025,regular,11,11,11,Week 11,2025-11-02,2635,Tennessee Tech Golden Eagles,TNTC,FCS,Ohio Valley Conference,false,,,,false,false,0,
2025,regular,11,11,11,Week 11,2025-11-02,2636,UTSA Roadrunners,UTSA,FBS,American Conference,false,,,,false,false,0,
2025,regular,11,11,11,Week 11,2025-11-02,2638,UTEP Miners,UTEP,FBS,Conference USA,false,,,,false,false,0,
2025,regular,11,11,11,Week 11,2025-11-02,2640,Texas Southern Tigers,TXSO,FCS,Southwestern Athletic Conference,false,,,,false,false,0,
2025,regular,11,11,11,Week 11,2025-11-02,2641,Texas Tech Red Raiders,TTU,FBS,Big 12 Conference,true,9,13,4,false,false,11,7
2025,regular,11,11,11,Week 11,2025-11-02,2643,The Citadel Bulldogs,CIT,FCS,Southern Conference,false,,,,false,false,0,
2025,regular,11,11,11,Week 11,2025-11-02,2649,Toledo Rockets,TOL,FBS,Mid-American Conference,false,,,,false,false,0,
2025,regular,11,11,11,Week 11,2025-11-02,2653,Troy Trojans,TROY,FBS,Sun Belt Conference,false,,,,false,false,0,
2025,regular,11,11,11,Week 11,2025-11-02,2655,Tulane Green Wave,TULN,FBS,American Conference,false,,,,false,false,0,
2025,regular,11,11,11,Week 11,2025-11-02,2678,VMI Keydets,VMI,FCS,Southern Conference,false,,,,false,false,0,
2025,regular,11,11,11,Week 11,2025-11-02,2681,Wagner Seahawks,WAG,FCS,Northeast Conference,false,,,,false,false,0,
2025,regular,11,11,11,Week 11,2025-11-02,2692,Weber State Wildcats,WEB,FCS,Big Sky Conference,false,,,,false,false,0,
2025,regular,11,11,11,Week 11,2025-11-02,2710,Western Illinois Leathernecks,WIU,FCS,Ohio Valley Conference,false,,,,false,false,0,
2025,regular,11,11,11,Week 11,2025-11-02,2711,Western Michigan Broncos,WMU,FBS,Mid-American Conference,false,,,,false,false,0,
2025,regular,11,11,11,Week 11,2025-11-02,2717,Western Carolina Catamounts,WCU,FCS,Southern Conference,false,,,,false,false,0,
2025,regular,11,11,11,Week 11,2025-11-02,2729,William & Mary Tribe,W&M,FCS,Coastal Athletic Association,false,,,,false,false,0,
2025,regular,11,11,11,Week 11,2025-11-02,2747,Wofford Terriers,WOF,FCS,Southern Conference,false,,,,false,false,0,
2025,regular,11,11,11,Week 11,2025-11-02,2751,Wyoming Cowboys,WYO,FBS,Mountain West Conference,false,,,,false,false,0,
2025,regular,11,11,11,Week 11,2025-11-02,2754,Youngstown State Penguins,YSU,FCS,Missouri Valley Football Conference,false,,,,false,false,0,
2025,regular,11,11,11,Week 11,2025-11-02,2755,Grambling Tigers,GRAM,FCS,Southwestern Athletic Conference,false,,,,false,false,0,
2025,regular,11,11,11,Week 11,2025-11-02,2771,Merrimack Warriors,MRMK,FCS,FCS Independents,false,,,,false,false,0,
2025,regular,11,11,11,Week 11,2025-11-02,2803,Bryant Bulldogs,BRY,FCS,Coastal Athletic Association,false,,,,false,false,0,
2025,regular,11,11,11,Week 11,2025-11-02,2815,Lindenwood Lions,LIN,FCS,Ohio Valley Conference,false,,,,false,false,0,
2025,regular,11,11,11,Week 11,2025-11-02,2837,East Texas A&M Lions,ETAM,FCS,Southland Conference,false,,,,false,false,0,
2025,regular,11,11,11,Week 11,2025-11-02,2900,St. Thomas-Minnesota Tommies,STMN,FCS,Pioneer Football League,false,,,,false,false,0,
2025,regular,11,11,11,Week 11,2025-11-02,2916,Incarnate Word Cardinals,UIW,FCS,Southland Conference,false,,,,false,false,0,
2025,regular,12,12,12,Week 12,2025-11-09,2,Auburn Tigers,AUB,FBS,Southeastern Conference,false,,,,false,false,2,22
2025,regular,12,12,12,Week 12,2025-11-09,5,UAB Blazers,UAB,FBS,American Conference,false,,,,false,false,0,
2025,regular,12,12,12,Week 12,2025-11-09,6,South Alabama Jaguars,USA,FBS,Sun Belt Conference,false,,,,false,false,0,
2025,regular,12,12,12,Week 12,2025-11-09,8,Arkansas Razorbacks,ARK,FBS,Southeastern Conference,false,,,,false,false,0,
2025,regular,12,12,12,Week 12,2025-11-09,9,Arizona State Sun Devils,ASU,FBS,Big 12 Conference,false,,,,false,false,5,11
2025,regular,12,12,12,Week 12,2025-11-09,12,Arizona Wildcats,ARIZ,FBS,Big 12 Conference,false,,,,false,false,0,
2025,regular,12,12,12,Week 12,2025-11-09,13,Cal Poly Mustangs,CP,FCS,Big Sky Conference,false,,,,false,false,0,
2025,regular,12,12,12,Week 12,2025-11-09,16,Sacramento State Hornets,SAC,FCS,Big Sky Conference,false,,,,false,false,0,
2025,regular,12,12,12,Week 12,2025-11-09,21,San Diego State Aztecs,SDSU,FBS,Mountain West Conference,false,,,,false,false,0,
2025,regular,12,12,12,Week 12,2025-11-09,23,San José State Spartans,SJSU,FBS,Mountain West Conference,false,,,,false,false,0,
2025,regular,12,12,12,Week 12,2025-11-09,24,Stanford Cardinal,STAN,FBS,Atlantic Coast Conference,false,,,,false,false,0,
2025,regular,12,12,12,Week 12,2025-11-09,25,California Golden Bears,CAL,FBS,Atlantic Coast Conference,false,,,,false,false,0,
2025,regular,12,12,12,Week 12,2025-11-09,26,UCLA Bruins,UCLA,FBS,Big Ten Conference,false,,,,false,false,0,
2025,regular,12,12,12,Week 12,2025-11-09,30,USC Trojans,USC,FBS,Big Ten Conference,true,17,20,3,false,false,6,17
2025,regular,12,12,12,Week 12,2025-11-09,36,Colorado State Rams,CSU,FBS,Mountain West Conference,false,,,,false,false,0,
2025,regular,12,12,12,Week 12,2025-11-09,38,Colorado Buffaloes,COLO,FBS,Big 12 Conference,false,,,,false,false,0,
2025,regular,12,12,12,Week 12,2025-11-09,41,UConn Huskies,CONN,FBS,FBS Independents,false,,,,false,false,0,
2025,regular,12,12,12,Week 12,2025-11-09,47,Howard Bison,HOW,FCS,Mid-Eastern Athletic Conference,false,,,,false,false,0,
2025,regular,12,12,12,Week 12,2025-11-09,48,Delaware Blue Hens,DEL,FBS,Conference USA,false,,,,false,false,0,
2025,regular,12,12,12,Week 12,2025-11-09,50,Florida A&M Rattlers,FAMU,FCS,Southwestern Athletic Conference,false,,,,false,false,0,
2025,regular,12,12,12,Week 12,2025-11-09,52,Florida State Seminoles,FSU,FBS,Atlantic Coast Conference,false,,,,false,false,6,7
2025,regular,12,12,12,Week 12,2025-11-09,55,Jacksonville State Gamecocks,JVST,FBS,Conference USA,false,,,,false,false,0,
2025,regular,12,12,12,Week 12,2025-11-09,57,Florida Gators,FLA,FBS,Southeastern Conference,false,,,,false,false,2,13
2025,regular,12,12,12,Week 12,2025-11-09,58,South Florida Bulls,USF,FBS,American Conference,true,25,,,true,false,5,18
2025,regular,12,12,12,Week 12,2025-11-09,59,Georgia Tech Yellow Jackets,GT,FBS,Atlantic Coast Conference,true,14,16,2,false,false,9,7
2025,regular,12,12,12,Week 12,2025-11-09,61,Georgia Bulldogs,UGA,FBS,Southeastern Conference,true,5,5,0,false,false,12,4
2025,regular,12,12,12,Week 12,2025-11-09,62,Hawai'i Rainbow Warriors,HAW,FBS,Mountain West Conference,false,,,,false,false,0,
2025,regular,12,12,12,Week 12,2025-11-09,66,Iowa State Cyclones,ISU,FBS,Big 12 Conference,false,,,,false,false,7,12
2025,regular,12,12,12,Week 12,2025-11-09,68,Boise State Broncos,BOIS,FBS,Mountain West Conference,false,,,,false,false,1,25
2025,regular,12,12,12,Week 12,2025-11-09,70,Idaho Vandals,IDHO,FCS,Big Sky Conference,false,,,,false,false,0,
2025,regular,12,12,12,Week 12,2025-11-09,77,Northwestern Wildcats,NU,FBS,Big Ten Conference,false,,,,false,false,0,
2025,regular,12,12,12,Week 12,2025-11-09,79,Southern Illinois Salukis,SIU,FCS,Missouri Valley Football Conference,false,,,,false,false,0,
2025,regular,12,12,12,Week 12,2025-11-09,84,Indiana Hoosiers,IU,FBS,Big Ten Conference,true,2,2,0,false,false,12,2
2025,regular,12,12,12,Week 12,2025-11-09,87,Notre Dame Fighting Irish,ND,FBS,FBS Independents,true,9,10,1,false,false,12,6
2025,regular,12,12,12,Week 12,2025-11-09,93,Murray State Racers,MUR,FCS,Missouri Valley Football Conference,false,,,,false,false,0,
2025,regular,12,12,12,Week 12,2025-11-09,96,Kentucky Wildcats,UK,FBS,Southeastern Conference,false,,,,false,false,0,
2025,regular,12,12,12,Week 12,2025-11-09,97,Louisville Cardinals,LOU,FBS,Atlantic Coast Conference,true,19,14,-5,false,false,4,14
2025,regular,12,12,12,Week 12,2025-11-09,98,Western Kentucky Hilltoppers,WKU,FBS,Conference USA,false,,,,false,false,0,
2025,regular,12,12,12,Week 12,2025-11-09,99,LSU Tigers,LSU,FBS,Southeastern Conference,false,,,,false,false,9,3
2025,regular,12,12,12,Week 12,2025-11-09,103,Boston College Eagles,BC,FBS,Atlantic Coast Conference,false,,,,false,false,0,
2025,regular,12,12,12,Week 12,2025-11-09,107,Holy Cross Crusaders,HC,FCS,Patriot League,false,,,,false,false,0,
2025,regular,12,12,12,Week 12,2025-11-09,113,Massachusetts Minutemen,MASS,FBS,Mid-American Conference,false,,,,false,false,0,
2025,regular,12,12,12,Week 12,2025-11-09,119,Towson Tigers,TOW,FCS,Coastal Athletic Association,false,,,,false,false,0,
2025,regular,12,12,12,Week 12,2025-11-09,120,Maryland Terrapins,MD,FBS,Big Ten Conference,false,,,,false,false,0,
2025,regular,12,12,12,Week 12,2025-11-09,127,Michigan State Spartans,MSU,FBS,Big Ten Conference,false,,,,false,false,0,
2025,regular,12,12,12,Week 12,2025-11-09,130,Michigan Wolverines,MICH,FBS,Big Ten Conference,true,18,21,3,false,false,11,14
2025,regular,12,12,12,Week 12,2025-11-09,135,Minnesota Golden Gophers,MINN,FBS,Big Ten Conference,false,,,,false,false,0,
2025,regular,12,12,12,Week 12,2025-11-09,142,Missouri Tigers,MIZ,FBS,Southeastern Conference,false,,19,,false,true,9,14
2025,regular,12,12,12,Week 12,2025-11-09,145,Ole Miss Rebels,MISS,FBS,Southeastern Conference,true,6,7,1,false,false,12,4
2025,regular,12,12,12,Week 12,2025-11-09,147,Montana State Bobcats,MTST,FCS,Big Sky Conference,false,,,,false,false,0,
2025,regular,12,12,12,Week 12,2025-11-09,149,Montana Grizzlies,MONT,FCS,Big Sky Conference,false,,,,false,false,0,
2025,regular,12,12,12,Week 12,2025-11-09,150,Duke Blue Devils,DUKE,FBS,Atlantic Coast Conference,false,,,,false,false,0,
2025,regular,12,12,12,Week 12,2025-11-09,151,East Carolina Pirates,ECU,FBS,American Conference,false,,,,false,false,0,
2025,regular,12,12,12,Week 12,2025-11-09,152,NC State Wolfpack,NCSU,FBS,Atlantic Coast Conference,false,,,,false,false,0,
2025,regular,12,12,12,Week 12,2025-11-09,153,North Carolina Tar Heels,UNC,FBS,Atlantic Coast Conference,false,,,,false,false,0,
2025,regular,12,12,12,Week 12,2025-11-09,154,Wake Forest Demon Deacons,WAKE,FBS,Atlantic Coast Conference,false,,,,false,false,0,
2025,regular,12,12,12,Week 12,2025-11-09,155,North Dakota Fighting Hawks,UND,FCS,Missouri Valley Football Conference,false,,,,false,false,0,
2025,regular,12,12,12,Week 12,2025-11-09,158,Nebraska Cornhuskers,NEB,FBS,Big Ten Conference,false,,,,false,false,1,25
2025,regular,12,12,12,Week 12,2025-11-09,160,New Hampshire Wildcats,UNH,FCS,Coastal Athletic Association,false,,,,false,false,0,
2025,regular,12,12,12,Week 12,2025-11-09,164,Rutgers Scarlet Knights,RUTG,FBS,Big Ten Conference,false,,,,false,false,0,
2025,regular,12,12,12,Week 12,2025-11-09,166,New Mexico State Aggies,NMSU,FBS,Conference USA,false,,,,false,false,0,
2025,regular,12,12,12,Week 12,2025-11-09,167,New Mexico Lobos,UNM,FBS,Mountain West Conference,false,,,,false,false,0,
2025,regular,12,12,12,Week 12,2025-11-09,183,Syracuse Orange,SYR,FBS,Atlantic Coast Conference,false,,,,false,false,0,
2025,regular,12,12,12,Week 12,2025-11-09,189,Bowling Green Falcons,BGSU,FBS,Mid-American Conference,false,,,,false,false,0,
2025,regular,12,12,12,Week 12,2025-11-09,193,Miami (OH) RedHawks,M-OH,FBS,Mid-American Conference,false,,,,false,false,0,
2025,regular,12,12,12,Week 12,2025-11-09,194,Ohio State Buckeyes,OSU,FBS,Big Ten Conference,true,1,1,0,false,false,12,1
2025,regular,12,12,12,Week 12,2025-11-09,195,Ohio Bobcats,OHIO,FBS,Mid-American Conference,false,,,,false,false,0,
2025,regular,12,12,12,Week 12,2025-11-09,197,Oklahoma State Cowboys,OKST,FBS,Big 12 Conference,false,,,,false,false,0,
2025,regular,12,12,12,Week 12,2025-11-09,201,Oklahoma Sooners,OU,FBS,Southeastern Conference,true,11,11,0,false,false,12,5
2025,regular,12,12,12,Week 12,2025-11-09,202,Tulsa Golden Hurricane,TLSA,FBS,American Conference,false,,,,false,false,0,
2025,regular,12,12,12,Week 12,2025-11-09,204,Oregon State Beavers,ORST,FBS,Pac-12 Conference,false,,,,false,false,0,
2025,regular,12,12,12,Week 12,2025-11-09,213,Penn State Nittany Lions,PSU,FBS,Big Ten Conference,false,,,,false,false,6,2
2025,regular,12,12,12,Week 12,2025-11-09,218,Temple Owls,TEM,FBS,American Conference,false,,,,false,false,0,
2025,regular,12,12,12,Week 12,2025-11-09,221,Pittsburgh Panthers,PITT,FBS,Atlantic Coast Conference,true,23,,,true,false,1,23
2025,regular,12,12,12,Week 12,2025-11-09,222,Villanova Wildcats,VILL,FCS,Coastal Athletic Association,false,,,,false,false,0,
2025,regular,12,12,12,Week 12,2025-11-09,227,Rhode Island Rams,URI,FCS,Coastal Athletic Association,false,,,,false,false,0,
2025,regular,12,12,12,Week 12,2025-11-09,228,Clemson Tigers,CLEM,FBS,Atlantic Coast Conference,false,,,,false,false,3,4
2025,regular,12,12,12,Week 12,2025-11-09,231,Furman Paladins,FUR,FCS,Southern Conference,false,,,,false,false,0,
2025,regular,12,12,12,Week 12,2025-11-09,233,South Dakota Coyotes,SDAK,FCS,Missouri Valley Football Conference,false,,,,false,false,0,
2025,regular,12,12,12,Week 12,2025-11-09,235,Memphis Tigers,MEM,FBS,American Conference,false,,22,,false,true,4,22
2025,regular,12,12,12,Week 12,2025-11-09,236,Chattanooga Mocs,UTC,FCS,Southern Conference,false,,,,false,false,0,
2025,regular,12,12,12,Week 12,2025-11-09,238,Vanderbilt Commodores,VAN,FBS,Southeastern Conference,true,13,15,2,false,false,9,9
2025,regular,12,12,12,Week 12,2025-11-09,239,Baylor Bears,BAY,FBS,Big 12 Conference,false,,,,false,false,0,
2025,regular,12,12,12,Week 12,2025-11-09,242,Rice Owls,RICE,FBS,American Conference,false,,,,false,false,0,
2025,regular,12,12,12,Week 12,2025-11-09,245,Texas A&M Aggies,TA&M,FBS,Southeastern Conference,true,3,3,0,false,false,12,3
2025,regular,12,12,12,Week 12,2025-11-09,248,Houston Cougars,HOU,FBS,Big 12 Conference,false,,,,false,false,1,22
2025,regular,12,12,12,Week 12,2025-11-09,249,North Texas Mean Green,UNT,FBS,American Conference,false,,,,false,false,0,
2025,regular,12,12,12,Week 12,2025-11-09,251,Texas Longhorns,TEX,FBS,Southeastern Conference,true,10,13,3,false,false,11,1
2025,regular,12,12,12,Week 12,2025-11-09,252,BYU Cougars,BYU,FBS,Big 12 Conference,true,12,8,-4,false,false,8,8
2025,regular,12,12,12,Week 12,2025-11-09,254,Utah Utes,UTAH,FBS,Big 12 Conference,true,15,17,2,false,false,7,15
2025,regular,12,12,12,Week 12,2025-11-09,256,James Madison Dukes,JMU,FBS,Sun Belt Conference,true,24,,,true,false,1,24
2025,regular,12,12,12,Week 12,2025-11-09,257,Richmond Spiders,RICH,FCS,Patriot League,false,,,,false,false,0,
2025,regular,12,12,12,Week 12,2025-11-09,258,Virginia Cavaliers,UVA,FBS,Atlantic Coast Conference,true,20,12,-8,false,false,7,12
2025,regular,12,12,12,Week 12,2025-11-09,259,Virginia Tech Hokies,VT,FBS,Atlantic Coast Conference,false,,,,false,false,0,
2025,regular,12,12,12,Week 12,2025-11-09,264,Washington Huskies,WASH,FBS,Big Ten Conference,false,,24,,false,true,1,24
2025,regular,12,12,12,Week 12,2025-11-09,265,Washington State Cougars,WSU,FBS,Pac-12 Conference,false,,,,false,false,0,
2025,regular,12,12,12,Week 12,2025-11-09,275,Wisconsin Badgers,WIS,FBS,Big Ten Conference,false,,,,false,false,0,
2025,regular,12,12,12,Week 12,2025-11-09,276,Marshall Thundering Herd,MRSH,FBS,Sun Belt Conference,false,,,,false,false,0,
2025,regular,12,12,12,Week 12,2025-11-09,277,West Virginia Mountaineers,WVU,FBS,Big 12 Conference,false,,,,false,false,0,
2025,regular,12,12,12,Week 12,2025-11-09,278,Fresno State Bulldogs,FRES,FBS,Mountain West Conference,false,,,,false,false,0,
2025,regular,12,12,12,Week 12,2025-11-09,282,Indiana State Sycamores,INST,FCS,Missouri Valley Football Conference,false,,,,false,false,0,
2025,regular,12,12,12,Week 12,2025-11-09,290,Georgia Southern Eagles,GASO,FBS,Sun Belt Conference,false,,,,false,false,0,
2025,regular,12,12,12,Week 12,2025-11-09,295,Old Dominion Monarchs,ODU,FBS,Sun Belt Conference,false,,,,false,false,0,
2025,regular,12,12,12,Week 12,2025-11-09,302,UC Davis Aggies,UCD,FCS,Big Sky Conference,false,,,,false,false,0,
2025,regular,12,12,12,Week 12,2025-11-09,304,Idaho State Bengals,IDST,FCS,Big Sky Conference,false,,,,false,false,0,
2025,regular,12,12,12,Week 12,2025-11-09,309,Louisiana Ragin' Cajuns,UL,FBS,Sun Belt Conference,false,,,,false,false,0,
2025,regular,12,12,12,Week 12,2025-11-09,311,Maine Black Bears,ME,FCS,Coastal Athletic Association,false,,,,false,false,0,
2025,regular,12,12,12,Week 12,2025-11-09,322,Lafayette Leopards,LAF,FCS,Patriot League,false,,,,false,false,0,
2025,regular,12,12,12,Week 12,2025-11-09,324,Coastal Carolina Chanticleers,CCU,FBS,Sun Belt Conference,false,,,,false,false,0,
2025,regular,12,12,12,Week 12,2025-11-09,326,Texas State Bobcats,TXST,FBS,Sun Belt Conference,false,,,,false,false,0,
2025,regular,12,12,12,Week 12,2025-11-09,328,Utah State Aggies,USU,FBS,Mountain West Conference,false,,,,false,false,0,
2025,regular,12,12,12,Week 12,2025-11-09,331,Eastern Washington Eagles,EWU,FCS,Big Sky Conference,false,,,,false,false,0,
2025,regular,12,12,12,Week 12,2025-11-09,333,Alabama Crimson Tide,ALA,FBS,Southeastern Conference,true,4,4,0,false,false,12,4
2025,regular,12,12,12,Week 12,2025-11-09,338,Kennesaw State Owls,KENN,FBS,Conference USA,false,,,,false,false,0,
2025,regular,12,12,12,Week 12,2025-11-09,344,Mississippi State Bulldogs,MSST,FBS,Southeastern Conference,false,,,,false,false,0,
2025,regular,12,12,12,Week 12,2025-11-09,349,Army Black Knights,ARMY,FBS,American Conference,false,,,,false,false,0,
2025,regular,12,12,12,Week 12,2025-11-09,356,Illinois Fighting Illini,ILL,FBS,Big Ten Conference,false,,,,false,false,8,9
2025,regular,12,12,12,Week 12,2025-11-09,399,UAlbany Great Danes,ALB,FCS,Coastal Athletic Association,false,,,,false,false,0,
2025,regular,12,12,12,Week 12,2025-11-09,2000,Abilene Christian Wildcats,ACU,FCS,United Athletic Conference,false,,,,false,false,0,
2025,regular,12,12,12,Week 12,2025-11-09,2005,Air Force Falcons,AFA,FBS,Mountain West Conference,false,,,,false,false,0,
2025,regular,12,12,12,Week 12,2025-11-09,2006,Akron Zips,AKR,FBS,Mid-American Conference,false,,,,false,false,0,
2025,regular,12,12,12,Week 12,2025-11-09,2010,Alabama A&M Bulldogs,AAMU,FCS,Southwestern Athletic Conference,false,,,,false,false,0,
2025,regular,12,12,12,Week 12,2025-11-09,2011,Alabama State Hornets,ALST,FCS,Southwestern Athletic Conference,false,,,,false,false,0,
2025,regular,12,12,12,Week 12,2025-11-09,2016,Alcorn State Braves,ALCN,FCS,Southwestern Athletic Conference,false,,,,false,false,0,
2025,regular,12,12,12,Week 12,2025-11-09,2026,App State Mountaineers,APP,FBS,Sun Belt Conference,false,,,,false,false,0,
2025,regular,12,12,12,Week 12,2025-11-09,2029,Arkansas-Pine Bluff Golden Lions,UAPB,FCS,Southwestern Athletic Conference,false,,,,false,false,0,
2025,regular,12,12,12,Week 12,2025-11-09,2032,Arkansas State Red Wolves,ARST,FBS,Sun Belt Conference,false,,,,false,false,0,
2025,regular,12,12,12,Week 12,2025-11-09,2046,Austin Peay Governors,APSU,FCS,United Athletic Conference,false,,,,false,false,0,
2025,regular,12,12,12,Week 12,2025-11-09,2050,Ball State Cardinals,BALL,FBS,Mid-American Conference,false,,,,false,false,0,
2025,regular,12,12,12,Week 12,2025-11-09,2065,Bethune-Cookman Wildcats,BCU,FCS,Southwestern Athletic Conference,false,,,,false,false,0,
2025,regular,12,12,12,Week 12,2025-11-09,2083,Bucknell Bison,BUCK,FCS,Patriot League,false,,,,false,false,0,
2025,regular,12,12,12,Week 12,2025-11-09,2084,Buffalo Bulls,BUFF,FBS,Mid-American Conference,false,,,,false,false,0,
2025,regular,12,12,12,Week 12,2025-11-09,2097,Campbell Fighting Camels,CAM,FCS,Coastal Athletic Association,false,,,,false,false,0,
2025,regular,12,12,12,Week 12,2025-11-09,2110,Central Arkansas Bears,CARK,FCS,United Athletic Conference,false,,,,false,false,0,
2025,regular,12,12,12,Week 12,2025-11-09,2115,Central Connecticut Blue Devils,CCSU,FCS,Northeast Conference,false,,,,false,false,0,
2025,regular,12,12,12,Week 12,2025-11-09,2116,UCF Knights,UCF,FBS,Big 12 Conference,false,,,,false,false,0,
2025,regular,12,12,12,Week 12,2025-11-09,2117,Central Michigan Chippewas,CMU,FBS,Mid-American Conference,false,,,,false,false,0,
2025,regular,12,12,12,Week 12,2025-11-09,2127,Charleston Southern Buccaneers,CHSO,FCS,Ohio Valley Conference,false,,,,false,false,0,
2025,regular,12,12,12,Week 12,2025-11-09,2132,Cincinnati Bearcats,CIN,FBS,Big 12 Conference,true,22,25,3,false,false,5,17
2025,regular,12,12,12,Week 12,2025-11-09,2142,Colgate Raiders,COLG,FCS,Patriot League,false,,,,false,false,0,
2025,regular,12,12,12,Week 12,2025-11-09,2169,Delaware State Hornets,DSU,FCS,Mid-Eastern Athletic Conference,false,,,,false,false,0,
2025,regular,12,12,12,Week 12,2025-11-09,2184,Duquesne Dukes,DUQ,FCS,Northeast Conference,false,,,,false,false,0,
2025,regular,12,12,12,Week 12,2025-11-09,2193,East Tennessee State Buccaneers,ETSU,FCS,Southern Conference,false,,,,false,false,0,
2025,regular,12,12,12,Week 12,2025-11-09,2197,Eastern Illinois Panthers,EIU,FCS,Ohio Valley Conference,false,,,,false,false,0,
2025,regular,12,12,12,Week 12,2025-11-09,2198,Eastern Kentucky Colonels,EKU,FCS,United Athletic Conference,false,,,,false,false,0,
2025,regular,12,12,12,Week 12,2025-11-09,2199,Eastern Michigan Eagles,EMU,FBS,Mid-American Conference,false,,,,false,false,0,
2025,regular,12,12,12,Week 12,2025-11-09,2210,Elon Phoenix,ELON,FCS,Coastal Athletic Association,false,,,,false,false,0,
2025,regular,12,12,12,Week 12,2025-11-09,2226,Florida Atlantic Owls,FAU,FBS,American Conference,false,,,,false,false,0,
2025,regular,12,12,12,Week 12,2025-11-09,2229,Florida International Panthers,FIU,FBS,Conference USA,false,,,,false,false,0,
2025,regular,12,12,12,Week 12,2025-11-09,2230,Fordham Rams,FOR,FCS,Patriot League,false,,,,false,false,0,
2025,regular,12,12,12,Week 12,2025-11-09,2241,Gardner-Webb Runnin' Bulldogs,GWEB,FCS,Ohio Valley Conference,false,,,,false,false,0,
2025,regular,12,12,12,Week 12,2025-11-09,2247,Georgia State Panthers,GAST,FBS,Sun Belt Conference,false,,,,false,false,0,
2025,regular,12,12,12,Week 12,2025-11-09,2277,Houston Christian Huskies,HCU,FCS,Southland Conference,false,,,,false,false,0,
2025,regular,12,12,12,Week 12,2025-11-09,2287,Illinois State Redbirds,ILST,FCS,Missouri Valley Football Conference,false,,,,false,false,0,
2025,regular,12,12,12,Week 12,2025-11-09,2294,Iowa Hawkeyes,IOWA,FBS,Big Ten Conference,false,,,,false,false,0,
2025,regular,12,12,12,Week 12,2025-11-09,2296,Jackson State Tigers,JKST,FCS,Southwestern Athletic Conference,false,,,,false,false,0,
2025,regular,12,12,12,Week 12,2025-11-09,2305,Kansas Jayhawks,KU,FBS,Big 12 Conference,false,,,,false,false,0,
2025,regular,12,12,12,Week 12,2025-11-09,2306,Kansas State Wildcats,KSU,FBS,Big 12 Conference,false,,,,false,false,1,17
2025,regular,12,12,12,Week 12,2025-11-09,2309,Kent State Golden Flashes,KENT,FBS,Mid-American Conference,false,,,,false,false,0,
2025,regular,12,12,12,Week 12,2025-11-09,2320,Lamar Cardinals,LAM,FCS,Southland Conference,false,,,,false,false,0,
2025,regular,12,12,12,Week 12,2025-11-09,2335,Liberty Flames,LIB,FBS,Conference USA,false,,,,false,false,0,
2025,regular,12,12,12,Week 12,2025-11-09,2341,Long Island University Sharks,LIU,FCS,Northeast Conference,false,,,,false,false,0,
2025,regular,12,12,12,Week 12,2025-11-09,2348,Louisiana Tech Bulldogs,LT,FBS,Conference USA,false,,,,false,false,0,
2025,regular,12,12,12,Week 12,2025-11-09,2377,McNeese Cowboys,MCN,FCS,Southland Conference,false,,,,false,false,0,
2025,regular,12,12,12,Week 12,2025-11-09,2382,Mercer Bears,MER,FCS,Southern Conference,false,,,,false,false,0,
2025,regular,12,12,12,Week 12,2025-11-09,2385,Mercyhurst Lakers,MERC,FCS,Northeast Conference,false,,,,false,false,0,
2025,regular,12,12,12,Week 12,2025-11-09,2390,Miami Hurricanes,MIA,FBS,Atlantic Coast Conference,true,16,18,2,false,false,12,2
2025,regular,12,12,12,Week 12,2025-11-09,2393,Middle Tennessee Blue Raiders,MTSU,FBS,Conference USA,false,,,,false,false,0,
2025,regular,12,12,12,Week 12,2025-11-09,2405,Monmouth Hawks,MONM,FCS,Coastal Athletic Association,false,,,,false,false,0,
2025,regular,12,12,12,Week 12,2025-11-09,2415,Morgan State Bears,MORG,FCS,Mid-Eastern Athletic Conference,false,,,,false,false,0,
2025,regular,12,12,12,Week 12,2025-11-09,2426,Navy Midshipmen,NAVY,FBS,American Conference,false,,,,false,false,0,
2025,regular,12,12,12,Week 12,2025-11-09,2428,North Carolina Central Eagles,NCCU,FCS,Mid-Eastern Athletic Conference,false,,,,false,false,0,
2025,regular,12,12,12,Week 12,2025-11-09,2429,Charlotte 49ers,CLT,FBS,American Conference,false,,,,false,false,0,
2025,regular,12,12,12,Week 12,2025-11-09,2433,UL Monroe Warhawks,ULM,FBS,Sun Belt Conference,false,,,,false,false,0,
2025,regular,12,12,12,Week 12,2025-11-09,2439,UNLV Rebels,UNLV,FBS,Mountain West Conference,false,,,,false,false,0,
2025,regular,12,12,12,Week 12,2025-11-09,2440,Nevada Wolf Pack,NEV,FBS,Mountain West Conference,false,,,,false,false,0,
2025,regular,12,12,12,Week 12,2025-11-09,2447,Nicholls Colonels,NICH,FCS,Southland Conference,false,,,,false,false,0,
2025,regular,12,12,12,Week 12,2025-11-09,2448,North Carolina A&T Aggies,NCAT,FCS,Coastal Athletic Association,false,,,,false,false,0,
2025,regular,12,12,12,Week 12,2025-11-09,2449,North Dakota State Bison,NDSU,FCS,Missouri Valley Football Conference,false,,,,false,false,0,
2025,regular,12,12,12,Week 12,2025-11-09,2450,Norfolk State Spartans,NORF,FCS,Mid-Eastern Athletic Conference,false,,,,false,false,0,
2025,regular,12,12,12,Week 12,2025-11-09,2453,North Alabama Lions,UNA,FCS,United Athletic Conference,false,,,,false,false,0,
2025,regular,12,12,12,Week 12,2025-11-09,2458,Northern Colorado Bears,UNCO,FCS,Big Sky Conference,false,,,,false,false,0,
2025,regular,12,12,12,Week 12,2025-11-09,2459,Northern Illinois Huskies,NIU,FBS,Mid-American Conference,false,,,,false,false,0,
2025,regular,12,12,12,Week 12,2025-11-09,2460,Northern Iowa Panthers,UNI,FCS,Missouri Valley Football Conference,false,,,,false,false,0,
2025,regular,12,12,12,Week 12,2025-11-09,2464,Northern Arizona Lumberjacks,NAU,FCS,Big Sky Conference,false,,,,false,false,0,
2025,regular,12,12,12,Week 12,2025-11-09,2466,Northwestern State Demons,NWST,FCS,Southland Conference,false,,,,false,false,0,
2025,regular,12,12,12,Week 12,2025-11-09,2483,Oregon Ducks,ORE,FBS,Big Ten Conference,true,7,6,-1,false,false,12,2
2025,regular,12,12,12,Week 12,2025-11-09,2502,Portland State Vikings,PRST,FCS,Big Sky Conference,false,,,,false,false,0,
2025,regular,12,12,12,Week 12,2025-11-09,2504,Prairie View A&M Panthers,PV,FCS,Southwestern Athletic Conference,false,,,,false,false,0,
2025,regular,12,12,12,Week 12,2025-11-09,2509,Purdue Boilermakers,PUR,FBS,Big Ten Conference,false,,,,false,false,0,
2025,regular,12,12,12,Week 12,2025-11-09,2523,Robert Morris Colonials,RMU,FCS,Northeast Conference,false,,,,false,false,0,
2025,regular,12,12,12,Week 12,2025-11-09,2534,Sam Houston Bearkats,SHSU,FBS,Conference USA,false,,,,false,false,0,
2025,regular,12,12,12,Week 12,2025-11-09,2535,Samford Bulldogs,SAM,FCS,Southern Conference,false,,,,false,false,0,
2025,regular,12,12,12,Week 12,2025-11-09,2545,SE Louisiana Lions,SELA,FCS,Southland Conference,false,,,,false,false,0,
2025,regular,12,12,12,Week 12,2025-11-09,2546,Southeast Missouri State Redhawks,SEMO,FCS,Ohio Valley Conference,false,,,,false,false,0,
2025,regular,12,12,12,Week 12,2025-11-09,2567,SMU Mustangs,SMU,FBS,Atlantic Coast Conference,false,,,,false,false,2,16
2025,regular,12,12,12,Week 12,2025-11-09,2569,South Carolina State Bulldogs,SCST,FCS,Mid-Eastern Athletic Conference,false,,,,false,false,0,
2025,regular,12,12,12,Week 12,2025-11-09,2571,South Dakota State Jackrabbits,SDST,FCS,Missouri Valley Football Conference,false,,,,false,false,0,
2025,regular,12,12,12,Week 12,2025-11-09,2572,Southern Miss Golden Eagles,USM,FBS,Sun Belt Conference,false,,,,false,false,0,
2025,regular,12,12,12,Week 12,2025-11-09,2579,South Carolina Gamecocks,SC,FBS,Southeastern Conference,false,,,,false,false,3,10
2025,regular,12,12,12,Week 12,2025-11-09,2582,Southern Jaguars,SOU,FCS,Southwestern Athletic Conference,false,,,,false,false,0,
2025,regular,12,12,12,Week 12,2025-11-09,2598,Saint Francis Red Flash,SFPA,FCS,Northeast Conference,false,,,,false,false,0,
2025,regular,12,12,12,Week 12,2025-11-09,2617,Stephen F. Austin Lumberjacks,SFA,FCS,Southland Conference,false,,,,false,false,0,
2025,regular,12,12,12,Week 12,2025-11-09,2619,Stony Brook Seawolves,STBK,FCS,Coastal Athletic Association,false,,,,false,false,0,
2025,regular,12,12,12,Week 12,2025-11-09,2623,Missouri State Bears,MOST,FBS,Conference USA,false,,,,false,false,0,
2025,regular,12,12,12,Week 12,2025-11-09,2627,Tarleton State Texans,TAR,FCS,United Athletic Conference,false,,,,false,false,0,
2025,regular,12,12,12,Week 12,2025-11-09,2628,TCU Horned Frogs,TCU,FBS,Big 12 Conference,false,,,,false,false,1,24
2025,regular,12,12,12,Week 12,2025-11-09,2630,UT Martin Skyhawks,UTM,FCS,Ohio Valley Conference,false,,,,false,false,0,
2025,regular,12,12,12,Week 12,2025-11-09,2633,Tennessee Volunteers,TENN,FBS,Southeastern Conference,true,21,23,2,false,false,12,11
2025,regular,12,12,12,Week 12,2025-11-09,2634,Tennessee State Tigers,TNST,FCS,Ohio Valley Conference,false,,,,false,false,0,
2025,regular,12,12,12,Week 12,2025-11-09,2635,Tennessee Tech Golden Eagles,TNTC,FCS,Ohio Valley Conference,false,,,,false,false,0,
2025,regular,12,12,12,Week 12,2025-11-09,2636,UTSA Roadrunners,UTSA,FBS,American Conference,false,,,,false,false,0,
2025,regular,12,12,12,Week 12,2025-11-09,2638,UTEP Miners,UTEP,FBS,Conference USA,false,,,,false,false,0,
2025,regular,12,12,12,Week 12,2025-11-09,2640,Texas Southern Tigers,TXSO,FCS,Southwestern Athletic Conference,false,,,,false,false,0,
2025,regular,12,12,12,Week 12,2025-11-09,2641,Texas Tech Red Raiders,TTU,FBS,Big 12 Conference,true,8,9,1,false,false,12,7
2025,regular,12,12,12,Week 12,2025-11-09,2643,The Citadel Bulldogs,CIT,FCS,Southern Conference,false,,,,false,false,0,
2025,regular,12,12,12,Week 12,2025-11-09,2649,Toledo Rockets,TOL,FBS,Mid-American Conference,false,,,,false,false,0,
2025,regular,12,12,12,Week 12,2025-11-09,2653,Troy Trojans,TROY,FBS,Sun Belt Conference,false,,,,false,false,0,
2025,regular,12,12,12,Week 12,2025-11-09,2655,Tulane Green Wave,TULN,FBS,American Conference,false,,,,false,false,0,
2025,regular,12,12,12,Week 12,2025-11-09,2678,VMI Keydets,VMI,FCS,Southern Conference,false,,,,false,false,0,
2025,regular,12,12,12,Week 12,2025-11-09,2681,Wagner Seahawks,WAG,FCS,Northeast Conference,false,,,,false,false,0,
2025,regular,12,12,12,Week 12,2025-11-09,2692,Weber State Wildcats,WEB,FCS,Big Sky Conference,false,,,,false,false,0,
2025,regular,12,12,12,Week 12,2025-11-09,2710,Western Illinois Leathernecks,WIU,FCS,Ohio Valley Conference,false,,,,false,false,0,
2025,regular,12,12,12,Week 12,2025-11-09,2711,Western Michigan Broncos,WMU,FBS,Mid-American Conference,false,,,,false,false,0,
2025,regular,12,12,12,Week 12,2025-11-09,2717,Western Carolina Catamounts,WCU,FCS,Southern Conference,false,,,,false,false,0,
2025,regular,12,12,12,Week 12,2025-11-09,2729,William & Mary Tribe,W&M,FCS,Coastal Athletic Association,false,,,,false,false,0,
2025,regular,12,12,12,Week 12,2025-11-09,2747,Wofford Terriers,WOF,FCS,Southern Conference,false,,,,false,false,0,
2025,regular,12,12,12,Week 12,2025-11-09,2751,Wyoming Cowboys,WYO,FBS,Mountain West Conference,false,,,,false,false,0,
2025,regular,12,12,12,Week 12,2025-11-09,2754,Youngstown State Penguins,YSU,FCS,Missouri Valley Football Conference,false,,,,false,false,0,
2025,regular,12,12,12,Week 12,2025-11-09,2755,Grambling Tigers,GRAM,FCS,Southwestern Athletic Conference,false,,,,false,false,0,
2025,regular,12,12,12,Week 12,2025-11-09,2771,Merrimack Warriors,MRMK,FCS,FCS Independents,false,,,,false,false,0,
2025,regular,12,12,12,Week 12,2025-11-09,2803,Bryant Bulldogs,BRY,FCS,Coastal Athletic Association,false,,,,false,false,0,
2025,regular,12,12,12,Week 12,2025-11-09,2815,Lindenwood Lions,LIN,FCS,Ohio Valley Conference,false,,,,false,false,0,
2025,regular,12,12,12,Week 12,2025-11-09,2837,East Texas A&M Lions,ETAM,FCS,Southland Conference,false,,,,false,false,0,
2025,regular,12,12,12,Week 12,2025-11-09,2900,St. Thomas-Minnesota Tommies,STMN,FCS,Pioneer Football League,false,,,,false,false,0,
2025,regular,12,12,12,Week 12,2025-11-09,2916,Incarnate Word Cardinals,UIW,FCS,Southland Conference,false,,,,false,false,0,
2025,regular,13,13,13,Week 13,2025-11-16,2,Auburn Tigers,AUB,FBS,Southeastern Conference,false,,,,false,false,2,22
2025,regular,13,13,13,Week 13,2025-11-16,5,UAB Blazers,UAB,FBS,American Conference,false,,,,false,false,0,
2025,regular,13,13,13,Week 13,2025-11-16,6,South Alabama Jaguars,USA,FBS,Sun Belt Conference,false,,,,false,false,0,
2025,regular,13,13,13,Week 13,2025-11-16,8,Arkansas Razorbacks,ARK,FBS,Southeastern Conference,false,,,,false,false,0,
2025,regular,13,13,13,Week 13,2025-11-16,9,Arizona State Sun Devils,ASU,FBS,Big 12 Conference,false,,,,false,false,5,11
2025,regular,13,13,13,Week 13,2025-11-16,12,Arizona Wildcats,ARIZ,FBS,Big 12 Conference,false,,,,false,false,0,
2025,regular,13,13,13,Week 13,2025-11-16,13,Cal Poly Mustangs,CP,FCS,Big Sky Conference,false,,,,false,false,0,
2025,regular,13,13,13,Week 13,2025-11-16,16,Sacramento State Hornets,SAC,FCS,Big Sky Conference,false,,,,false,false,0,
2025,regular,13,13,13,Week 13,2025-11-16,21,San Diego State Aztecs,SDSU,FBS,Mountain West Conference,false,,,,false,false,0,
2025,regular,13,13,13,Week 13,2025-11-16,23,San José State Spartans,SJSU,FBS,Mountain West Conference,false,,,,false,false,0,
2025,regular,13,13,13,Week 13,2025-11-16,24,Stanford Cardinal,STAN,FBS,Atlantic Coast Conference,false,,,,false,false,0,
2025,regular,13,13,13,Week 13,2025-11-16,25,California Golden Bears,CAL,FBS,Atlantic Coast Conference,false,,,,false,false,0,
2025,regular,13,13,13,Week 13,2025-11-16,26,UCLA Bruins,UCLA,FBS,Big Ten Conference,false,,,,false,false,0,
2025,regular,13,13,13,Week 13,2025-11-16,30,USC Trojans,USC,FBS,Big Ten Conference,true,16,17,1,false,false,7,16
2025,regular,13,13,13,Week 13,2025-11-16,36,Colorado State Rams,CSU,FBS,Mountain West Conference,false,,,,false,false,0,
2025,regular,13,13,13,Week 13,2025-11-16,38,Colorado Buffaloes,COLO,FBS,Big 12 Conference,false,,,,false,false,0,
2025,regular,13,13,13,Week 13,2025-11-16,41,UConn Huskies,CONN,FBS,FBS Independents,false,,,,false,false,0,
2025,regular,13,13,13,Week 13,2025-11-16,47,Howard Bison,HOW,FCS,Mid-Eastern Athletic Conference,false,,,,false,false,0,
2025,regular,13,13,13,Week 13,2025-11-16,48,Delaware Blue Hens,DEL,FBS,Conference USA,false,,,,false,false,0,
2025,regular,13,13,13,Week 13,2025-11-16,50,Florida A&M Rattlers,FAMU,FCS,Southwestern Athletic Conference,false,,,,false,false,0,
2025,regular,13,13,13,Week 13,2025-11-16,52,Florida State Seminoles,FSU,FBS,Atlantic Coast Conference,false,,,,false,false,6,7
2025,regular,13,13,13,Week 13,2025-11-16,55,Jacksonville State Gamecocks,JVST,FBS,Conference USA,false,,,,false,false,0,
2025,regular,13,13,13,Week 13,2025-11-16,57,Florida Gators,FLA,FBS,Southeastern Conference,false,,,,false,false,2,13
2025,regular,13,13,13,Week 13,2025-11-16,58,South Florida Bulls,USF,FBS,American Conference,false,,25,,false,true,5,18
2025,regular,13,13,13,Week 13,2025-11-16,59,Georgia Tech Yellow Jackets,GT,FBS,Atlantic Coast Conference,true,15,14,-1,false,false,10,7
2025,regular,13,13,13,Week 13,2025-11-16,61,Georgia Bulldogs,UGA,FBS,Southeastern Conference,true,4,5,1,false,false,13,4
2025,regular,13,13,13,Week 13,2025-11-16,62,Hawai'i Rainbow Warriors,HAW,FBS,Mountain West Conference,false,,,,false,false,0,
2025,regular,13,13,13,Week 13,2025-11-16,66,Iowa State Cyclones,ISU,FBS,Big 12 Conference,false,,,,false,false,7,12
2025,regular,13,13,13,Week 13,2025-11-16,68,Boise State Broncos,BOIS,FBS,Mountain West Conference,false,,,,false,false,1,25
2025,regular,13,13,13,Week 13,2025-11-16,70,Idaho Vandals,IDHO,FCS,Big Sky Conference,false,,,,false,false,0,
2025,regular,13,13,13,Week 13,2025-11-16,77,Northwestern Wildcats,NU,FBS,Big Ten Conference,false,,,,false,false,0,
2025,regular,13,13,13,Week 13,2025-11-16,79,Southern Illinois Salukis,SIU,FCS,Missouri Valley Football Conference,false,,,,false,false,0,
2025,regular,13,13,13,Week 13,2025-11-16,84,Indiana Hoosiers,IU,FBS,Big Ten Conference,true,2,2,0,false,false,13,2
2025,regular,13,13,13,Week 13,2025-11-16,87,Notre Dame Fighting Irish,ND,FBS,FBS Independents,true,9,9,0,false,false,13,6
2025,regular,13,13,13,Week 13,2025-11-16,93,Murray State Racers,MUR,FCS,Missouri Valley Football Conference,false,,,,false,false,0,
2025,regular,13,13,13,Week 13,2025-11-16,96,Kentucky Wildcats,UK,FBS,Southeastern Conference,false,,,,false,false,0,
2025,regular,13,13,13,Week 13,2025-11-16,97,Louisville Cardinals,LOU,FBS,Atlantic Coast Conference,false,,19,,false,true,4,14
2025,regular,13,13,13,Week 13,2025-11-16,98,Western Kentucky Hilltoppers,WKU,FBS,Conference USA,false,,,,false,false,0,
2025,regular,13,13,13,Week 13,2025-11-16,99,LSU Tigers,LSU,FBS,Southeastern Conference,false,,,,false,false,9,3
2025,regular,13,13,13,Week 13,2025-11-16,103,Boston College Eagles,BC,FBS,Atlantic Coast Conference,false,,,,false,false,0,
2025,regular,13,13,13,Week 13,2025-11-16,107,Holy Cross Crusaders,HC,FCS,Patriot League,false,,,,false,false,0,
2025,regular,13,13,13,Week 13,2025-11-16,113,Massachusetts Minutemen,MASS,FBS,Mid-American Conference,false,,,,false,false,0,
2025,regular,13,13,13,Week 13,2025-11-16,119,Towson Tigers,TOW,FCS,Coastal Athletic Association,false,,,,false,false,0,
2025,regular,13,13,13,Week 13,2025-11-16,120,Maryland Terrapins,MD,FBS,Big Ten Conference,false,,,,false,false,0,
2025,regular,13,13,13,Week 13,2025-11-16,127,Michigan State Spartans,MSU,FBS,Big Ten Conference,false,,,,false,false,0,
2025,regular,13,13,13,Week 13,2025-11-16,130,Michigan Wolverines,MICH,FBS,Big Ten Conference,true,18,18,0,false,false,12,14
2025,regular,13,13,13,Week 13,2025-11-16,135,Minnesota Golden Gophers,MINN,FBS,Big Ten Conference,false,,,,false,false,0,
2025,regular,13,13,13,Week 13,2025-11-16,142,Missouri Tigers,MIZ,FBS,Southeastern Conference,true,23,,,true,false,10,14
2025,regular,13,13,13,Week 13,2025-11-16,145,Ole Miss Rebels,MISS,FBS,Southeastern Conference,true,5,6,1,false,false,13,4
2025,regular,13,13,13,Week 13,2025-11-16,147,Montana State Bobcats,MTST,FCS,Big Sky Conference,false,,,,false,false,0,
2025,regular,13,13,13,Week 13,2025-11-16,149,Montana Grizzlies,MONT,FCS,Big Sky Conference,false,,,,false,false,0,
2025,regular,13,13,13,Week 13,2025-11-16,150,Duke Blue Devils,DUKE,FBS,Atlantic Coast Conference,false,,,,false,false,0,
2025,regular,13,13,13,Week 13,2025-11-16,151,East Carolina Pirates,ECU,FBS,American Conference,false,,,,false,false,0,
2025,regular,13,13,13,Week 13,2025-11-16,152,NC State Wolfpack,NCSU,FBS,Atlantic Coast Conference,false,,,,false,false,0,
2025,regular,13,13,13,Week 13,2025-11-16,153,North Carolina Tar Heels,UNC,FBS,Atlantic Coast Conference,false,,,,false,false,0,
2025,regular,13,13,13,Week 13,2025-11-16,154,Wake Forest Demon Deacons,WAKE,FBS,Atlantic Coast Conference,false,,,,false,false,0,
2025,regular,13,13,13,Week 13,2025-11-16,155,North Dakota Fighting Hawks,UND,FCS,Missouri Valley Football Conference,false,,,,false,false,0,
2025,regular,13,13,13,Week 13,2025-11-16,158,Nebraska Cornhuskers,NEB,FBS,Big Ten Conference,false,,,,false,false,1,25
2025,regular,13,13,13,Week 13,2025-11-16,160,New Hampshire Wildcats,UNH,FCS,Coastal Athletic Association,false,,,,false,false,0,
2025,regular,13,13,13,Week 13,2025-11-16,164,Rutgers Scarlet Knights,RUTG,FBS,Big Ten Conference,false,,,,false,false,0,
2025,regular,13,13,13,Week 13,2025-11-16,166,New Mexico State Aggies,NMSU,FBS,Conference USA,false,,,,false,false,0,
2025,regular,13,13,13,Week 13,2025-11-16,167,New Mexico Lobos,UNM,FBS,Mountain West Conference,false,,,,false,false,0,
2025,regular,13,13,13,Week 13,2025-11-16,183,Syracuse Orange,SYR,FBS,Atlantic Coast Conference,false,,,,false,false,0,
2025,regular,13,13,13,Week 13,2025-11-16,189,Bowling Green Falcons,BGSU,FBS,Mid-American Conference,false,,,,false,false,0,
2025,regular,13,13,13,Week 13,2025-11-16,193,Miami (OH) RedHawks,M-OH,FBS,Mid-American Conference,false,,,,false,false,0,
2025,regular,13,13,13,Week 13,2025-11-16,194,Ohio State Buckeyes,OSU,FBS,Big Ten Conference,true,1,1,0,false,false,13,1
2025,regular,13,13,13,Week 13,2025-11-16,195,Ohio Bobcats,OHIO,FBS,Mid-American Conference,false,,,,false,false,0,
2025,regular,13,13,13,Week 13,2025-11-16,197,Oklahoma State Cowboys,OKST,FBS,Big 12 Conference,false,,,,false,false,0,
2025,regular,13,13,13,Week 13,2025-11-16,201,Oklahoma Sooners,OU,FBS,Southeastern Conference,true,8,11,3,false,false,13,5
2025,regular,13,13,13,Week 13,2025-11-16,202,Tulsa Golden Hurricane,TLSA,FBS,American Conference,false,,,,false,false,0,
2025,regular,13,13,13,Week 13,2025-11-16,204,Oregon State Beavers,ORST,FBS,Pac-12 Conference,false,,,,false,false,0,
2025,regular,13,13,13,Week 13,2025-11-16,213,Penn State Nittany Lions,PSU,FBS,Big Ten Conference,false,,,,false,false,6,2
2025,regular,13,13,13,Week 13,2025-11-16,218,Temple Owls,TEM,FBS,American Conference,false,,,,false,false,0,
2025,regular,13,13,13,Week 13,2025-11-16,221,Pittsburgh Panthers,PITT,FBS,Atlantic Coast Conference,false,,23,,false,true,1,23
2025,regular,13,13,13,Week 13,2025-11-16,222,Villanova Wildcats,VILL,FCS,Coastal Athletic Association,false,,,,false,false,0,
2025,regular,13,13,13,Week 13,2025-11-16,227,Rhode Island Rams,URI,FCS,Coastal Athletic Association,false,,,,false,false,0,
2025,regular,13,13,13,Week 13,2025-11-16,228,Clemson Tigers,CLEM,FBS,Atlantic Coast Conference,false,,,,false,false,3,4
2025,regular,13,13,13,Week 13,2025-11-16,231,Furman Paladins,FUR,FCS,Southern Conference,false,,,,false,false,0,
2025,regular,13,13,13,Week 13,2025-11-16,233,South Dakota Coyotes,SDAK,FCS,Missouri Valley Football Conference,false,,,,false,false,0,
2025,regular,13,13,13,Week 13,2025-11-16,235,Memphis Tigers,MEM,FBS,American Conference,false,,,,false,false,4,22
2025,regular,13,13,13,Week 13,2025-11-16,236,Chattanooga Mocs,UTC,FCS,Southern Conference,false,,,,false,false,0,
2025,regular,13,13,13,Week 13,2025-11-16,238,Vanderbilt Commodores,VAN,FBS,Southeastern Conference,true,12,13,1,false,false,10,9
2025,regular,13,13,13,Week 13,2025-11-16,239,Baylor Bears,BAY,FBS,Big 12 Conference,false,,,,false,false,0,
2025,regular,13,13,13,Week 13,2025-11-16,242,Rice Owls,RICE,FBS,American Conference,false,,,,false,false,0,
2025,regular,13,13,13,Week 13,2025-11-16,245,Texas A&M Aggies,TA&M,FBS,Southeastern Conference,true,3,3,0,false,false,13,3
2025,regular,13,13,13,Week 13,2025-11-16,248,Houston Cougars,HOU,FBS,Big 12 Conference,true,25,,,true,false,2,22
2025,regular,13,13,13,Week 13,2025-11-16,249,North Texas Mean Green,UNT,FBS,American Conference,true,22,,,true,false,1,22
2025,regular,13,13,13,Week 13,2025-11-16,251,Texas Longhorns,TEX,FBS,Southeastern Conference,true,17,10,-7,false,false,12,1
2025,regular,13,13,13,Week 13,2025-11-16,252,BYU Cougars,BYU,FBS,Big 12 Conference,true,11,12,1,false,false,9,8
2025,regular,13,13,13,Week 13,2025-11-16,254,Utah Utes,UTAH,FBS,Big 12 Conference,true,13,15,2,false,false,8,13
2025,regular,13,13,13,Week 13,2025-11-16,256,James Madison Dukes,JMU,FBS,Sun Belt Conference,true,21,24,3,false,false,2,21
2025,regular,13,13,13,Week 13,2025-11-16,257,Richmond Spiders,RICH,FCS,Patriot League,false,,,,false,false,0,
2025,regular,13,13,13,Week 13,2025-11-16,258,Virginia Cavaliers,UVA,FBS,Atlantic Coast Conference,true,19,20,1,false,false,8,12
2025,regular,13,13,13,Week 13,2025-11-16,259,Virginia Tech Hokies,VT,FBS,Atlantic Coast Conference,false,,,,false,false,0,
2025,regular,13,13,13,Week 13,2025-11-16,264,Washington Huskies,WASH,FBS,Big Ten Conference,false,,,,false,false,1,24
2025,regular,13,13,13,Week 13,2025-11-16,265,Washington State Cougars,WSU,FBS,Pac-12 Conference,false,,,,false,false,0,
2025,regular,13,13,13,Week 13,2025-11-16,275,Wisconsin Badgers,WIS,FBS,Big Ten Conference,false,,,,false,false,0,
2025,regular,13,13,13,Week 13,2025-11-16,276,Marshall Thundering Herd,MRSH,FBS,Sun Belt Conference,false,,,,false,false,0,
2025,regular,13,13,13,Week 13,2025-11-16,277,West Virginia Mountaineers,WVU,FBS,Big 12 Conference,false,,,,false,false,0,
2025,regular,13,13,13,Week 13,2025-11-16,278,Fresno State Bulldogs,FRES,FBS,Mountain West Conference,false,,,,false,false,0,
2025,regular,13,13,13,Week 13,2025-11-16,282,Indiana State Sycamores,INST,FCS,Missouri Valley Football Conference,false,,,,false,false,0,
2025,regular,13,13,13,Week 13,2025-11-16,290,Georgia Southern Eagles,GASO,FBS,Sun Belt Conference,false,,,,false,false,0,
2025,regular,13,13,13,Week 13,2025-11-16,295,Old Dominion Monarchs,ODU,FBS,Sun Belt Conference,false,,,,false,false,0,
2025,regular,13,13,13,Week 13,2025-11-16,302,UC Davis Aggies,UCD,FCS,Big Sky Conference,false,,,,false,false,0,
2025,regular,13,13,13,Week 13,2025-11-16,304,Idaho State Bengals,IDST,FCS,Big Sky Conference,false,,,,false,false,0,
2025,regular,13,13,13,Week 13,2025-11-16,309,Louisiana Ragin' Cajuns,UL,FBS,Sun Belt Conference,false,,,,false,false,0,
2025,regular,13,13,13,Week 13,2025-11-16,311,Maine Black Bears,ME,FCS,Coastal Athletic Association,false,,,,false,false,0,
2025,regular,13,13,13,Week 13,2025-11-16,322,Lafayette Leopards,LAF,FCS,Patriot League,false,,,,false,false,0,
2025,regular,13,13,13,Week 13,2025-11-16,324,Coastal Carolina Chanticleers,CCU,FBS,Sun Belt Conference,false,,,,false,false,0,
2025,regular,13,13,13,Week 13,2025-11-16,326,Texas State Bobcats,TXST,FBS,Sun Belt Conference,false,,,,false,false,0,
2025,regular,13,13,13,Week 13,2025-11-16,328,Utah State Aggies,USU,FBS,Mountain West Conference,false,,,,false,false,0,
2025,regular,13,13,13,Week 13,2025-11-16,331,Eastern Washington Eagles,EWU,FCS,Big Sky Conference,false,,,,false,false,0,
2025,regular,13,13,13,Week 13,2025-11-16,333,Alabama Crimson Tide,ALA,FBS,Southeastern Conference,true,10,4,-6,false,false,13,4
2025,regular,13,13,13,Week 13,2025-11-16,338,Kennesaw State Owls,KENN,FBS,Conference USA,false,,,,false,false,0,
2025,regular,13,13,13,Week 13,2025-11-16,344,Mississippi State Bulldogs,MSST,FBS,Southeastern Conference,false,,,,false,false,0,
2025,regular,13,13,13,Week 13,2025-11-16,349,Army Black Knights,ARMY,FBS,American Conference,false,,,,false,false,0,
2025,regular,13,13,13,Week 13,2025-11-16,356,Illinois Fighting Illini,ILL,FBS,Big Ten Conference,false,,,,false,false,8,9
2025,regular,13,13,13,Week 13,2025-11-16,399,UAlbany Great Danes,ALB,FCS,Coastal Athletic Association,false,,,,false,false,0,
2025,regular,13,13,13,Week 13,2025-11-16,2000,Abilene Christian Wildcats,ACU,FCS,United Athletic Conference,false,,,,false,false,0,
2025,regular,13,13,13,Week 13,2025-11-16,2005,Air Force Falcons,AFA,FBS,Mountain West Conference,false,,,,false,false,0,
2025,regular,13,13,13,Week 13,2025-11-16,2006,Akron Zips,AKR,FBS,Mid-American Conference,false,,,,false,false,0,
2025,regular,13,13,13,Week 13,2025-11-16,2010,Alabama A&M Bulldogs,AAMU,FCS,Southwestern Athletic Conference,false,,,,false,false,0,
2025,regular,13,13,13,Week 13,2025-11-16,2011,Alabama State Hornets,ALST,FCS,Southwestern Athletic Conference,false,,,,false,false,0,
2025,regular,13,13,13,Week 13,2025-11-16,2016,Alcorn State Braves,ALCN,FCS,Southwestern Athletic Conference,false,,,,false,false,0,
2025,regular,13,13,13,Week 13,2025-11-16,2026,App State Mountaineers,APP,FBS,Sun Belt Conference,false,,,,false,false,0,
2025,regular,13,13,13,Week 13,2025-11-16,2029,Arkansas-Pine Bluff Golden Lions,UAPB,FCS,Southwestern Athletic Conference,false,,,,false,false,0,
2025,regular,13,13,13,Week 13,2025-11-16,2032,Arkansas State Red Wolves,ARST,FBS,Sun Belt Conference,false,,,,false,false,0,
2025,regular,13,13,13,Week 13,2025-11-16,2046,Austin Peay Governors,APSU,FCS,United Athletic Conference,false,,,,false,false,0,
2025,regular,13,13,13,Week 13,2025-11-16,2050,Ball State Cardinals,BALL,FBS,Mid-American Conference,false,,,,false,false,0,
2025,regular,13,13,13,Week 13,2025-11-16,2065,Bethune-Cookman Wildcats,BCU,FCS,Southwestern Athletic Conference,false,,,,false,false,0,
2025,regular,13,13,13,Week 13,2025-11-16,2083,Bucknell Bison,BUCK,FCS,Patriot League,false,,,,false,false,0,
2025,regular,13,13,13,Week 13,2025-11-16,2084,Buffalo Bulls,BUFF,FBS,Mid-American Conference,false,,,,false,false,0,
2025,regular,13,13,13,Week 13,2025-11-16,2097,Campbell Fighting Camels,CAM,FCS,Coastal Athletic Association,false,,,,false,false,0,
2025,regular,13,13,13,Week 13,2025-11-16,2110,Central Arkansas Bears,CARK,FCS,United Athletic Conference,false,,,,false,false,0,
2025,regular,13,13,13,Week 13,2025-11-16,2115,Central Connecticut Blue Devils,CCSU,FCS,Northeast Conference,false,,,,false,false,0,
2025,regular,13,13,13,Week 13,2025-11-16,2116,UCF Knights,UCF,FBS,Big 12 Conference,false,,,,false,false,0,
2025,regular,13,13,13,Week 13,2025-11-16,2117,Central Michigan Chippewas,CMU,FBS,Mid-American Conference,false,,,,false,false,0,
2025,regular,13,13,13,Week 13,2025-11-16,2127,Charleston Southern Buccaneers,CHSO,FCS,Ohio Valley Conference,false,,,,false,false,0,
2025,regular,13,13,13,Week 13,2025-11-16,2132,Cincinnati Bearcats,CIN,FBS,Big 12 Conference,false,,22,,false,true,5,17
2025,regular,13,13,13,Week 13,2025-11-16,2142,Colgate Raiders,COLG,FCS,Patriot League,false,,,,false,false,0,
2025,regular,13,13,13,Week 13,2025-11-16,2169,Delaware State Hornets,DSU,FCS,Mid-Eastern Athletic Conference,false,,,,false,false,0,
2025,regular,13,13,13,Week 13,2025-11-16,2184,Duquesne Dukes,DUQ,FCS,Northeast Conference,false,,,,false,false,0,
2025,regular,13,13,13,Week 13,2025-11-16,2193,East Tennessee State Buccaneers,ETSU,FCS,Southern Conference,false,,,,false,false,0,
2025,regular,13,13,13,Week 13,2025-11-16,2197,Eastern Illinois Panthers,EIU,FCS,Ohio Valley Conference,false,,,,false,false,0,
2025,regular,13,13,13,Week 13,2025-11-16,2198,Eastern Kentucky Colonels,EKU,FCS,United Athletic Conference,false,,,,false,false,0,
2025,regular,13,13,13,Week 13,2025-11-16,2199,Eastern Michigan Eagles,EMU,FBS,Mid-American Conference,false,,,,false,false,0,
2025,regular,13,13,13,Week 13,2025-11-16,2210,Elon Phoenix,ELON,FCS,Coastal Athletic Association,false,,,,false,false,0,
2025,regular,13,13,13,Week 13,2025-11-16,2226,Florida Atlantic Owls,FAU,FBS,American Conference,false,,,,false,false,0,
2025,regular,13,13,13,Week 13,2025-11-16,2229,Florida International Panthers,FIU,FBS,Conference USA,false,,,,false,false,0,
2025,regular,13,13,13,Week 13,2025-11-16,2230,Fordham Rams,FOR,FCS,Patriot League,false,,,,false,false,0,
2025,regular,13,13,13,Week 13,2025-11-16,2241,Gardner-Webb Runnin' Bulldogs,GWEB,FCS,Ohio Valley Conference,false,,,,false,false,0,
2025,regular,13,13,13,Week 13,2025-11-16,2247,Georgia State Panthers,GAST,FBS,Sun Belt Conference,false,,,,false,false,0,
2025,regular,13,13,13,Week 13,2025-11-16,2277,Houston Christian Huskies,HCU,FCS,Southland Conference,false,,,,false,false,0,
2025,regular,13,13,13,Week 13,2025-11-16,2287,Illinois State Redbirds,ILST,FCS,Missouri Valley Football Conference,false,,,,false,false,0,
2025,regular,13,13,13,Week 13,2025-11-16,2294,Iowa Hawkeyes,IOWA,FBS,Big Ten Conference,false,,,,false,false,0,
2025,regular,13,13,13,Week 13,2025-11-16,2296,Jackson State Tigers,JKST,FCS,Southwestern Athletic Conference,false,,,,false,false,0,
2025,regular,13,13,13,Week 13,2025-11-16,2305,Kansas Jayhawks,KU,FBS,Big 12 Conference,false,,,,false,false,0,
2025,regular,13,13,13,Week 13,2025-11-16,2306,Kansas State Wildcats,KSU,FBS,Big 12 Conference,false,,,,false,false,1,17
2025,regular,13,13,13,Week 13,2025-11-16,2309,Kent State Golden Flashes,KENT,FBS,Mid-American Conference,false,,,,false,false,0,
2025,regular,13,13,13,Week 13,2025-11-16,2320,Lamar Cardinals,LAM,FCS,Southland Conference,false,,,,false,false,0,
2025,regular,13,13,13,Week 13,2025-11-16,2335,Liberty Flames,LIB,FBS,Conference USA,false,,,,false,false,0,
2025,regular,13,13,13,Week 13,2025-11-16,2341,Long Island University Sharks,LIU,FCS,Northeast Conference,false,,,,false,false,0,
2025,regular,13,13,13,Week 13,2025-11-16,2348,Louisiana Tech Bulldogs,LT,FBS,Conference USA,false,,,,false,false,0,
2025,regular,13,13,13,Week 13,2025-11-16,2377,McNeese Cowboys,MCN,FCS,Southland Conference,false,,,,false,false,0,
2025,regular,13,13,13,Week 13,2025-11-16,2382,Mercer Bears,MER,FCS,Southern Conference,false,,,,false,false,0,
2025,regular,13,13,13,Week 13,2025-11-16,2385,Mercyhurst Lakers,MERC,FCS,Northeast Conference,false,,,,false,false,0,
2025,regular,13,13,13,Week 13,2025-11-16,2390,Miami Hurricanes,MIA,FBS,Atlantic Coast Conference,true,14,16,2,false,false,13,2
2025,regular,13,13,13,Week 13,2025-11-16,2393,Middle Tennessee Blue Raiders,MTSU,FBS,Conference USA,false,,,,false,false,0,
2025,regular,13,13,13,Week 13,2025-11-16,2405,Monmouth Hawks,MONM,FCS,Coastal Athletic Association,false,,,,false,false,0,
2025,regular,13,13,13,Week 13,2025-11-16,2415,Morgan State Bears,MORG,FCS,Mid-Eastern Athletic Conference,false,,,,false,false,0,
2025,regular,13,13,13,Week 13,2025-11-16,2426,Navy Midshipmen,NAVY,FBS,American Conference,false,,,,false,false,0,
2025,regular,13,13,13,Week 13,2025-11-16,2428,North Carolina Central Eagles,NCCU,FCS,Mid-Eastern Athletic Conference,false,,,,false,false,0,
2025,regular,13,13,13,Week 13,2025-11-16,2429,Charlotte 49ers,CLT,FBS,American Conference,false,,,,false,false,0,
2025,regular,13,13,13,Week 13,2025-11-16,2433,UL Monroe Warhawks,ULM,FBS,Sun Belt Conference,false,,,,false,false,0,
2025,regular,13,13,13,Week 13,2025-11-16,2439,UNLV Rebels,UNLV,FBS,Mountain West Conference,false,,,,false,false,0,
2025,regular,13,13,13,Week 13,2025-11-16,2440,Nevada Wolf Pack,NEV,FBS,Mountain West Conference,false,,,,false,false,0,
2025,regular,13,13,13,Week 13,2025-11-16,2447,Nicholls Colonels,NICH,FCS,Southland Conference,false,,,,false,false,0,
2025,regular,13,13,13,Week 13,2025-11-16,2448,North Carolina A&T Aggies,NCAT,FCS,Coastal Athletic Association,false,,,,false,false,0,
2025,regular,13,13,13,Week 13,2025-11-16,2449,North Dakota State Bison,NDSU,FCS,Missouri Valley Football Conference,false,,,,false,false,0,
2025,regular,13,13,13,Week 13,2025-11-16,2450,Norfolk State Spartans,NORF,FCS,Mid-Eastern Athletic Conference,false,,,,false,false,0,
2025,regular,13,13,13,Week 13,2025-11-16,2453,North Alabama Lions,UNA,FCS,United Athletic Conference,false,,,,false,false,0,
2025,regular,13,13,13,Week 13,2025-11-16,2458,Northern Colorado Bears,UNCO,FCS,Big Sky Conference,false,,,,false,false,0,
2025,regular,13,13,13,Week 13,2025-11-16,2459,Northern Illinois Huskies,NIU,FBS,Mid-American Conference,false,,,,false,false,0,
2025,regular,13,13,13,Week 13,2025-11-16,2460,Northern Iowa Panthers,UNI,FCS,Missouri Valley Football Conference,false,,,,false,false,0,
2025,regular,13,13,13,Week 13,2025-11-16,2464,Northern Arizona Lumberjacks,NAU,FCS,Big Sky Conference,false,,,,false,false,0,
2025,regular,13,13,13,Week 13,2025-11-16,2466,Northwestern State Demons,NWST,FCS,Southland Conference,false,,,,false,false,0,
2025,regular,13,13,13,Week 13,2025-11-16,2483,Oregon Ducks,ORE,FBS,Big Ten Conference,true,6,7,1,false,false,13,2
2025,regular,13,13,13,Week 13,2025-11-16,2502,Portland State Vikings,PRST,FCS,Big Sky Conference,false,,,,false,false,0,
2025,regular,13,13,13,Week 13,2025-11-16,2504,Prairie View A&M Panthers,PV,FCS,Southwestern Athletic Conference,false,,,,false,false,0,
2025,regular,13,13,13,Week 13,2025-11-16,2509,Purdue Boilermakers,PUR,FBS,Big Ten Conference,false,,,,false,false,0,
2025,regular,13,13,13,Week 13,2025-11-16,2523,Robert Morris Colonials,RMU,FCS,Northeast Conference,false,,,,false,false,0,
2025,regular,13,13,13,Week 13,2025-11-16,2534,Sam Houston Bearkats,SHSU,FBS,Conference USA,false,,,,false,false,0,
2025,regular,13,13,13,Week 13,2025-11-16,2535,Samford Bulldogs,SAM,FCS,Southern Conference,false,,,,false,false,0,
2025,regular,13,13,13,Week 13,2025-11-16,2545,SE Louisiana Lions,SELA,FCS,Southland Conference,false,,,,false,false,0,
2025,regular,13,13,13,Week 13,2025-11-16,2546,Southeast Missouri State Redhawks,SEMO,FCS,Ohio Valley Conference,false,,,,false,false,0,
2025,regular,13,13,13,Week 13,2025-11-16,2567,SMU Mustangs,SMU,FBS,Atlantic Coast Conference,false,,,,false,false,2,16
2025,regular,13,13,13,Week 13,2025-11-16,2569,South Carolina State Bulldogs,SCST,FCS,Mid-Eastern Athletic Conference,false,,,,false,false,0,
2025,regular,13,13,13,Week 13,2025-11-16,2571,South Dakota State Jackrabbits,SDST,FCS,Missouri Valley Football Conference,false,,,,false,false,0,
2025,regular,13,13,13,Week 13,2025-11-16,2572,Southern Miss Golden Eagles,USM,FBS,Sun Belt Conference,false,,,,false,false,0,
2025,regular,13,13,13,Week 13,2025-11-16,2579,South Carolina Gamecocks,SC,FBS,Southeastern Conference,false,,,,false,false,3,10
2025,regular,13,13,13,Week 13,2025-11-16,2582,Southern Jaguars,SOU,FCS,Southwestern Athletic Conference,false,,,,false,false,0,
2025,regular,13,13,13,Week 13,2025-11-16,2598,Saint Francis Red Flash,SFPA,FCS,Northeast Conference,false,,,,false,false,0,
2025,regular,13,13,13,Week 13,2025-11-16,2617,Stephen F. Austin Lumberjacks,SFA,FCS,Southland Conference,false,,,,false,false,0,
2025,regular,13,13,13,Week 13,2025-11-16,2619,Stony Brook Seawolves,STBK,FCS,Coastal Athletic Association,false,,,,false,false,0,
2025,regular,13,13,13,Week 13,2025-11-16,2623,Missouri State Bears,MOST,FBS,Conference USA,false,,,,false,false,0,
2025,regular,13,13,13,Week 13,2025-11-16,2627,Tarleton State Texans,TAR,FCS,United Athletic Conference,false,,,,false,false,0,
2025,regular,13,13,13,Week 13,2025-11-16,2628,TCU Horned Frogs,TCU,FBS,Big 12 Conference,false,,,,false,false,1,24
2025,regular,13,13,13,Week 13,2025-11-16,2630,UT Martin Skyhawks,UTM,FCS,Ohio Valley Conference,false,,,,false,false,0,
2025,regular,13,13,13,Week 13,2025-11-16,2633,Tennessee Volunteers,TENN,FBS,Southeastern Conference,true,20,21,1,false,false,13,11
2025,regular,13,13,13,Week 13,2025-11-16,2634,Tennessee State Tigers,TNST,FCS,Ohio Valley Conference,false,,,,false,false,0,
2025,regular,13,13,13,Week 13,2025-11-16,2635,Tennessee Tech Golden Eagles,TNTC,FCS,Ohio Valley Conference,false,,,,false,false,0,
2025,regular,13,13,13,Week 13,2025-11-16,2636,UTSA Roadrunners,UTSA,FBS,American Conference,false,,,,false,false,0,
2025,regular,13,13,13,Week 13,2025-11-16,2638,UTEP Miners,UTEP,FBS,Conference USA,false,,,,false,false,0,
2025,regular,13,13,13,Week 13,2025-11-16,2640,Texas Southern Tigers,TXSO,FCS,Southwestern Athletic Conference,false,,,,false,false,0,
2025,regular,13,13,13,Week 13,2025-11-16,2641,Texas Tech Red Raiders,TTU,FBS,Big 12 Conference,true,6,8,2,false,false,13,6
2025,regular,13,13,13,Week 13,2025-11-16,2643,The Citadel Bulldogs,CIT,FCS,Southern Conference,false,,,,false,false,0,
2025,regular,13,13,13,Week 13,2025-11-16,2649,Toledo Rockets,TOL,FBS,Mid-American Conference,false,,,,false,false,0,
2025,regular,13,13,13,Week 13,2025-11-16,2653,Troy Trojans,TROY,FBS,Sun Belt Conference,false,,,,false,false,0,
2025,regular,13,13,13,Week 13,2025-11-16,2655,Tulane Green Wave,TULN,FBS,American Conference,true,24,,,true,false,1,24
2025,regular,13,13,13,Week 13,2025-11-16,2678,VMI Keydets,VMI,FCS,Southern Conference,false,,,,false,false,0,
2025,regular,13,13,13,Week 13,2025-11-16,2681,Wagner Seahawks,WAG,FCS,Northeast Conference,false,,,,false,false,0,
2025,regular,13,13,13,Week 13,2025-11-16,2692,Weber State Wildcats,WEB,FCS,Big Sky Conference,false,,,,false,false,0,
2025,regular,13,13,13,Week 13,2025-11-16,2710,Western Illinois Leathernecks,WIU,FCS,Ohio Valley Conference,false,,,,false,false,0,
2025,regular,13,13,13,Week 13,2025-11-16,2711,Western Michigan Broncos,WMU,FBS,Mid-American Conference,false,,,,false,false,0,
2025,regular,13,13,13,Week 13,2025-11-16,2717,Western Carolina Catamounts,WCU,FCS,Southern Conference,false,,,,false,false,0,
2025,regular,13,13,13,Week 13,2025-11-16,2729,William & Mary Tribe,W&M,FCS,Coastal Athletic Association,false,,,,false,false,0,
2025,regular,13,13,13,Week 13,2025-11-16,2747,Wofford Terriers,WOF,FCS,Southern Conference,false,,,,false,false,0,
2025,regular,13,13,13,Week 13,2025-11-16,2751,Wyoming Cowboys,WYO,FBS,Mountain West Conference,false,,,,false,false,0,
2025,regular,13,13,13,Week 13,2025-11-16,2754,Youngstown State Penguins,YSU,FCS,Missouri Valley Football Conference,false,,,,false,false,0,
2025,regular,13,13,13,Week 13,2025-11-16,2755,Grambling Tigers,GRAM,FCS,Southwestern Athletic Conference,false,,,,false,false,0,
2025,regular,13,13,13,Week 13,2025-11-16,2771,Merrimack Warriors,MRMK,FCS,FCS Independents,false,,,,false,false,0,
2025,regular,13,13,13,Week 13,2025-11-16,2803,Bryant Bulldogs,BRY,FCS,Coastal Athletic Association,false,,,,false,false,0,
2025,regular,13,13,13,Week 13,2025-11-16,2815,Lindenwood Lions,LIN,FCS,Ohio Valley Conference,false,,,,false,false,0,
2025,regular,13,13,13,Week 13,2025-11-16,2837,East Texas A&M Lions,ETAM,FCS,Southland Conference,false,,,,false,false,0,
2025,regular,13,13,13,Week 13,2025-11-16,2900,St. Thomas-Minnesota Tommies,STMN,FCS,Pioneer Football League,false,,,,false,false,0,
2025,regular,13,13,13,Week 13,2025-11-16,2916,Incarnate Word Cardinals,UIW,FCS,Southland Conference,false,,,,false,false,0,
2025,regular,14,14,14,Week 14,2025-11-23,2,Auburn Tigers,AUB,FBS,Southeastern Conference,false,,,,false,false,2,22
2025,regular,14,14,14,Week 14,2025-11-23,5,UAB Blazers,UAB,FBS,American Conference,false,,,,false,false,0,
2025,regular,14,14,14,Week 14,2025-11-23,6,South Alabama Jaguars,USA,FBS,Sun Belt Conference,false,,,,false,false,0,
2025,regular,14,14,14,Week 14,2025-11-23,8,Arkansas Razorbacks,ARK,FBS,Southeastern Conference,false,,,,false,false,0,
2025,regular,14,14,14,Week 14,2025-11-23,9,Arizona State Sun Devils,ASU,FBS,Big 12 Conference,false,,,,false,false,5,11
2025,regular,14,14,14,Week 14,2025-11-23,12,Arizona Wildcats,ARIZ,FBS,Big 12 Conference,false,,,,false,false,0,
2025,regular,14,14,14,Week 14,2025-11-23,13,Cal Poly Mustangs,CP,FCS,Big Sky Conference,false,,,,false,false,0,
2025,regular,14,14,14,Week 14,2025-11-23,16,Sacramento State Hornets,SAC,FCS,Big Sky Conference,false,,,,false,false,0,
2025,regular,14,14,14,Week 14,2025-11-23,21,San Diego State Aztecs,SDSU,FBS,Mountain West Conference,false,,,,false,false,0,
2025,regular,14,14,14,Week 14,2025-11-23,23,San José State Spartans,SJSU,FBS,Mountain West Conference,false,,,,false,false,0,
2025,regular,14,14,14,Week 14,2025-11-23,24,Stanford Cardinal,STAN,FBS,Atlantic Coast Conference,false,,,,false,false,0,
2025,regular,14,14,14,Week 14,2025-11-23,25,California Golden Bears,CAL,FBS,Atlantic Coast Conference,false,,,,false,false,0,
2025,regular,14,14,14,Week 14,2025-11-23,26,UCLA Bruins,UCLA,FBS,Big Ten Conference,false,,,,false,false,0,
2025,regular,14,14,14,Week 14,2025-11-23,30,USC Trojans,USC,FBS,Big Ten Conference,true,19,16,-3,false,false,8,16
2025,regular,14,14,14,Week 14,2025-11-23,36,Colorado State Rams,CSU,FBS,Mountain West Conference,false,,,,false,false,0,
2025,regular,14,14,14,Week 14,2025-11-23,38,Colorado Buffaloes,COLO,FBS,Big 12 Conference,false,,,,false,false,0,
2025,regular,14,14,14,Week 14,2025-11-23,41,UConn Huskies,CONN,FBS,FBS Independents,false,,,,false,false,0,
2025,regular,14,14,14,Week 14,2025-11-23,47,Howard Bison,HOW,FCS,Mid-Eastern Athletic Conference,false,,,,false,false,0,
2025,regular,14,14,14,Week 14,2025-11-23,48,Delaware Blue Hens,DEL,FBS,Conference USA,false,,,,false,false,0,
2025,regular,14,14,14,Week 14,2025-11-23,50,Florida A&M Rattlers,FAMU,FCS,Southwestern Athletic Conference,false,,,,false,false,0,
2025,regular,14,14,14,Week 14,2025-11-23,52,Florida State Seminoles,FSU,FBS,Atlantic Coast Conference,false,,,,false,false,6,7
2025,regular,14,14,14,Week 14,2025-11-23,55,Jacksonville State Gamecocks,JVST,FBS,Conference USA,false,,,,false,false,0,
2025,regular,14,14,14,Week 14,2025-11-23,57,Florida Gators,FLA,FBS,Southeastern Conference,false,,,,false,false,2,13
2025,regular,14,14,14,Week 14,2025-11-23,58,South Florida Bulls,USF,FBS,American Conference,false,,,,false,false,5,18
2025,regular,14,14,14,Week 14,2025-11-23,59,Georgia Tech Yellow Jackets,GT,FBS,Atlantic Coast Conference,true,23,15,-8,false,false,11,7
2025,regular,14,14,14,Week 14,2025-11-23,61,Georgia Bulldogs,UGA,FBS,Southeastern Conference,true,4,4,0,false,false,14,4
2025,regular,14,14,14,Week 14,2025-11-23,62,Hawai'i Rainbow Warriors,HAW,FBS,Mountain West Conference,false,,,,false,false,0,
2025,regular,14,14,14,Week 14,2025-11-23,66,Iowa State Cyclones,ISU,FBS,Big 12 Conference,false,,,,false,false,7,12
2025,regular,14,14,14,Week 14,2025-11-23,68,Boise State Broncos,BOIS,FBS,Mountain West Conference,false,,,,false,false,1,25
2025,regular,14,14,14,Week 14,2025-11-23,70,Idaho Vandals,IDHO,FCS,Big Sky Conference,false,,,,false,false,0,
2025,regular,14,14,14,Week 14,2025-11-23,77,Northwestern Wildcats,NU,FBS,Big Ten Conference,false,,,,false,false,0,
2025,regular,14,14,14,Week 14,2025-11-23,79,Southern Illinois Salukis,SIU,FCS,Missouri Valley Football Conference,false,,,,false,false,0,
2025,regular,14,14,14,Week 14,2025-11-23,84,Indiana Hoosiers,IU,FBS,Big Ten Conference,true,2,2,0,false,false,14,2
2025,regular,14,14,14,Week 14,2025-11-23,87,Notre Dame Fighting Irish,ND,FBS,FBS Independents,true,9,9,0,false,false,14,6
2025,regular,14,14,14,Week 14,2025-11-23,93,Murray State Racers,MUR,FCS,Missouri Valley Football Conference,false,,,,false,false,0,
2025,regular,14,14,14,Week 14,2025-11-23,96,Kentucky Wildcats,UK,FBS,Southeastern Conference,false,,,,false,false,0,
2025,regular,14,14,14,Week 14,2025-11-23,97,Louisville Cardinals,LOU,FBS,Atlantic Coast Conference,false,,,,false,false,4,14
2025,regular,14,14,14,Week 14,2025-11-23,98,Western Kentucky Hilltoppers,WKU,FBS,Conference USA,false,,,,false,false,0,
2025,regular,14,14,14,Week 14,2025-11-23,99,LSU Tigers,LSU,FBS,Southeastern Conference,false,,,,false,false,9,3
2025,regular,14,14,14,Week 14,2025-11-23,103,Boston College Eagles,BC,FBS,Atlantic Coast Conference,false,,,,false,false,0,
2025,regular,14,14,14,Week 14,2025-11-23,107,Holy Cross Crusaders,HC,FCS,Patriot League,false,,,,false,false,0,
2025,regular,14,14,14,Week 14,2025-11-23,113,Massachusetts Minutemen,MASS,FBS,Mid-American Conference,false,,,,false,false,0,
2025,regular,14,14,14,Week 14,2025-11-23,119,Towson Tigers,TOW,FCS,Coastal Athletic Association,false,,,,false,false,0,
2025,regular,14,14,14,Week 14,2025-11-23,120,Maryland Terrapins,MD,FBS,Big Ten Conference,false,,,,false,false,0,
2025,regular,14,14,14,Week 14,2025-11-23,127,Michigan State Spartans,MSU,FBS,Big Ten Conference,false,,,,false,false,0,
2025,regular,14,14,14,Week 14,2025-11-23,130,Michigan Wolverines,MICH,FBS,Big Ten Conference,true,15,18,3,false,false,13,14
2025,regular,14,14,14,Week 14,2025-11-23,135,Minnesota Golden Gophers,MINN,FBS,Big Ten Conference,false,,,,false,false,0,
2025,regular,14,14,14,Week 14,2025-11-23,142,Missouri Tigers,MIZ,FBS,Southeastern Conference,false,,23,,false,true,10,14
2025,regular,14,14,14,Week 14,2025-11-23,145,Ole Miss Rebels,MISS,FBS,Southeastern Conference,true,6,5,-1,false,false,14,4
2025,regular,14,14,14,Week 14,2025-11-23,147,Montana State Bobcats,MTST,FCS,Big Sky Conference,false,,,,false,false,0,
2025,regular,14,14,14,Week 14,2025-11-23,149,Montana Grizzlies,MONT,FCS,Big Sky Conference,false,,,,false,false,0,
2025,regular,14,14,14,Week 14,2025-11-23,150,Duke Blue Devils,DUKE,FBS,Atlantic Coast Conference,false,,,,false,false,0,
2025,regular,14,14,14,Week 14,2025-11-23,151,East Carolina Pirates,ECU,FBS,American Conference,false,,,,false,false,0,
2025,regular,14,14,14,Week 14,2025-11-23,152,NC State Wolfpack,NCSU,FBS,Atlantic Coast Conference,false,,,,false,false,0,
2025,regular,14,14,14,Week 14,2025-11-23,153,North Carolina Tar Heels,UNC,FBS,Atlantic Coast Conference,false,,,,false,false,0,
2025,regular,14,14,14,Week 14,2025-11-23,154,Wake Forest Demon Deacons,WAKE,FBS,Atlantic Coast Conference,false,,,,false,false,0,
2025,regular,14,14,14,Week 14,2025-11-23,155,North Dakota Fighting Hawks,UND,FCS,Missouri Valley Football Conference,false,,,,false,false,0,
2025,regular,14,14,14,Week 14,2025-11-23,158,Nebraska Cornhuskers,NEB,FBS,Big Ten Conference,false,,,,false,false,1,25
2025,regular,14,14,14,Week 14,2025-11-23,160,New Hampshire Wildcats,UNH,FCS,Coastal Athletic Association,false,,,,false,false,0,
2025,regular,14,14,14,Week 14,2025-11-23,164,Rutgers Scarlet Knights,RUTG,FBS,Big Ten Conference,false,,,,false,false,0,
2025,regular,14,14,14,Week 14,2025-11-23,166,New Mexico State Aggies,NMSU,FBS,Conference USA,false,,,,false,false,0,
2025,regular,14,14,14,Week 14,2025-11-23,167,New Mexico Lobos,UNM,FBS,Mountain West Conference,false,,,,false,false,0,
2025,regular,14,14,14,Week 14,2025-11-23,183,Syracuse Orange,SYR,FBS,Atlantic Coast Conference,false,,,,false,false,0,
2025,regular,14,14,14,Week 14,2025-11-23,189,Bowling Green Falcons,BGSU,FBS,Mid-American Conference,false,,,,false,false,0,
2025,regular,14,14,14,Week 14,2025-11-23,193,Miami (OH) RedHawks,M-OH,FBS,Mid-American Conference,false,,,,false,false,0,
2025,regular,14,14,14,Week 14,2025-11-23,194,Ohio State Buckeyes,OSU,FBS,Big Ten Conference,true,1,1,0,false,false,14,1
2025,regular,14,14,14,Week 14,2025-11-23,195,Ohio Bobcats,OHIO,FBS,Mid-American Conference,false,,,,false,false,0,
2025,regular,14,14,14,Week 14,2025-11-23,197,Oklahoma State Cowboys,OKST,FBS,Big 12 Conference,false,,,,false,false,0,
2025,regular,14,14,14,Week 14,2025-11-23,201,Oklahoma Sooners,OU,FBS,Southeastern Conference,true,8,8,0,false,false,14,5
2025,regular,14,14,14,Week 14,2025-11-23,202,Tulsa Golden Hurricane,TLSA,FBS,American Conference,false,,,,false,false,0,
2025,regular,14,14,14,Week 14,2025-11-23,204,Oregon State Beavers,ORST,FBS,Pac-12 Conference,false,,,,false,false,0,
2025,regular,14,14,14,Week 14,2025-11-23,213,Penn State Nittany Lions,PSU,FBS,Big Ten Conference,false,,,,false,false,6,2
2025,regular,14,14,14,Week 14,2025-11-23,218,Temple Owls,TEM,FBS,American Conference,false,,,,false,false,0,
2025,regular,14,14,14,Week 14,2025-11-23,221,Pittsburgh Panthers,PITT,FBS,Atlantic Coast Conference,true,24,,,true,false,2,23
2025,regular,14,14,14,Week 14,2025-11-23,222,Villanova Wildcats,VILL,FCS,Coastal Athletic Association,false,,,,false,false,0,
2025,regular,14,14,14,Week 14,2025-11-23,227,Rhode Island Rams,URI,FCS,Coastal Athletic Association,false,,,,false,false,0,
2025,regular,14,14,14,Week 14,2025-11-23,228,Clemson Tigers,CLEM,FBS,Atlantic Coast Conference,false,,,,false,false,3,4
2025,regular,14,14,14,Week 14,2025-11-23,231,Furman Paladins,FUR,FCS,Southern Conference,false,,,,false,false,0,
2025,regular,14,14,14,Week 14,2025-11-23,233,South Dakota Coyotes,SDAK,FCS,Missouri Valley Football Conference,false,,,,false,false,0,
2025,regular,14,14,14,Week 14,2025-11-23,235,Memphis Tigers,MEM,FBS,American Conference,false,,,,false,false,4,22
2025,regular,14,14,14,Week 14,2025-11-23,236,Chattanooga Mocs,UTC,FCS,Southern Conference,false,,,,false,false,0,
2025,regular,14,14,14,Week 14,2025-11-23,238,Vanderbilt Commodores,VAN,FBS,Southeastern Conference,true,12,12,0,false,false,11,9
2025,regular,14,14,14,Week 14,2025-11-23,239,Baylor Bears,BAY,FBS,Big 12 Conference,false,,,,false,false,0,
2025,regular,14,14,14,Week 14,2025-11-23,242,Rice Owls,RICE,FBS,American Conference,false,,,,false,false,0,
2025,regular,14,14,14,Week 14,2025-11-23,245,Texas A&M Aggies,TA&M,FBS,Southeastern Conference,true,3,3,0,false,false,14,3
2025,regular,14,14,14,Week 14,2025-11-23,248,Houston Cougars,HOU,FBS,Big 12 Conference,false,,25,,false,true,2,22
2025,regular,14,14,14,Week 14,2025-11-23,249,North Texas Mean Green,UNT,FBS,American Conference,true,21,22,1,false,false,2,21
2025,regular,14,14,14,Week 14,2025-11-23,251,Texas Longhorns,TEX,FBS,Southeastern Conference,true,16,17,1,false,false,13,1
2025,regular,14,14,14,Week 14,2025-11-23,252,BYU Cougars,BYU,FBS,Big 12 Conference,true,11,11,0,false,false,10,8
2025,regular,14,14,14,Week 14,2025-11-23,254,Utah Utes,UTAH,FBS,Big 12 Conference,true,14,13,-1,false,false,9,13
2025,regular,14,14,14,Week 14,2025-11-23,256,James Madison Dukes,JMU,FBS,Sun Belt Conference,true,20,21,1,false,false,3,20
2025,regular,14,14,14,Week 14,2025-11-23,257,Richmond Spiders,RICH,FCS,Patriot League,false,,,,false,false,0,
2025,regular,14,14,14,Week 14,2025-11-23,258,Virginia Cavaliers,UVA,FBS,Atlantic Coast Conference,true,17,19,2,false,false,9,12
2025,regular,14,14,14,Week 14,2025-11-23,259,Virginia Tech Hokies,VT,FBS,Atlantic Coast Conference,false,,,,false,false,0,
2025,regular,14,14,14,Week 14,2025-11-23,264,Washington Huskies,WASH,FBS,Big Ten Conference,false,,,,false,false,1,24
2025,regular,14,14,14,Week 14,2025-11-23,265,Washington State Cougars,WSU,FBS,Pac-12 Conference,false,,,,false,false,0,
2025,regular,14,14,14,Week 14,2025-11-23,275,Wisconsin Badgers,WIS,FBS,Big Ten Conference,false,,,,false,false,0,
2025,regular,14,14,14,Week 14,2025-11-23,276,Marshall Thundering Herd,MRSH,FBS,Sun Belt Conference,false,,,,false,false,0,
2025,regular,14,14,14,Week 14,2025-11-23,277,West Virginia Mountaineers,WVU,FBS,Big 12 Conference,false,,,,false,false,0,
2025,regular,14,14,14,Week 14,2025-11-23,278,Fresno State Bulldogs,FRES,FBS,Mountain West Conference,false,,,,false,false,0,
2025,regular,14,14,14,Week 14,2025-11-23,282,Indiana State Sycamores,INST,FCS,Missouri Valley Football Conference,false,,,,false,false,0,
2025,regular,14,14,14,Week 14,2025-11-23,290,Georgia Southern Eagles,GASO,FBS,Sun Belt Conference,false,,,,false,false,0,
2025,regular,14,14,14,Week 14,2025-11-23,295,Old Dominion Monarchs,ODU,FBS,Sun Belt Conference,false,,,,false,false,0,
2025,regular,14,14,14,Week 14,2025-11-23,302,UC Davis Aggies,UCD,FCS,Big Sky Conference,false,,,,false,false,0,
2025,regular,14,14,14,Week 14,2025-11-23,304,Idaho State Bengals,IDST,FCS,Big Sky Conference,false,,,,false,false,0,
2025,regular,14,14,14,Week 14,2025-11-23,309,Louisiana Ragin' Cajuns,UL,FBS,Sun Belt Conference,false,,,,false,false,0,
2025,regular,14,14,14,Week 14,2025-11-23,311,Maine Black Bears,ME,FCS,Coastal Athletic Association,false,,,,false,false,0,
2025,regular,14,14,14,Week 14,2025-11-23,322,Lafayette Leopards,LAF,FCS,Patriot League,false,,,,false,false,0,
2025,regular,14,14,14,Week 14,2025-11-23,324,Coastal Carolina Chanticleers,CCU,FBS,Sun Belt Conference,false,,,,false,false,0,
2025,regular,14,14,14,Week 14,2025-11-23,326,Texas State Bobcats,TXST,FBS,Sun Belt Conference,false,,,,false,false,0,
2025,regular,14,14,14,Week 14,2025-11-23,328,Utah State Aggies,USU,FBS,Mountain West Conference,false,,,,false,false,0,
2025,regular,14,14,14,Week 14,2025-11-23,331,Eastern Washington Eagles,EWU,FCS,Big Sky Conference,false,,,,false,false,0,
2025,regular,14,14,14,Week 14,2025-11-23,333,Alabama Crimson Tide,ALA,FBS,Southeastern Conference,true,10,10,0,false,false,14,4
2025,regular,14,14,14,Week 14,2025-11-23,338,Kennesaw State Owls,KENN,FBS,Conference USA,false,,,,false,false,0,
2025,regular,14,14,14,Week 14,2025-11-23,344,Mississippi State Bulldogs,MSST,FBS,Southeastern Conference,false,,,,false,false,0,
2025,regular,14,14,14,Week 14,2025-11-23,349,Army Black Knights,ARMY,FBS,American Conference,false,,,,false,false,0,
2025,regular,14,14,14,Week 14,2025-11-23,356,Illinois Fighting Illini,ILL,FBS,Big Ten Conference,false,,,,false,false,8,9
2025,regular,14,14,14,Week 14,2025-11-23,399,UAlbany Great Danes,ALB,FCS,Coastal Athletic Association,false,,,,false,false,0,
2025,regular,14,14,14,Week 14,2025-11-23,2000,Abilene Christian Wildcats,ACU,FCS,United Athletic Conference,false,,,,false,false,0,
2025,regular,14,14,14,Week 14,2025-11-23,2005,Air Force Falcons,AFA,FBS,Mountain West Conference,false,,,,false,false,0,
2025,regular,14,14,14,Week 14,2025-11-23,2006,Akron Zips,AKR,FBS,Mid-American Conference,false,,,,false,false,0,
2025,regular,14,14,14,Week 14,2025-11-23,2010,Alabama A&M Bulldogs,AAMU,FCS,Southwestern Athletic Conference,false,,,,false,false,0,
2025,regular,14,14,14,Week 14,2025-11-23,2011,Alabama State Hornets,ALST,FCS,Southwestern Athletic Conference,false,,,,false,false,0,
2025,regular,14,14,14,Week 14,2025-11-23,2016,Alcorn State Braves,ALCN,FCS,Southwestern Athletic Conference,false,,,,false,false,0,
2025,regular,14,14,14,Week 14,2025-11-23,2026,App State Mountaineers,APP,FBS,Sun Belt Conference,false,,,,false,false,0,
2025,regular,14,14,14,Week 14,2025-11-23,2029,Arkansas-Pine Bluff Golden Lions,UAPB,FCS,Southwestern Athletic Conference,false,,,,false,false,0,
2025,regular,14,14,14,Week 14,2025-11-23,2032,Arkansas State Red Wolves,ARST,FBS,Sun Belt Conference,false,,,,false,false,0,
2025,regular,14,14,14,Week 14,2025-11-23,2046,Austin Peay Governors,APSU,FCS,United Athletic Conference,false,,,,false,false,0,
2025,regular,14,14,14,Week 14,2025-11-23,2050,Ball State Cardinals,BALL,FBS,Mid-American Conference,false,,,,false,false,0,
2025,regular,14,14,14,Week 14,2025-11-23,2065,Bethune-Cookman Wildcats,BCU,FCS,Southwestern Athletic Conference,false,,,,false,false,0,
2025,regular,14,14,14,Week 14,2025-11-23,2083,Bucknell Bison,BUCK,FCS,Patriot League,false,,,,false,false,0,
2025,regular,14,14,14,Week 14,2025-11-23,2084,Buffalo Bulls,BUFF,FBS,Mid-American Conference,false,,,,false,false,0,
2025,regular,14,14,14,Week 14,2025-11-23,2097,Campbell Fighting Camels,CAM,FCS,Coastal Athletic Association,false,,,,false,false,0,
2025,regular,14,14,14,Week 14,2025-11-23,2110,Central Arkansas Bears,CARK,FCS,United Athletic Conference,false,,,,false,false,0,
2025,regular,14,14,14,Week 14,2025-11-23,2115,Central Connecticut Blue Devils,CCSU,FCS,Northeast Conference,false,,,,false,false,0,
2025,regular,14,14,14,Week 14,2025-11-23,2116,UCF Knights,UCF,FBS,Big 12 Conference,false,,,,false,false,0,
2025,regular,14,14,14,Week 14,2025-11-23,2117,Central Michigan Chippewas,CMU,FBS,Mid-American Conference,false,,,,false,false,0,
2025,regular,14,14,14,Week 14,2025-11-23,2127,Charleston Southern Buccaneers,CHSO,FCS,Ohio Valley Conference,false,,,,false,false,0,
2025,regular,14,14,14,Week 14,2025-11-23,2132,Cincinnati Bearcats,CIN,FBS,Big 12 Conference,false,,,,false,false,5,17
2025,regular,14,14,14,Week 14,2025-11-23,2142,Colgate Raiders,COLG,FCS,Patriot League,false,,,,false,false,0,
2025,regular,14,14,14,Week 14,2025-11-23,2169,Delaware State Hornets,DSU,FCS,Mid-Eastern Athletic Conference,false,,,,false,false,0,
2025,regular,14,14,14,Week 14,2025-11-23,2184,Duquesne Dukes,DUQ,FCS,Northeast Conference,false,,,,false,false,0,
2025,regular,14,14,14,Week 14,2025-11-23,2193,East Tennessee State Buccaneers,ETSU,FCS,Southern Conference,false,,,,false,false,0,
2025,regular,14,14,14,Week 14,2025-11-23,2197,Eastern Illinois Panthers,EIU,FCS,Ohio Valley Conference,false,,,,false,false,0,
2025,regular,14,14,14,Week 14,2025-11-23,2198,Eastern Kentucky Colonels,EKU,FCS,United Athletic Conference,false,,,,false,false,0,
2025,regular,14,14,14,Week 14,2025-11-23,2199,Eastern Michigan Eagles,EMU,FBS,Mid-American Conference,false,,,,false,false,0,
2025,regular,14,14,14,Week 14,2025-11-23,2210,Elon Phoenix,ELON,FCS,Coastal Athletic Association,false,,,,false,false,0,
2025,regular,14,14,14,Week 14,2025-11-23,2226,Florida Atlantic Owls,FAU,FBS,American Conference,false,,,,false,false,0,
2025,regular,14,14,14,Week 14,2025-11-23,2229,Florida International Panthers,FIU,FBS,Conference USA,false,,,,false,false,0,
2025,regular,14,14,14,Week 14,2025-11-23,2230,Fordham Rams,FOR,FCS,Patriot League,false,,,,false,false,0,
2025,regular,14,14,14,Week 14,2025-11-23,2241,Gardner-Webb Runnin' Bulldogs,GWEB,FCS,Ohio Valley Conference,false,,,,false,false,0,
2025,regular,14,14,14,Week 14,2025-11-23,2247,Georgia State Panthers,GAST,FBS,Sun Belt Conference,false,,,,false,false,0,
2025,regular,14,14,14,Week 14,2025-11-23,2277,Houston Christian Huskies,HCU,FCS,Southland Conference,false,,,,false,false,0,
2025,regular,14,14,14,Week 14,2025-11-23,2287,Illinois State Redbirds,ILST,FCS,Missouri Valley Football Conference,false,,,,false,false,0,
2025,regular,14,14,14,Week 14,2025-11-23,2294,Iowa Hawkeyes,IOWA,FBS,Big Ten Conference,false,,,,false,false,0,
2025,regular,14,14,14,Week 14,2025-11-23,2296,Jackson State Tigers,JKST,FCS,Southwestern Athletic Conference,false,,,,false,false,0,
2025,regular,14,14,14,Week 14,2025-11-23,2305,Kansas Jayhawks,KU,FBS,Big 12 Conference,false,,,,false,false,0,
2025,regular,14,14,14,Week 14,2025-11-23,2306,Kansas State Wildcats,KSU,FBS,Big 12 Conference,false,,,,false,false,1,17
2025,regular,14,14,14,Week 14,2025-11-23,2309,Kent State Golden Flashes,KENT,FBS,Mid-American Conference,false,,,,false,false,0,
2025,regular,14,14,14,Week 14,2025-11-23,2320,Lamar Cardinals,LAM,FCS,Southland Conference,false,,,,false,false,0,
2025,regular,14,14,14,Week 14,2025-11-23,2335,Liberty Flames,LIB,FBS,Conference USA,false,,,,false,false,0,
2025,regular,14,14,14,Week 14,2025-11-23,2341,Long Island University Sharks,LIU,FCS,Northeast Conference,false,,,,false,false,0,
2025,regular,14,14,14,Week 14,2025-11-23,2348,Louisiana Tech Bulldogs,LT,FBS,Conference USA,false,,,,false,false,0,
2025,regular,14,14,14,Week 14,2025-11-23,2377,McNeese Cowboys,MCN,FCS,Southland Conference,false,,,,false,false,0,
2025,regular,14,14,14,Week 14,2025-11-23,2382,Mercer Bears,MER,FCS,Southern Conference,false,,,,false,false,0,
2025,regular,14,14,14,Week 14,2025-11-23,2385,Mercyhurst Lakers,MERC,FCS,Northeast Conference,false,,,,false,false,0,
2025,regular,14,14,14,Week 14,2025-11-23,2390,Miami Hurricanes,MIA,FBS,Atlantic Coast Conference,true,13,14,1,false,false,14,2
2025,regular,14,14,14,Week 14,2025-11-23,2393,Middle Tennessee Blue Raiders,MTSU,FBS,Conference USA,false,,,,false,false,0,
2025,regular,14,14,14,Week 14,2025-11-23,2405,Monmouth Hawks,MONM,FCS,Coastal Athletic Association,false,,,,false,false,0,
2025,regular,14,14,14,Week 14,2025-11-23,2415,Morgan State Bears,MORG,FCS,Mid-Eastern Athletic Conference,false,,,,false,false,0,
2025,regular,14,14,14,Week 14,2025-11-23,2426,Navy Midshipmen,NAVY,FBS,American Conference,false,,,,false,false,0,
2025,regular,14,14,14,Week 14,2025-11-23,2428,North Carolina Central Eagles,NCCU,FCS,Mid-Eastern Athletic Conference,false,,,,false,false,0,
2025,regular,14,14,14,Week 14,2025-11-23,2429,Charlotte 49ers,CLT,FBS,American Conference,false,,,,false,false,0,
2025,regular,14,14,14,Week 14,2025-11-23,2433,UL Monroe Warhawks,ULM,FBS,Sun Belt Conference,false,,,,false,false,0,
2025,regular,14,14,14,Week 14,2025-11-23,2439,UNLV Rebels,UNLV,FBS,Mountain West Conference,false,,,,false,false,0,
2025,regular,14,14,14,Week 14,2025-11-23,2440,Nevada Wolf Pack,NEV,FBS,Mountain West Conference,false,,,,false,false,0,
2025,regular,14,14,14,Week 14,2025-11-23,2447,Nicholls Colonels,NICH,FCS,Southland Conference,false,,,,false,false,0,
2025,regular,14,14,14,Week 14,2025-11-23,2448,North Carolina A&T Aggies,NCAT,FCS,Coastal Athletic Association,false,,,,false,false,0,
2025,regular,14,14,14,Week 14,2025-11-23,2449,North Dakota State Bison,NDSU,FCS,Missouri Valley Football Conference,false,,,,false,false,0,
2025,regular,14,14,14,Week 14,2025-11-23,2450,Norfolk State Spartans,NORF,FCS,Mid-Eastern Athletic Conference,false,,,,false,false,0,
2025,regular,14,14,14,Week 14,2025-11-23,2453,North Alabama Lions,UNA,FCS,United Athletic Conference,false,,,,false,false,0,
2025,regular,14,14,14,Week 14,2025-11-23,2458,Northern Colorado Bears,UNCO,FCS,Big Sky Conference,false,,,,false,false,0,
2025,regular,14,14,14,Week 14,2025-11-23,2459,Northern Illinois Huskies,NIU,FBS,Mid-American Conference,false,,,,false,false,0,
2025,regular,14,14,14,Week 14,2025-11-23,2460,Northern Iowa Panthers,UNI,FCS,Missouri Valley Football Conference,false,,,,false,false,0,
2025,regular,14,14,14,Week 14,2025-11-23,2464,Northern Arizona Lumberjacks,NAU,FCS,Big Sky Conference,false,,,,false,false,0,
2025,regular,14,14,14,Week 14,2025-11-23,2466,Northwestern State Demons,NWST,FCS,Southland Conference,false,,,,false,false,0,
2025,regular,14,14,14,Week 14,2025-11-23,2483,Oregon Ducks,ORE,FBS,Big Ten Conference,true,5,6,1,false,false,14,2
2025,regular,14,14,14,Week 14,2025-11-23,2502,Portland State Vikings,PRST,FCS,Big Sky Conference,false,,,,false,false,0,
2025,regular,14,14,14,Week 14,2025-11-23,2504,Prairie View A&M Panthers,PV,FCS,Southwestern Athletic Conference,false,,,,false,false,0,
2025,regular,14,14,14,Week 14,2025-11-23,2509,Purdue Boilermakers,PUR,FBS,Big Ten Conference,false,,,,false,false,0,
2025,regular,14,14,14,Week 14,2025-11-23,2523,Robert Morris Colonials,RMU,FCS,Northeast Conference,false,,,,false,false,0,
2025,regular,14,14,14,Week 14,2025-11-23,2534,Sam Houston Bearkats,SHSU,FBS,Conference USA,false,,,,false,false,0,
2025,regular,14,14,14,Week 14,2025-11-23,2535,Samford Bulldogs,SAM,FCS,Southern Conference,false,,,,false,false,0,
2025,regular,14,14,14,Week 14,2025-11-23,2545,SE Louisiana Lions,SELA,FCS,Southland Conference,false,,,,false,false,0,
2025,regular,14,14,14,Week 14,2025-11-23,2546,Southeast Missouri State Redhawks,SEMO,FCS,Ohio Valley Conference,false,,,,false,false,0,
2025,regular,14,14,14,Week 14,2025-11-23,2567,SMU Mustangs,SMU,FBS,Atlantic Coast Conference,true,25,,,true,false,3,16
2025,regular,14,14,14,Week 14,2025-11-23,2569,South Carolina State Bulldogs,SCST,FCS,Mid-Eastern Athletic Conference,false,,,,false,false,0,
2025,regular,14,14,14,Week 14,2025-11-23,2571,South Dakota State Jackrabbits,SDST,FCS,Missouri Valley Football Conference,false,,,,false,false,0,
2025,regular,14,14,14,Week 14,2025-11-23,2572,Southern Miss Golden Eagles,USM,FBS,Sun Belt Conference,false,,,,false,false,0,
2025,regular,14,14,14,Week 14,2025-11-23,2579,South Carolina Gamecocks,SC,FBS,Southeastern Conference,false,,,,false,false,3,10
2025,regular,14,14,14,Week 14,2025-11-23,2582,Southern Jaguars,SOU,FCS,Southwestern Athletic Conference,false,,,,false,false,0,
2025,regular,14,14,14,Week 14,2025-11-23,2598,Saint Francis Red Flash,SFPA,FCS,Northeast Conference,false,,,,false,false,0,
2025,regular,14,14,14,Week 14,2025-11-23,2617,Stephen F. Austin Lumberjacks,SFA,FCS,Southland Conference,false,,,,false,false,0,
2025,regular,14,14,14,Week 14,2025-11-23,2619,Stony Brook Seawolves,STBK,FCS,Coastal Athletic Association,false,,,,false,false,0,
2025,regular,14,14,14,Week 14,2025-11-23,2623,Missouri State Bears,MOST,FBS,Conference USA,false,,,,false,false,0,
2025,regular,14,14,14,Week 14,2025-11-23,2627,Tarleton State Texans,TAR,FCS,United Athletic Conference,false,,,,false,false,0,
2025,regular,14,14,14,Week 14,2025-11-23,2628,TCU Horned Frogs,TCU,FBS,Big 12 Conference,false,,,,false,false,1,24
2025,regular,14,14,14,Week 14,2025-11-23,2630,UT Martin Skyhawks,UTM,FCS,Ohio Valley Conference,false,,,,false,false,0,
2025,regular,14,14,14,Week 14,2025-11-23,2633,Tennessee Volunteers,TENN,FBS,Southeastern Conference,true,18,20,2,false,false,14,11
2025,regular,14,14,14,Week 14,2025-11-23,2634,Tennessee State Tigers,TNST,FCS,Ohio Valley Conference,false,,,,false,false,0,
2025,regular,14,14,14,Week 14,2025-11-23,2635,Tennessee Tech Golden Eagles,TNTC,FCS,Ohio Valley Conference,false,,,,false,false,0,
2025,regular,14,14,14,Week 14,2025-11-23,2636,UTSA Roadrunners,UTSA,FBS,American Conference,false,,,,false,false,0,
2025,regular,14,14,14,Week 14,2025-11-23,2638,UTEP Miners,UTEP,FBS,Conference USA,false,,,,false,false,0,
2025,regular,14,14,14,Week 14,2025-11-23,2640,Texas Southern Tigers,TXSO,FCS,Southwestern Athletic Conference,false,,,,false,false,0,
2025,regular,14,14,14,Week 14,2025-11-23,2641,Texas Tech Red Raiders,TTU,FBS,Big 12 Conference,true,7,6,-1,false,false,14,6
2025,regular,14,14,14,Week 14,2025-11-23,2643,The Citadel Bulldogs,CIT,FCS,Southern Conference,false,,,,false,false,0,
2025,regular,14,14,14,Week 14,2025-11-23,2649,Toledo Rockets,TOL,FBS,Mid-American Conference,false,,,,false,false,0,
2025,regular,14,14,14,Week 14,2025-11-23,2653,Troy Trojans,TROY,FBS,Sun Belt Conference,false,,,,false,false,0,
2025,regular,14,14,14,Week 14,2025-11-23,2655,Tulane Green Wave,TULN,FBS,American Conference,true,22,24,2,false,false,2,22
2025,regular,14,14,14,Week 14,2025-11-23,2678,VMI Keydets,VMI,FCS,Southern Conference,false,,,,false,false,0,
2025,regular,14,14,14,Week 14,2025-11-23,2681,Wagner Seahawks,WAG,FCS,Northeast Conference,false,,,,false,false,0,
2025,regular,14,14,14,Week 14,2025-11-23,2692,Weber State Wildcats,WEB,FCS,Big Sky Conference,false,,,,false,false,0,
2025,regular,14,14,14,Week 14,2025-11-23,2710,Western Illinois Leathernecks,WIU,FCS,Ohio Valley Conference,false,,,,false,false,0,
2025,regular,14,14,14,Week 14,2025-11-23,2711,Western Michigan Broncos,WMU,FBS,Mid-American Conference,false,,,,false,false,0,
2025,regular,14,14,14,Week 14,2025-11-23,2717,Western Carolina Catamounts,WCU,FCS,Southern Conference,false,,,,false,false,0,
2025,regular,14,14,14,Week 14,2025-11-23,2729,William & Mary Tribe,W&M,FCS,Coastal Athletic Association,false,,,,false,false,0,
2025,regular,14,14,14,Week 14,2025-11-23,2747,Wofford Terriers,WOF,FCS,Southern Conference,false,,,,false,false,0,
2025,regular,14,14,14,Week 14,2025-11-23,2751,Wyoming Cowboys,WYO,FBS,Mountain West Conference,false,,,,false,false,0,
2025,regular,14,14,14,Week 14,2025-11-23,2754,Youngstown State Penguins,YSU,FCS,Missouri Valley Football Conference,false,,,,false,false,0,
2025,regular,14,14,14,Week 14,2025-11-23,2755,Grambling Tigers,GRAM,FCS,Southwestern Athletic Conference,false,,,,false,false,0,
2025,regular,14,14,14,Week 14,2025-11-23,2771,Merrimack Warriors,MRMK,FCS,FCS Independents,false,,,,false,false,0,
2025,regular,14,14,14,Week 14,2025-11-23,2803,Bryant Bulldogs,BRY,FCS,Coastal Athletic Association,false,,,,false,false,0,
2025,regular,14,14,14,Week 14,2025-11-23,2815,Lindenwood Lions,LIN,FCS,Ohio Valley Conference,false,,,,false,false,0,
2025,regular,14,14,14,Week 14,2025-11-23,2837,East Texas A&M Lions,ETAM,FCS,Southland Conference,false,,,,false,false,0,
2025,regular,14,14,14,Week 14,2025-11-23,2900,St. Thomas-Minnesota Tommies,STMN,FCS,Pioneer Football League,false,,,,false,false,0,
2025,regular,14,14,14,Week 14,2025-11-23,2916,Incarnate Word Cardinals,UIW,FCS,Southland Conference,false,,,,false,false,0,
2025,regular,15,15,15,Week 15,2025-11-30,2,Auburn Tigers,AUB,FBS,Southeastern Conference,false,,,,false,false,2,22
2025,regular,15,15,15,Week 15,2025-11-30,5,UAB Blazers,UAB,FBS,American Conference,false,,,,false,false,0,
2025,regular,15,15,15,Week 15,2025-11-30,6,South Alabama Jaguars,USA,FBS,Sun Belt Conference,false,,,,false,false,0,
2025,regular,15,15,15,Week 15,2025-11-30,8,Arkansas Razorbacks,ARK,FBS,Southeastern Conference,false,,,,false,false,0,
2025,regular,15,15,15,Week 15,2025-11-30,9,Arizona State Sun Devils,ASU,FBS,Big 12 Conference,false,,,,false,false,5,11
2025,regular,15,15,15,Week 15,2025-11-30,12,Arizona Wildcats,ARIZ,FBS,Big 12 Conference,true,22,,,true,false,1,22
2025,regular,15,15,15,Week 15,2025-11-30,13,Cal Poly Mustangs,CP,FCS,Big Sky Conference,false,,,,false,false,0,
2025,regular,15,15,15,Week 15,2025-11-30,16,Sacramento State Hornets,SAC,FCS,Big Sky Conference,false,,,,false,false,0,
2025,regular,15,15,15,Week 15,2025-11-30,21,San Diego State Aztecs,SDSU,FBS,Mountain West Conference,false,,,,false,false,0,
2025,regular,15,15,15,Week 15,2025-11-30,23,San José State Spartans,SJSU,FBS,Mountain West Conference,false,,,,false,false,0,
2025,regular,15,15,15,Week 15,2025-11-30,24,Stanford Cardinal,STAN,FBS,Atlantic Coast Conference,false,,,,false,false,0,
2025,regular,15,15,15,Week 15,2025-11-30,25,California Golden Bears,CAL,FBS,Atlantic Coast Conference,false,,,,false,false,0,
2025,regular,15,15,15,Week 15,2025-11-30,26,UCLA Bruins,UCLA,FBS,Big Ten Conference,false,,,,false,false,0,
2025,regular,15,15,15,Week 15,2025-11-30,30,USC Trojans,USC,FBS,Big Ten Conference,true,17,19,2,false,false,9,16
2025,regular,15,15,15,Week 15,2025-11-30,36,Colorado State Rams,CSU,FBS,Mountain West Conference,false,,,,false,false,0,
2025,regular,15,15,15,Week 15,2025-11-30,38,Colorado Buffaloes,COLO,FBS,Big 12 Conference,false,,,,false,false,0,
2025,regular,15,15,15,Week 15,2025-11-30,41,UConn Huskies,CONN,FBS,FBS Independents,false,,,,false,false,0,
2025,regular,15,15,15,Week 15,2025-11-30,47,Howard Bison,HOW,FCS,Mid-Eastern Athletic Conference,false,,,,false,false,0,
2025,regular,15,15,15,Week 15,2025-11-30,48,Delaware Blue Hens,DEL,FBS,Conference USA,false,,,,false,false,0,
2025,regular,15,15,15,Week 15,2025-11-30,50,Florida A&M Rattlers,FAMU,FCS,Southwestern Athletic Conference,false,,,,false,false,0,
2025,regular,15,15,15,Week 15,2025-11-30,52,Florida State Seminoles,FSU,FBS,Atlantic Coast Conference,false,,,,false,false,6,7
2025,regular,15,15,15,Week 15,2025-11-30,55,Jacksonville State Gamecocks,JVST,FBS,Conference USA,false,,,,false,false,0,
2025,regular,15,15,15,Week 15,2025-11-30,57,Florida Gators,FLA,FBS,Southeastern Conference,false,,,,false,false,2,13
2025,regular,15,15,15,Week 15,2025-11-30,58,South Florida Bulls,USF,FBS,American Conference,false,,,,false,false,5,18
2025,regular,15,15,15,Week 15,2025-11-30,59,Georgia Tech Yellow Jackets,GT,FBS,Atlantic Coast Conference,true,24,23,-1,false,false,12,7
2025,regular,15,15,15,Week 15,2025-11-30,61,Georgia Bulldogs,UGA,FBS,Southeastern Conference,true,3,4,1,false,false,15,3
2025,regular,15,15,15,Week 15,2025-11-30,62,Hawai'i Rainbow Warriors,HAW,FBS,Mountain West Conference,false,,,,false,false,0,
2025,regular,15,15,15,Week 15,2025-11-30,66,Iowa State Cyclones,ISU,FBS,Big 12 Conference,false,,,,false,false,7,12
2025,regular,15,15,15,Week 15,2025-11-30,68,Boise State Broncos,BOIS,FBS,Mountain West Conference,false,,,,false,false,1,25
2025,regular,15,15,15,Week 15,2025-11-30,70,Idaho Vandals,IDHO,FCS,Big Sky Conference,false,,,,false,false,0,
2025,regular,15,15,15,Week 15,2025-11-30,77,Northwestern Wildcats,NU,FBS,Big Ten Conference,false,,,,false,false,0,
2025,regular,15,15,15,Week 15,2025-11-30,79,Southern Illinois Salukis,SIU,FCS,Missouri Valley Football Conference,false,,,,false,false,0,
2025,regular,15,15,15,Week 15,2025-11-30,84,Indiana Hoosiers,IU,FBS,Big Ten Conference,true,2,2,0,false,false,15,2
2025,regular,15,15,15,Week 15,2025-11-30,87,Notre Dame Fighting Irish,ND,FBS,FBS Independents,true,9,9,0,false,false,15,6
2025,regular,15,15,15,Week 15,2025-11-30,93,Murray State Racers,MUR,FCS,Missouri Valley Football Conference,false,,,,false,false,0,
2025,regular,15,15,15,Week 15,2025-11-30,96,Kentucky Wildcats,UK,FBS,Southeastern Conference,false,,,,false,false,0,
2025,regular,15,15,15,Week 15,2025-11-30,97,Louisville Cardinals,LOU,FBS,Atlantic Coast Conference,false,,,,false,false,4,14
2025,regular,15,15,15,Week 15,2025-11-30,98,Western Kentucky Hilltoppers,WKU,FBS,Conference USA,false,,,,false,false,0,
2025,regular,15,15,15,Week 15,2025-11-30,99,LSU Tigers,LSU,FBS,Southeastern Conference,false,,,,false,false,9,3
2025,regular,15,15,15,Week 15,2025-11-30,103,Boston College Eagles,BC,FBS,Atlantic Coast Conference,false,,,,false,false,0,
2025,regular,15,15,15,Week 15,2025-11-30,107,Holy Cross Crusaders,HC,FCS,Patriot League,false,,,,false,false,0,
2025,regular,15,15,15,Week 15,2025-11-30,113,Massachusetts Minutemen,MASS,FBS,Mid-American Conference,false,,,,false,false,0,
2025,regular,15,15,15,Week 15,2025-11-30,119,Towson Tigers,TOW,FCS,Coastal Athletic Association,false,,,,false,false,0,
2025,regular,15,15,15,Week 15,2025-11-30,120,Maryland Terrapins,MD,FBS,Big Ten Conference,false,,,,false,false,0,
2025,regular,15,15,15,Week 15,2025-11-30,127,Michigan State Spartans,MSU,FBS,Big Ten Conference,false,,,,false,false,0,
2025,regular,15,15,15,Week 15,2025-11-30,130,Michigan Wolverines,MICH,FBS,Big Ten Conference,true,18,15,-3,false,false,14,14
2025,regular,15,15,15,Week 15,2025-11-30,135,Minnesota Golden Gophers,MINN,FBS,Big Ten Conference,false,,,,false,false,0,
2025,regular,15,15,15,Week 15,2025-11-30,142,Missouri Tigers,MIZ,FBS,Southeastern Conference,true,25,,,true,false,11,14
2025,regular,15,15,15,Week 15,2025-11-30,145,Ole Miss Rebels,MISS,FBS,Southeastern Conference,true,6,6,0,false,false,15,4
2025,regular,15,15,15,Week 15,2025-11-30,147,Montana State Bobcats,MTST,FCS,Big Sky Conference,false,,,,false,false,0,
2025,regular,15,15,15,Week 15,2025-11-30,149,Montana Grizzlies,MONT,FCS,Big Sky Conference,false,,,,false,false,0,
2025,regular,15,15,15,Week 15,2025-11-30,150,Duke Blue Devils,DUKE,FBS,Atlantic Coast Conference,false,,,,false,false,0,
2025,regular,15,15,15,Week 15,2025-11-30,151,East Carolina Pirates,ECU,FBS,American Conference,false,,,,false,false,0,
2025,regular,15,15,15,Week 15,2025-11-30,152,NC State Wolfpack,NCSU,FBS,Atlantic Coast Conference,false,,,,false,false,0,
2025,regular,15,15,15,Week 15,2025-11-30,153,North Carolina Tar Heels,UNC,FBS,Atlantic Coast Conference,false,,,,false,false,0,
2025,regular,15,15,15,Week 15,2025-11-30,154,Wake Forest Demon Deacons,WAKE,FBS,Atlantic Coast Conference,false,,,,false,false,0,
2025,regular,15,15,15,Week 15,2025-11-30,155,North Dakota Fighting Hawks,UND,FCS,Missouri Valley Football Conference,false,,,,false,false,0,
2025,regular,15,15,15,Week 15,2025-11-30,158,Nebraska Cornhuskers,NEB,FBS,Big Ten Conference,false,,,,false,false,1,25
2025,regular,15,15,15,Week 15,2025-11-30,160,New Hampshire Wildcats,UNH,FCS,Coastal Athletic Association,false,,,,false,false,0,
2025,regular,15,15,15,Week 15,2025-11-30,164,Rutgers Scarlet Knights,RUTG,FBS,Big Ten Conference,false,,,,false,false,0,
2025,regular,15,15,15,Week 15,2025-11-30,166,New Mexico State Aggies,NMSU,FBS,Conference USA,false,,,,false,false,0,
2025,regular,15,15,15,Week 15,2025-11-30,167,New Mexico Lobos,UNM,FBS,Mountain West Conference,false,,,,false,false,0,
2025,regular,15,15,15,Week 15,2025-11-30,183,Syracuse Orange,SYR,FBS,Atlantic Coast Conference,false,,,,false,false,0,
2025,regular,15,15,15,Week 15,2025-11-30,189,Bowling Green Falcons,BGSU,FBS,Mid-American Conference,false,,,,false,false,0,
2025,regular,15,15,15,Week 15,2025-11-30,193,Miami (OH) RedHawks,M-OH,FBS,Mid-American Conference,false,,,,false,false,0,
2025,regular,15,15,15,Week 15,2025-11-30,194,Ohio State Buckeyes,OSU,FBS,Big Ten Conference,true,1,1,0,false,false,15,1
2025,regular,15,15,15,Week 15,2025-11-30,195,Ohio Bobcats,OHIO,FBS,Mid-American Conference,false,,,,false,false,0,
2025,regular,15,15,15,Week 15,2025-11-30,197,Oklahoma State Cowboys,OKST,FBS,Big 12 Conference,false,,,,false,false,0,
2025,regular,15,15,15,Week 15,2025-11-30,201,Oklahoma Sooners,OU,FBS,Southeastern Conference,true,8,8,0,false,false,15,5
2025,regular,15,15,15,Week 15,2025-11-30,202,Tulsa Golden Hurricane,TLSA,FBS,American Conference,false,,,,false,false,0,
2025,regular,15,15,15,Week 15,2025-11-30,204,Oregon State Beavers,ORST,FBS,Pac-12 Conference,false,,,,false,false,0,
2025,regular,15,15,15,Week 15,2025-11-30,213,Penn State Nittany Lions,PSU,FBS,Big Ten Conference,false,,,,false,false,6,2
2025,regular,15,15,15,Week 15,2025-11-30,218,Temple Owls,TEM,FBS,American Conference,false,,,,false,false,0,
2025,regular,15,15,15,Week 15,2025-11-30,221,Pittsburgh Panthers,PITT,FBS,Atlantic Coast Conference,false,,24,,false,true,2,23
2025,regular,15,15,15,Week 15,2025-11-30,222,Villanova Wildcats,VILL,FCS,Coastal Athletic Association,false,,,,false,false,0,
2025,regular,15,15,15,Week 15,2025-11-30,227,Rhode Island Rams,URI,FCS,Coastal Athletic Association,false,,,,false,false,0,
2025,regular,15,15,15,Week 15,2025-11-30,228,Clemson Tigers,CLEM,FBS,Atlantic Coast Conference,false,,,,false,false,3,4
2025,regular,15,15,15,Week 15,2025-11-30,231,Furman Paladins,FUR,FCS,Southern Conference,false,,,,false,false,0,
2025,regular,15,15,15,Week 15,2025-11-30,233,South Dakota Coyotes,SDAK,FCS,Missouri Valley Football Conference,false,,,,false,false,0,
2025,regular,15,15,15,Week 15,2025-11-30,235,Memphis Tigers,MEM,FBS,American Conference,false,,,,false,false,4,22
2025,regular,15,15,15,Week 15,2025-11-30,236,Chattanooga Mocs,UTC,FCS,Southern Conference,false,,,,false,false,0,
2025,regular,15,15,15,Week 15,2025-11-30,238,Vanderbilt Commodores,VAN,FBS,Southeastern Conference,true,13,12,-1,false,false,12,9
2025,regular,15,15,15,Week 15,2025-11-30,239,Baylor Bears,BAY,FBS,Big 12 Conference,false,,,,false,false,0,
2025,regular,15,15,15,Week 15,2025-11-30,242,Rice Owls,RICE,FBS,American Conference,false,,,,false,false,0,
2025,regular,15,15,15,Week 15,2025-11-30,245,Texas A&M Aggies,TA&M,FBS,Southeastern Conference,true,7,3,-4,false,false,15,3
2025,regular,15,15,15,Week 15,2025-11-30,248,Houston Cougars,HOU,FBS,Big 12 Conference,false,,,,false,false,2,22
2025,regular,15,15,15,Week 15,2025-11-30,249,North Texas Mean Green,UNT,FBS,American Conference,true,20,21,1,false,false,3,20
2025,regular,15,15,15,Week 15,2025-11-30,251,Texas Longhorns,TEX,FBS,Southeastern Conference,true,14,16,2,false,false,14,1
2025,regular,15,15,15,Week 15,2025-11-30,252,BYU Cougars,BYU,FBS,Big 12 Conference,true,11,11,0,false,false,11,8
2025,regular,15,15,15,Week 15,2025-11-30,254,Utah Utes,UTAH,FBS,Big 12 Conference,true,15,14,-1,false,false,10,13
2025,regular,15,15,15,Week 15,2025-11-30,256,James Madison Dukes,JMU,FBS,Sun Belt Conference,true,19,20,1,false,false,4,19
2025,regular,15,15,15,Week 15,2025-11-30,257,Richmond Spiders,RICH,FCS,Patriot League,false,,,,false,false,0,
2025,regular,15,15,15,Week 15,2025-11-30,258,Virginia Cavaliers,UVA,FBS,Atlantic Coast Conference,true,16,17,1,false,false,10,12
2025,regular,15,15,15,Week 15,2025-11-30,259,Virginia Tech Hokies,VT,FBS,Atlantic Coast Conference,false,,,,false,false,0,
2025,regular,15,15,15,Week 15,2025-11-30,264,Washington Huskies,WASH,FBS,Big Ten Conference,false,,,,false,false,1,24
2025,regular,15,15,15,Week 15,2025-11-30,265,Washington State Cougars,WSU,FBS,Pac-12 Conference,false,,,,false,false,0,
2025,regular,15,15,15,Week 15,2025-11-30,275,Wisconsin Badgers,WIS,FBS,Big Ten Conference,false,,,,false,false,0,
2025,regular,15,15,15,Week 15,2025-11-30,276,Marshall Thundering Herd,MRSH,FBS,Sun Belt Conference,false,,,,false,false,0,
2025,regular,15,15,15,Week 15,2025-11-30,277,West Virginia Mountaineers,WVU,FBS,Big 12 Conference,false,,,,false,false,0,
2025,regular,15,15,15,Week 15,2025-11-30,278,Fresno State Bulldogs,FRES,FBS,Mountain West Conference,false,,,,false,false,0,
2025,regular,15,15,15,Week 15,2025-11-30,282,Indiana State Sycamores,INST,FCS,Missouri Valley Football Conference,false,,,,false,false,0,
2025,regular,15,15,15,Week 15,2025-11-30,290,Georgia Southern Eagles,GASO,FBS,Sun Belt Conference,false,,,,false,false,0,
2025,regular,15,15,15,Week 15,2025-11-30,295,Old Dominion Monarchs,ODU,FBS,Sun Belt Conference,false,,,,false,false,0,
2025,regular,15,15,15,Week 15,2025-11-30,302,UC Davis Aggies,UCD,FCS,Big Sky Conference,false,,,,false,false,0,
2025,regular,15,15,15,Week 15,2025-11-30,304,Idaho State Bengals,IDST,FCS,Big Sky Conference,false,,,,false,false,0,
2025,regular,15,15,15,Week 15,2025-11-30,309,Louisiana Ragin' Cajuns,UL,FBS,Sun Belt Conference,false,,,,false,false,0,
2025,regular,15,15,15,Week 15,2025-11-30,311,Maine Black Bears,ME,FCS,Coastal Athletic Association,false,,,,false,false,0,
2025,regular,15,15,15,Week 15,2025-11-30,322,Lafayette Leopards,LAF,FCS,Patriot League,false,,,,false,false,0,
2025,regular,15,15,15,Week 15,2025-11-30,324,Coastal Carolina Chanticleers,CCU,FBS,Sun Belt Conference,false,,,,false,false,0,
2025,regular,15,15,15,Week 15,2025-11-30,326,Texas State Bobcats,TXST,FBS,Sun Belt Conference,false,,,,false,false,0,
2025,regular,15,15,15,Week 15,2025-11-30,328,Utah State Aggies,USU,FBS,Mountain West Conference,false,,,,false,false,0,
2025,regular,15,15,15,Week 15,2025-11-30,331,Eastern Washington Eagles,EWU,FCS,Big Sky Conference,false,,,,false,false,0,
2025,regular,15,15,15,Week 15,2025-11-30,333,Alabama Crimson Tide,ALA,FBS,Southeastern Conference,true,10,10,0,false,false,15,4
2025,regular,15,15,15,Week 15,2025-11-30,338,Kennesaw State Owls,KENN,FBS,Conference USA,false,,,,false,false,0,
2025,regular,15,15,15,Week 15,2025-11-30,344,Mississippi State Bulldogs,MSST,FBS,Southeastern Conference,false,,,,false,false,0,
2025,regular,15,15,15,Week 15,2025-11-30,349,Army Black Knights,ARMY,FBS,American Conference,false,,,,false,false,0,
2025,regular,15,15,15,Week 15,2025-11-30,356,Illinois Fighting Illini,ILL,FBS,Big Ten Conference,false,,,,false,false,8,9
2025,regular,15,15,15,Week 15,2025-11-30,399,UAlbany Great Danes,ALB,FCS,Coastal Athletic Association,false,,,,false,false,0,
2025,regular,15,15,15,Week 15,2025-11-30,2000,Abilene Christian Wildcats,ACU,FCS,United Athletic Conference,false,,,,false,false,0,
2025,regular,15,15,15,Week 15,2025-11-30,2005,Air Force Falcons,AFA,FBS,Mountain West Conference,false,,,,false,false,0,
2025,regular,15,15,15,Week 15,2025-11-30,2006,Akron Zips,AKR,FBS,Mid-American Conference,false,,,,false,false,0,
2025,regular,15,15,15,Week 15,2025-11-30,2010,Alabama A&M Bulldogs,AAMU,FCS,Southwestern Athletic Conference,false,,,,false,false,0,
2025,regular,15,15,15,Week 15,2025-11-30,2011,Alabama State Hornets,ALST,FCS,Southwestern Athletic Conference,false,,,,false,false,0,
2025,regular,15,15,15,Week 15,2025-11-30,2016,Alcorn State Braves,ALCN,FCS,Southwestern Athletic Conference,false,,,,false,false,0,
2025,regular,15,15,15,Week 15,2025-11-30,2026,App State Mountaineers,APP,FBS,Sun Belt Conference,false,,,,false,false,0,
2025,regular,15,15,15,Week 15,2025-11-30,2029,Arkansas-Pine Bluff Golden Lions,UAPB,FCS,Southwestern Athletic Conference,false,,,,false,false,0,
2025,regular,15,15,15,Week 15,2025-11-30,2032,Arkansas State Red Wolves,ARST,FBS,Sun Belt Conference,false,,,,false,false,0,
2025,regular,15,15,15,Week 15,2025-11-30,2046,Austin Peay Governors,APSU,FCS,United Athletic Conference,false,,,,false,false,0,
2025,regular,15,15,15,Week 15,2025-11-30,2050,Ball State Cardinals,BALL,FBS,Mid-American Conference,false,,,,false,false,0,
2025,regular,15,15,15,Week 15,2025-11-30,2065,Bethune-Cookman Wildcats,BCU,FCS,Southwestern Athletic Conference,false,,,,false,false,0,
2025,regular,15,15,15,Week 15,2025-11-30,2083,Bucknell Bison,BUCK,FCS,Patriot League,false,,,,false,false,0,
2025,regular,15,15,15,Week 15,2025-11-30,2084,Buffalo Bulls,BUFF,FBS,Mid-American Conference,false,,,,false,false,0,
2025,regular,15,15,15,Week 15,2025-11-30,2097,Campbell Fighting Camels,CAM,FCS,Coastal Athletic Association,false,,,,false,false,0,
2025,regular,15,15,15,Week 15,2025-11-30,2110,Central Arkansas Bears,CARK,FCS,United Athletic Conference,false,,,,false,false,0,
2025,regular,15,15,15,Week 15,2025-11-30,2115,Central Connecticut Blue Devils,CCSU,FCS,Northeast Conference,false,,,,false,false,0,
2025,regular,15,15,15,Week 15,2025-11-30,2116,UCF Knights,UCF,FBS,Big 12 Conference,false,,,,false,false,0,
2025,regular,15,15,15,Week 15,2025-11-30,2117,Central Michigan Chippewas,CMU,FBS,Mid-American Conference,false,,,,false,false,0,
2025,regular,15,15,15,Week 15,2025-11-30,2127,Charleston Southern Buccaneers,CHSO,FCS,Ohio Valley Conference,false,,,,false,false,0,
2025,regular,15,15,15,Week 15,2025-11-30,2132,Cincinnati Bearcats,CIN,FBS,Big 12 Conference,false,,,,false,false,5,17
2025,regular,15,15,15,Week 15,2025-11-30,2142,Colgate Raiders,COLG,FCS,Patriot League,false,,,,false,false,0,
2025,regular,15,15,15,Week 15,2025-11-30,2169,Delaware State Hornets,DSU,FCS,Mid-Eastern Athletic Conference,false,,,,false,false,0,
2025,regular,15,15,15,Week 15,2025-11-30,2184,Duquesne Dukes,DUQ,FCS,Northeast Conference,false,,,,false,false,0,
2025,regular,15,15,15,Week 15,2025-11-30,2193,East Tennessee State Buccaneers,ETSU,FCS,Southern Conference,false,,,,false,false,0,
2025,regular,15,15,15,Week 15,2025-11-30,2197,Eastern Illinois Panthers,EIU,FCS,Ohio Valley Conference,false,,,,false,false,0,
2025,regular,15,15,15,Week 15,2025-11-30,2198,Eastern Kentucky Colonels,EKU,FCS,United Athletic Conference,false,,,,false,false,0,
2025,regular,15,15,15,Week 15,2025-11-30,2199,Eastern Michigan Eagles,EMU,FBS,Mid-American Conference,false,,,,false,false,0,
2025,regular,15,15,15,Week 15,2025-11-30,2210,Elon Phoenix,ELON,FCS,Coastal Athletic Association,false,,,,false,false,0,
2025,regular,15,15,15,Week 15,2025-11-30,2226,Florida Atlantic Owls,FAU,FBS,American Conference,false,,,,false,false,0,
2025,regular,15,15,15,Week 15,2025-11-30,2229,Florida International Panthers,FIU,FBS,Conference USA,false,,,,false,false,0,
2025,regular,15,15,15,Week 15,2025-11-30,2230,Fordham Rams,FOR,FCS,Patriot League,false,,,,false,false,0,
2025,regular,15,15,15,Week 15,2025-11-30,2241,Gardner-Webb Runnin' Bulldogs,GWEB,FCS,Ohio Valley Conference,false,,,,false,false,0,
2025,regular,15,15,15,Week 15,2025-11-30,2247,Georgia State Panthers,GAST,FBS,Sun Belt Conference,false,,,,false,false,0,
2025,regular,15,15,15,Week 15,2025-11-30,2277,Houston Christian Huskies,HCU,FCS,Southland Conference,false,,,,false,false,0,
2025,regular,15,15,15,Week 15,2025-11-30,2287,Illinois State Redbirds,ILST,FCS,Missouri Valley Football Conference,false,,,,false,false,0,
2025,regular,15,15,15,Week 15,2025-11-30,2294,Iowa Hawkeyes,IOWA,FBS,Big Ten Conference,false,,,,false,false,0,
2025,regular,15,15,15,Week 15,2025-11-30,2296,Jackson State Tigers,JKST,FCS,Southwestern Athletic Conference,false,,,,false,false,0,
2025,regular,15,15,15,Week 15,2025-11-30,2305,Kansas Jayhawks,KU,FBS,Big 12 Conference,false,,,,false,false,0,
2025,regular,15,15,15,Week 15,2025-11-30,2306,Kansas State Wildcats,KSU,FBS,Big 12 Conference,false,,,,false,false,1,17
2025,regular,15,15,15,Week 15,2025-11-30,2309,Kent State Golden Flashes,KENT,FBS,Mid-American Conference,false,,,,false,false,0,
2025,regular,15,15,15,Week 15,2025-11-30,2320,Lamar Cardinals,LAM,FCS,Southland Conference,false,,,,false,false,0,
2025,regular,15,15,15,Week 15,2025-11-30,2335,Liberty Flames,LIB,FBS,Conference USA,false,,,,false,false,0,
2025,regular,15,15,15,Week 15,2025-11-30,2341,Long Island University Sharks,LIU,FCS,Northeast Conference,false,,,,false,false,0,
2025,regular,15,15,15,Week 15,2025-11-30,2348,Louisiana Tech Bulldogs,LT,FBS,Conference USA,false,,,,false,false,0,
2025,regular,15,15,15,Week 15,2025-11-30,2377,McNeese Cowboys,MCN,FCS,Southland Conference,false,,,,false,false,0,
2025,regular,15,15,15,Week 15,2025-11-30,2382,Mercer Bears,MER,FCS,Southern Conference,false,,,,false,false,0,
2025,regular,15,15,15,Week 15,2025-11-30,2385,Mercyhurst Lakers,MERC,FCS,Northeast Conference,false,,,,false,false,0,
2025,regular,15,15,15,Week 15,2025-11-30,2390,Miami Hurricanes,MIA,FBS,Atlantic Coast Conference,true,12,13,1,false,false,15,2
2025,regular,15,15,15,Week 15,2025-11-30,2393,Middle Tennessee Blue Raiders,MTSU,FBS,Conference USA,false,,,,false,false,0,
2025,regular,15,15,15,Week 15,2025-11-30,2405,Monmouth Hawks,MONM,FCS,Coastal Athletic Association,false,,,,false,false,0,
2025,regular,15,15,15,Week 15,2025-11-30,2415,Morgan State Bears,MORG,FCS,Mid-Eastern Athletic Conference,false,,,,false,false,0,
2025,regular,15,15,15,Week 15,2025-11-30,2426,Navy Midshipmen,NAVY,FBS,American Conference,true,23,,,true,false,1,23
2025,regular,15,15,15,Week 15,2025-11-30,2428,North Carolina Central Eagles,NCCU,FCS,Mid-Eastern Athletic Conference,false,,,,false,false,0,
2025,regular,15,15,15,Week 15,2025-11-30,2429,Charlotte 49ers,CLT,FBS,American Conference,false,,,,false,false,0,
2025,regular,15,15,15,Week 15,2025-11-30,2433,UL Monroe Warhawks,ULM,FBS,Sun Belt Conference,false,,,,false,false,0,
2025,regular,15,15,15,Week 15,2025-11-30,2439,UNLV Rebels,UNLV,FBS,Mountain West Conference,false,,,,false,false,0,
2025,regular,15,15,15,Week 15,2025-11-30,2440,Nevada Wolf Pack,NEV,FBS,Mountain West Conference,false,,,,false,false,0,
2025,regular,15,15,15,Week 15,2025-11-30,2447,Nicholls Colonels,NICH,FCS,Southland Conference,false,,,,false,false,0,
2025,regular,15,15,15,Week 15,2025-11-30,2448,North Carolina A&T Aggies,NCAT,FCS,Coastal Athletic Association,false,,,,false,false,0,
2025,regular,15,15,15,Week 15,2025-11-30,2449,North Dakota State Bison,NDSU,FCS,Missouri Valley Football Conference,false,,,,false,false,0,
2025,regular,15,15,15,Week 15,2025-11-30,2450,Norfolk State Spartans,NORF,FCS,Mid-Eastern Athletic Conference,false,,,,false,false,0,
2025,regular,15,15,15,Week 15,2025-11-30,2453,North Alabama Lions,UNA,FCS,United Athletic Conference,false,,,,false,false,0,
2025,regular,15,15,15,Week 15,2025-11-30,2458,Northern Colorado Bears,UNCO,FCS,Big Sky Conference,false,,,,false,false,0,
2025,regular,15,15,15,Week 15,2025-11-30,2459,Northern Illinois Huskies,NIU,FBS,Mid-American Conference,false,,,,false,false,0,
2025,regular,15,15,15,Week 15,2025-11-30,2460,Northern Iowa Panthers,UNI,FCS,Missouri Valley Football Conference,false,,,,false,false,0,
2025,regular,15,15,15,Week 15,2025-11-30,2464,Northern Arizona Lumberjacks,NAU,FCS,Big Sky Conference,false,,,,false,false,0,
2025,regular,15,15,15,Week 15,2025-11-30,2466,Northwestern State Demons,NWST,FCS,Southland Conference,false,,,,false,false,0,
2025,regular,15,15,15,Week 15,2025-11-30,2483,Oregon Ducks,ORE,FBS,Big Ten Conference,true,4,5,1,false,false,15,2
2025,regular,15,15,15,Week 15,2025-11-30,2502,Portland State Vikings,PRST,FCS,Big Sky Conference,false,,,,false,false,0,
2025,regular,15,15,15,Week 15,2025-11-30,2504,Prairie View A&M Panthers,PV,FCS,Southwestern Athletic Conference,false,,,,false,false,0,
2025,regular,15,15,15,Week 15,2025-11-30,2509,Purdue Boilermakers,PUR,FBS,Big Ten Conference,false,,,,false,false,0,
2025,regular,15,15,15,Week 15,2025-11-30,2523,Robert Morris Colonials,RMU,FCS,Northeast Conference,false,,,,false,false,0,
2025,regular,15,15,15,Week 15,2025-11-30,2534,Sam Houston Bearkats,SHSU,FBS,Conference USA,false,,,,false,false,0,
2025,regular,15,15,15,Week 15,2025-11-30,2535,Samford Bulldogs,SAM,FCS,Southern Conference,false,,,,false,false,0,
2025,regular,15,15,15,Week 15,2025-11-30,2545,SE Louisiana Lions,SELA,FCS,Southland Conference,false,,,,false,false,0,
2025,regular,15,15,15,Week 15,2025-11-30,2546,Southeast Missouri State Redhawks,SEMO,FCS,Ohio Valley Conference,false,,,,false,false,0,
2025,regular,15,15,15,Week 15,2025-11-30,2567,SMU Mustangs,SMU,FBS,Atlantic Coast Conference,false,,25,,false,true,3,16
2025,regular,15,15,15,Week 15,2025-11-30,2569,South Carolina State Bulldogs,SCST,FCS,Mid-Eastern Athletic Conference,false,,,,false,false,0,
2025,regular,15,15,15,Week 15,2025-11-30,2571,South Dakota State Jackrabbits,SDST,FCS,Missouri Valley Football Conference,false,,,,false,false,0,
2025,regular,15,15,15,Week 15,2025-11-30,2572,Southern Miss Golden Eagles,USM,FBS,Sun Belt Conference,false,,,,false,false,0,
2025,regular,15,15,15,Week 15,2025-11-30,2579,South Carolina Gamecocks,SC,FBS,Southeastern Conference,false,,,,false,false,3,10
2025,regular,15,15,15,Week 15,2025-11-30,2582,Southern Jaguars,SOU,FCS,Southwestern Athletic Conference,false,,,,false,false,0,
2025,regular,15,15,15,Week 15,2025-11-30,2598,Saint Francis Red Flash,SFPA,FCS,Northeast Conference,false,,,,false,false,0,
2025,regular,15,15,15,Week 15,2025-11-30,2617,Stephen F. Austin Lumberjacks,SFA,FCS,Southland Conference,false,,,,false,false,0,
2025,regular,15,15,15,Week 15,2025-11-30,2619,Stony Brook Seawolves,STBK,FCS,Coastal Athletic Association,false,,,,false,false,0,
2025,regular,15,15,15,Week 15,2025-11-30,2623,Missouri State Bears,MOST,FBS,Conference USA,false,,,,false,false,0,
2025,regular,15,15,15,Week 15,2025-11-30,2627,Tarleton State Texans,TAR,FCS,United Athletic Conference,false,,,,false,false,0,
2025,regular,15,15,15,Week 15,2025-11-30,2628,TCU Horned Frogs,TCU,FBS,Big 12 Conference,false,,,,false,false,1,24
2025,regular,15,15,15,Week 15,2025-11-30,2630,UT Martin Skyhawks,UTM,FCS,Ohio Valley Conference,false,,,,false,false,0,
2025,regular,15,15,15,Week 15,2025-11-30,2633,Tennessee Volunteers,TENN,FBS,Southeastern Conference,false,,18,,false,true,14,11
2025,regular,15,15,15,Week 15,2025-11-30,2634,Tennessee State Tigers,TNST,FCS,Ohio Valley Conference,false,,,,false,false,0,
2025,regular,15,15,15,Week 15,2025-11-30,2635,Tennessee Tech Golden Eagles,TNTC,FCS,Ohio Valley Conference,false,,,,false,false,0,
2025,regular,15,15,15,Week 15,2025-11-30,2636,UTSA Roadrunners,UTSA,FBS,American Conference,false,,,,false,false,0,
2025,regular,15,15,15,Week 15,2025-11-30,2638,UTEP Miners,UTEP,FBS,Conference USA,false,,,,false,false,0,
2025,regular,15,15,15,Week 15,2025-11-30,2640,Texas Southern Tigers,TXSO,FCS,Southwestern Athletic Conference,false,,,,false,false,0,
2025,regular,15,15,15,Week 15,2025-11-30,2641,Texas Tech Red Raiders,TTU,FBS,Big 12 Conference,true,5,7,2,false,false,15,5
2025,regular,15,15,15,Week 15,2025-11-30,2643,The Citadel Bulldogs,CIT,FCS,Southern Conference,false,,,,false,false,0,
2025,regular,15,15,15,Week 15,2025-11-30,2649,Toledo Rockets,TOL,FBS,Mid-American Conference,false,,,,false,false,0,
2025,regular,15,15,15,Week 15,2025-11-30,2653,Troy Trojans,TROY,FBS,Sun Belt Conference,false,,,,false,false,0,
2025,regular,15,15,15,Week 15,2025-11-30,2655,Tulane Green Wave,TULN,FBS,American Conference,true,21,22,1,false,false,3,21
2025,regular,15,15,15,Week 15,2025-11-30,2678,VMI Keydets,VMI,FCS,Southern Conference,false,,,,false,false,0,
2025,regular,15,15,15,Week 15,2025-11-30,2681,Wagner Seahawks,WAG,FCS,Northeast Conference,false,,,,false,false,0,
2025,regular,15,15,15,Week 15,2025-11-30,2692,Weber State Wildcats,WEB,FCS,Big Sky Conference,false,,,,false,false,0,
2025,regular,15,15,15,Week 15,2025-11-30,2710,Western Illinois Leathernecks,WIU,FCS,Ohio Valley Conference,false,,,,false,false,0,
2025,regular,15,15,15,Week 15,2025-11-30,2711,Western Michigan Broncos,WMU,FBS,Mid-American Conference,false,,,,false,false,0,
2025,regular,15,15,15,Week 15,2025-11-30,2717,Western Carolina Catamounts,WCU,FCS,Southern Conference,false,,,,false,false,0,
2025,regular,15,15,15,Week 15,2025-11-30,2729,William & Mary Tribe,W&M,FCS,Coastal Athletic Association,false,,,,false,false,0,
2025,regular,15,15,15,Week 15,2025-11-30,2747,Wofford Terriers,WOF,FCS,Southern Conference,false,,,,false,false,0,
2025,regular,15,15,15,Week 15,2025-11-30,2751,Wyoming Cowboys,WYO,FBS,Mountain West Conference,false,,,,false,false,0,
2025,regular,15,15,15,Week 15,2025-11-30,2754,Youngstown State Penguins,YSU,FCS,Missouri Valley Football Conference,false,,,,false,false,0,
2025,regular,15,15,15,Week 15,2025-11-30,2755,Grambling Tigers,GRAM,FCS,Southwestern Athletic Conference,false,,,,false,false,0,
2025,regular,15,15,15,Week 15,2025-11-30,2771,Merrimack Warriors,MRMK,FCS,FCS Independents,false,,,,false,false,0,
2025,regular,15,15,15,Week 15,2025-11-30,2803,Bryant Bulldogs,BRY,FCS,Coastal Athletic Association,false,,,,false,false,0,
2025,regular,15,15,15,Week 15,2025-11-30,2815,Lindenwood Lions,LIN,FCS,Ohio Valley Conference,false,,,,false,false,0,
2025,regular,15,15,15,Week 15,2025-11-30,2837,East Texas A&M Lions,ETAM,FCS,Southland Conference,false,,,,false,false,0,
2025,regular,15,15,15,Week 15,2025-11-30,2900,St. Thomas-Minnesota Tommies,STMN,FCS,Pioneer Football League,false,,,,false,false,0,
2025,regular,15,15,15,Week 15,2025-11-30,2916,Incarnate Word Cardinals,UIW,FCS,Southland Conference,false,,,,false,false,0,
2025,regular,16,16,16,Week 16,2025-12-07,2,Auburn Tigers,AUB,FBS,Southeastern Conference,false,,,,false,false,2,22
2025,regular,16,16,16,Week 16,2025-12-07,5,UAB Blazers,UAB,FBS,American Conference,false,,,,false,false,0,
2025,regular,16,16,16,Week 16,2025-12-07,6,South Alabama Jaguars,USA,FBS,Sun Belt Conference,false,,,,false,false,0,
2025,regular,16,16,16,Week 16,2025-12-07,8,Arkansas Razorbacks,ARK,FBS,Southeastern Conference,false,,,,false,false,0,
2025,regular,16,16,16,Week 16,2025-12-07,9,Arizona State Sun Devils,ASU,FBS,Big 12 Conference,false,,,,false,false,5,11
2025,regular,16,16,16,Week 16,2025-12-07,12,Arizona Wildcats,ARIZ,FBS,Big 12 Conference,true,21,22,1,false,false,2,21
2025,regular,16,16,16,Week 16,2025-12-07,13,Cal Poly Mustangs,CP,FCS,Big Sky Conference,false,,,,false,false,0,
2025,regular,16,16,16,Week 16,2025-12-07,16,Sacramento State Hornets,SAC,FCS,Big Sky Conference,false,,,,false,false,0,
2025,regular,16,16,16,Week 16,2025-12-07,21,San Diego State Aztecs,SDSU,FBS,Mountain West Conference,false,,,,false,false,0,
2025,regular,16,16,16,Week 16,2025-12-07,23,San José State Spartans,SJSU,FBS,Mountain West Conference,false,,,,false,false,0,
2025,regular,16,16,16,Week 16,2025-12-07,24,Stanford Cardinal,STAN,FBS,Atlantic Coast Conference,false,,,,false,false,0,
2025,regular,16,16,16,Week 16,2025-12-07,25,California Golden Bears,CAL,FBS,Atlantic Coast Conference,false,,,,false,false,0,
2025,regular,16,16,16,Week 16,2025-12-07,26,UCLA Bruins,UCLA,FBS,Big Ten Conference,false,,,,false,false,0,
2025,regular,16,16,16,Week 16,2025-12-07,30,USC Trojans,USC,FBS,Big Ten Conference,true,16,17,1,false,false,10,16
2025,regular,16,16,16,Week 16,2025-12-07,36,Colorado State Rams,CSU,FBS,Mountain West Conference,false,,,,false,false,0,
2025,regular,16,16,16,Week 16,2025-12-07,38,Colorado Buffaloes,COLO,FBS,Big 12 Conference,false,,,,false,false,0,
2025,regular,16,16,16,Week 16,2025-12-07,41,UConn Huskies,CONN,FBS,FBS Independents,false,,,,false,false,0,
2025,regular,16,16,16,Week 16,2025-12-07,47,Howard Bison,HOW,FCS,Mid-Eastern Athletic Conference,false,,,,false,false,0,
2025,regular,16,16,16,Week 16,2025-12-07,48,Delaware Blue Hens,DEL,FBS,Conference USA,false,,,,false,false,0,
2025,regular,16,16,16,Week 16,2025-12-07,50,Florida A&M Rattlers,FAMU,FCS,Southwestern Athletic Conference,false,,,,false,false,0,
2025,regular,16,16,16,Week 16,2025-12-07,52,Florida State Seminoles,FSU,FBS,Atlantic Coast Conference,false,,,,false,false,6,7
2025,regular,16,16,16,Week 16,2025-12-07,55,Jacksonville State Gamecocks,JVST,FBS,Conference USA,false,,,,false,false,0,
2025,regular,16,16,16,Week 16,2025-12-07,57,Florida Gators,FLA,FBS,Southeastern Conference,false,,,,false,false,2,13
2025,regular,16,16,16,Week 16,2025-12-07,58,South Florida Bulls,USF,FBS,American Conference,false,,,,false,false,5,18
2025,regular,16,16,16,Week 16,2025-12-07,59,Georgia Tech Yellow Jackets,GT,FBS,Atlantic Coast Conference,true,24,24,0,false,false,13,7
2025,regular,16,16,16,Week 16,2025-12-07,61,Georgia Bulldogs,UGA,FBS,Southeastern Conference,true,2,3,1,false,false,16,2
2025,regular,16,16,16,Week 16,2025-12-07,62,Hawai'i Rainbow Warriors,HAW,FBS,Mountain West Conference,false,,,,false,false,0,
2025,regular,16,16,16,Week 16,2025-12-07,66,Iowa State Cyclones,ISU,FBS,Big 12 Conference,false,,,,false,false,7,12
2025,regular,16,16,16,Week 16,2025-12-07,68,Boise State Broncos,BOIS,FBS,Mountain West Conference,false,,,,false,false,1,25
2025,regular,16,16,16,Week 16,2025-12-07,70,Idaho Vandals,IDHO,FCS,Big Sky Conference,false,,,,false,false,0,
2025,regular,16,16,16,Week 16,2025-12-07,77,Northwestern Wildcats,NU,FBS,Big Ten Conference,false,,,,false,false,0,
2025,regular,16,16,16,Week 16,2025-12-07,79,Southern Illinois Salukis,SIU,FCS,Missouri Valley Football Conference,false,,,,false,false,0,
2025,regular,16,16,16,Week 16,2025-12-07,84,Indiana Hoosiers,IU,FBS,Big Ten Conference,true,1,2,1,false,false,16,1
2025,regular,16,16,16,Week 16,2025-12-07,87,Notre Dame Fighting Irish,ND,FBS,FBS Independents,true,9,9,0,false,false,16,6
2025,regular,16,16,16,Week 16,2025-12-07,93,Murray State Racers,MUR,FCS,Missouri Valley Football Conference,false,,,,false,false,0,
2025,regular,16,16,16,Week 16,2025-12-07,96,Kentucky Wildcats,UK,FBS,Southeastern Conference,false,,,,false,false,0,
2025,regular,16,16,16,Week 16,2025-12-07,97,Louisville Cardinals,LOU,FBS,Atlantic Coast Conference,false,,,,false,false,4,14
2025,regular,16,16,16,Week 16,2025-12-07,98,Western Kentucky Hilltoppers,WKU,FBS,Conference USA,false,,,,false,false,0,
2025,regular,16,16,16,Week 16,2025-12-07,99,LSU Tigers,LSU,FBS,Southeastern Conference,false,,,,false,false,9,3
2025,regular,16,16,16,Week 16,2025-12-07,103,Boston College Eagles,BC,FBS,Atlantic Coast Conference,false,,,,false,false,0,
2025,regular,16,16,16,Week 16,2025-12-07,107,Holy Cross Crusaders,HC,FCS,Patriot League,false,,,,false,false,0,
2025,regular,16,16,16,Week 16,2025-12-07,113,Massachusetts Minutemen,MASS,FBS,Mid-American Conference,false,,,,false,false,0,
2025,regular,16,16,16,Week 16,2025-12-07,119,Towson Tigers,TOW,FCS,Coastal Athletic Association,false,,,,false,false,0,
2025,regular,16,16,16,Week 16,2025-12-07,120,Maryland Terrapins,MD,FBS,Big Ten Conference,false,,,,false,false,0,
2025,regular,16,16,16,Week 16,2025-12-07,127,Michigan State Spartans,MSU,FBS,Big Ten Conference,false,,,,false,false,0,
2025,regular,16,16,16,Week 16,2025-12-07,130,Michigan Wolverines,MICH,FBS,Big Ten Conference,true,18,18,0,false,false,15,14
2025,regular,16,16,16,Week 16,2025-12-07,135,Minnesota Golden Gophers,MINN,FBS,Big Ten Conference,false,,,,false,false,0,
2025,regular,16,16,16,Week 16,2025-12-07,142,Missouri Tigers,MIZ,FBS,Southeastern Conference,true,25,25,0,false,false,12,14
2025,regular,16,16,16,Week 16,2025-12-07,145,Ole Miss Rebels,MISS,FBS,Southeastern Conference,true,6,6,0,false,false,16,4
2025,regular,16,16,16,Week 16,2025-12-07,147,Montana State Bobcats,MTST,FCS,Big Sky Conference,false,,,,false,false,0,
2025,regular,16,16,16,Week 16,2025-12-07,149,Montana Grizzlies,MONT,FCS,Big Sky Conference,false,,,,false,false,0,
2025,regular,16,16,16,Week 16,2025-12-07,150,Duke Blue Devils,DUKE,FBS,Atlantic Coast Conference,false,,,,false,false,0,
2025,regular,16,16,16,Week 16,2025-12-07,151,East Carolina Pirates,ECU,FBS,American Conference,false,,,,false,false,0,
2025,regular,16,16,16,Week 16,2025-12-07,152,NC State Wolfpack,NCSU,FBS,Atlantic Coast Conference,false,,,,false,false,0,
2025,regular,16,16,16,Week 16,2025-12-07,153,North Carolina Tar Heels,UNC,FBS,Atlantic Coast Conference,false,,,,false,false,0,
2025,regular,16,16,16,Week 16,2025-12-07,154,Wake Forest Demon Deacons,WAKE,FBS,Atlantic Coast Conference,false,,,,false,false,0,
2025,regular,16,16,16,Week 16,2025-12-07,155,North Dakota Fighting Hawks,UND,FCS,Missouri Valley Football Conference,false,,,,false,false,0,
2025,regular,16,16,16,Week 16,2025-12-07,158,Nebraska Cornhuskers,NEB,FBS,Big Ten Conference,false,,,,false,false,1,25
2025,regular,16,16,16,Week 16,2025-12-07,160,New Hampshire Wildcats,UNH,FCS,Coastal Athletic Association,false,,,,false,false,0,
2025,regular,16,16,16,Week 16,2025-12-07,164,Rutgers Scarlet Knights,RUTG,FBS,Big Ten Conference,false,,,,false,false,0,
2025,regular,16,16,16,Week 16,2025-12-07,166,New Mexico State Aggies,NMSU,FBS,Conference USA,false,,,,false,false,0,
2025,regular,16,16,16,Week 16,2025-12-07,167,New Mexico Lobos,UNM,FBS,Mountain West Conference,false,,,,false,false,0,
2025,regular,16,16,16,Week 16,2025-12-07,183,Syracuse Orange,SYR,FBS,Atlantic Coast Conference,false,,,,false,false,0,
2025,regular,16,16,16,Week 16,2025-12-07,189,Bowling Green Falcons,BGSU,FBS,Mid-American Conference,false,,,,false,false,0,
2025,regular,16,16,16,Week 16,2025-12-07,193,Miami (OH) RedHawks,M-OH,FBS,Mid-American Conference,false,,,,false,false,0,
2025,regular,16,16,16,Week 16,2025-12-07,194,Ohio State Buckeyes,OSU,FBS,Big Ten Conference,true,3,1,-2,false,false,16,1
2025,regular,16,16,16,Week 16,2025-12-07,195,Ohio Bobcats,OHIO,FBS,Mid-American Conference,false,,,,false,false,0,
2025,regular,16,16,16,Week 16,2025-12-07,197,Oklahoma State Cowboys,OKST,FBS,Big 12 Conference,false,,,,false,false,0,
2025,regular,16,16,16,Week 16,2025-12-07,201,Oklahoma Sooners,OU,FBS,Southeastern Conference,true,8,8,0,false,false,16,5
2025,regular,16,16,16,Week 16,2025-12-07,202,Tulsa Golden Hurricane,TLSA,FBS,American Conference,false,,,,false,false,0,
2025,regular,16,16,16,Week 16,2025-12-07,204,Oregon State Beavers,ORST,FBS,Pac-12 Conference,false,,,,false,false,0,
2025,regular,16,16,16,Week 16,2025-12-07,213,Penn State Nittany Lions,PSU,FBS,Big Ten Conference,false,,,,false,false,6,2
2025,regular,16,16,16,Week 16,2025-12-07,218,Temple Owls,TEM,FBS,American Conference,false,,,,false,false,0,
2025,regular,16,16,16,Week 16,2025-12-07,221,Pittsburgh Panthers,PITT,FBS,Atlantic Coast Conference,false,,,,false,false,2,23
2025,regular,16,16,16,Week 16,2025-12-07,222,Villanova Wildcats,VILL,FCS,Coastal Athletic Association,false,,,,false,false,0,
2025,regular,16,16,16,Week 16,2025-12-07,227,Rhode Island Rams,URI,FCS,Coastal Athletic Association,false,,,,false,false,0,
2025,regular,16,16,16,Week 16,2025-12-07,228,Clemson Tigers,CLEM,FBS,Atlantic Coast Conference,false,,,,false,false,3,4
2025,regular,16,16,16,Week 16,2025-12-07,231,Furman Paladins,FUR,FCS,Southern Conference,false,,,,false,false,0,
2025,regular,16,16,16,Week 16,2025-12-07,233,South Dakota Coyotes,SDAK,FCS,Missouri Valley Football Conference,false,,,,false,false,0,
2025,regular,16,16,16,Week 16,2025-12-07,235,Memphis Tigers,MEM,FBS,American Conference,false,,,,false,false,4,22
2025,regular,16,16,16,Week 16,2025-12-07,236,Chattanooga Mocs,UTC,FCS,Southern Conference,false,,,,false,false,0,
2025,regular,16,16,16,Week 16,2025-12-07,238,Vanderbilt Commodores,VAN,FBS,Southeastern Conference,true,13,13,0,false,false,13,9
2025,regular,16,16,16,Week 16,2025-12-07,239,Baylor Bears,BAY,FBS,Big 12 Conference,false,,,,false,false,0,
2025,regular,16,16,16,Week 16,2025-12-07,242,Rice Owls,RICE,FBS,American Conference,false,,,,false,false,0,
2025,regular,16,16,16,Week 16,2025-12-07,245,Texas A&M Aggies,TA&M,FBS,Southeastern Conference,true,7,7,0,false,false,16,3
2025,regular,16,16,16,Week 16,2025-12-07,248,Houston Cougars,HOU,FBS,Big 12 Conference,false,,,,false,false,2,22
2025,regular,16,16,16,Week 16,2025-12-07,249,North Texas Mean Green,UNT,FBS,American Conference,true,23,20,-3,false,false,4,20
2025,regular,16,16,16,Week 16,2025-12-07,251,Texas Longhorns,TEX,FBS,Southeastern Conference,true,14,14,0,false,false,15,1
2025,regular,16,16,16,Week 16,2025-12-07,252,BYU Cougars,BYU,FBS,Big 12 Conference,true,12,11,-1,false,false,12,8
2025,regular,16,16,16,Week 16,2025-12-07,254,Utah Utes,UTAH,FBS,Big 12 Conference,true,15,15,0,false,false,11,13
2025,regular,16,16,16,Week 16,2025-12-07,256,James Madison Dukes,JMU,FBS,Sun Belt Conference,true,19,19,0,false,false,5,19
2025,regular,16,16,16,Week 16,2025-12-07,257,Richmond Spiders,RICH,FCS,Patriot League,false,,,,false,false,0,
2025,regular,16,16,16,Week 16,2025-12-07,258,Virginia Cavaliers,UVA,FBS,Atlantic Coast Conference,true,20,16,-4,false,false,11,12
2025,regular,16,16,16,Week 16,2025-12-07,259,Virginia Tech Hokies,VT,FBS,Atlantic Coast Conference,false,,,,false,false,0,
2025,regular,16,16,16,Week 16,2025-12-07,264,Washington Huskies,WASH,FBS,Big Ten Conference,false,,,,false,false,1,24
2025,regular,16,16,16,Week 16,2025-12-07,265,Washington State Cougars,WSU,FBS,Pac-12 Conference,false,,,,false,false,0,
2025,regular,16,16,16,Week 16,2025-12-07,275,Wisconsin Badgers,WIS,FBS,Big Ten Conference,false,,,,false,false,0,
2025,regular,16,16,16,Week 16,2025-12-07,276,Marshall Thundering Herd,MRSH,FBS,Sun Belt Conference,false,,,,false,false,0,
2025,regular,16,16,16,Week 16,2025-12-07,277,West Virginia Mountaineers,WVU,FBS,Big 12 Conference,false,,,,false,false,0,
2025,regular,16,16,16,Week 16,2025-12-07,278,Fresno State Bulldogs,FRES,FBS,Mountain West Conference,false,,,,false,false,0,
2025,regular,16,16,16,Week 16,2025-12-07,282,Indiana State Sycamores,INST,FCS,Missouri Valley Football Conference,false,,,,false,false,0,
2025,regular,16,16,16,Week 16,2025-12-07,290,Georgia Southern Eagles,GASO,FBS,Sun Belt Conference,false,,,,false,false,0,
2025,regular,16,16,16,Week 16,2025-12-07,295,Old Dominion Monarchs,ODU,FBS,Sun Belt Conference,false,,,,false,false,0,
2025,regular,16,16,16,Week 16,2025-12-07,302,UC Davis Aggies,UCD,FCS,Big Sky Conference,false,,,,false,false,0,
2025,regular,16,16,16,Week 16,2025-12-07,304,Idaho State Bengals,IDST,FCS,Big Sky Conference,false,,,,false,false,0,
2025,regular,16,16,16,Week 16,2025-12-07,309,Louisiana Ragin' Cajuns,UL,FBS,Sun Belt Conference,false,,,,false,false,0,
2025,regular,16,16,16,Week 16,2025-12-07,311,Maine Black Bears,ME,FCS,Coastal Athletic Association,false,,,,false,false,0,
2025,regular,16,16,16,Week 16,2025-12-07,322,Lafayette Leopards,LAF,FCS,Patriot League,false,,,,false,false,0,
2025,regular,16,16,16,Week 16,2025-12-07,324,Coastal Carolina Chanticleers,CCU,FBS,Sun Belt Conference,false,,,,false,false,0,
2025,regular,16,16,16,Week 16,2025-12-07,326,Texas State Bobcats,TXST,FBS,Sun Belt Conference,false,,,,false,false,0,
2025,regular,16,16,16,Week 16,2025-12-07,328,Utah State Aggies,USU,FBS,Mountain West Conference,false,,,,false,false,0,
2025,regular,16,16,16,Week 16,2025-12-07,331,Eastern Washington Eagles,EWU,FCS,Big Sky Conference,false,,,,false,false,0,
2025,regular,16,16,16,Week 16,2025-12-07,333,Alabama Crimson Tide,ALA,FBS,Southeastern Conference,true,11,10,-1,false,false,16,4
2025,regular,16,16,16,Week 16,2025-12-07,338,Kennesaw State Owls,KENN,FBS,Conference USA,false,,,,false,false,0,
2025,regular,16,16,16,Week 16,2025-12-07,344,Mississippi State Bulldogs,MSST,FBS,Southeastern Conference,false,,,,false,false,0,
2025,regular,16,16,16,Week 16,2025-12-07,349,Army Black Knights,ARMY,FBS,American Conference,false,,,,false,false,0,
2025,regular,16,16,16,Week 16,2025-12-07,356,Illinois Fighting Illini,ILL,FBS,Big Ten Conference,false,,,,false,false,8,9
2025,regular,16,16,16,Week 16,2025-12-07,399,UAlbany Great Danes,ALB,FCS,Coastal Athletic Association,false,,,,false,false,0,
2025,regular,16,16,16,Week 16,2025-12-07,2000,Abilene Christian Wildcats,ACU,FCS,United Athletic Conference,false,,,,false,false,0,
2025,regular,16,16,16,Week 16,2025-12-07,2005,Air Force Falcons,AFA,FBS,Mountain West Conference,false,,,,false,false,0,
2025,regular,16,16,16,Week 16,2025-12-07,2006,Akron Zips,AKR,FBS,Mid-American Conference,false,,,,false,false,0,
2025,regular,16,16,16,Week 16,2025-12-07,2010,Alabama A&M Bulldogs,AAMU,FCS,Southwestern Athletic Conference,false,,,,false,false,0,
2025,regular,16,16,16,Week 16,2025-12-07,2011,Alabama State Hornets,ALST,FCS,Southwestern Athletic Conference,false,,,,false,false,0,
2025,regular,16,16,16,Week 16,2025-12-07,2016,Alcorn State Braves,ALCN,FCS,Southwestern Athletic Conference,false,,,,false,false,0,
2025,regular,16,16,16,Week 16,2025-12-07,2026,App State Mountaineers,APP,FBS,Sun Belt Conference,false,,,,false,false,0,
2025,regular,16,16,16,Week 16,2025-12-07,2029,Arkansas-Pine Bluff Golden Lions,UAPB,FCS,Southwestern Athletic Conference,false,,,,false,false,0,
2025,regular,16,16,16,Week 16,2025-12-07,2032,Arkansas State Red Wolves,ARST,FBS,Sun Belt Conference,false,,,,false,false,0,
2025,regular,16,16,16,Week 16,2025-12-07,2046,Austin Peay Governors,APSU,FCS,United Athletic Conference,false,,,,false,false,0,
2025,regular,16,16,16,Week 16,2025-12-07,2050,Ball State Cardinals,BALL,FBS,Mid-American Conference,false,,,,false,false,0,
2025,regular,16,16,16,Week 16,2025-12-07,2065,Bethune-Cookman Wildcats,BCU,FCS,Southwestern Athletic Conference,false,,,,false,false,0,
2025,regular,16,16,16,Week 16,2025-12-07,2083,Bucknell Bison,BUCK,FCS,Patriot League,false,,,,false,false,0,
2025,regular,16,16,16,Week 16,2025-12-07,2084,Buffalo Bulls,BUFF,FBS,Mid-American Conference,false,,,,false,false,0,
2025,regular,16,16,16,Week 16,2025-12-07,2097,Campbell Fighting Camels,CAM,FCS,Coastal Athletic Association,false,,,,false,false,0,
2025,regular,16,16,16,Week 16,2025-12-07,2110,Central Arkansas Bears,CARK,FCS,United Athletic Conference,false,,,,false,false,0,
2025,regular,16,16,16,Week 16,2025-12-07,2115,Central Connecticut Blue Devils,CCSU,FCS,Northeast Conference,false,,,,false,false,0,
2025,regular,16,16,16,Week 16,2025-12-07,2116,UCF Knights,UCF,FBS,Big 12 Conference,false,,,,false,false,0,
2025,regular,16,16,16,Week 16,2025-12-07,2117,Central Michigan Chippewas,CMU,FBS,Mid-American Conference,false,,,,false,false,0,
2025,regular,16,16,16,Week 16,2025-12-07,2127,Charleston Southern Buccaneers,CHSO,FCS,Ohio Valley Conference,false,,,,false,false,0,
2025,regular,16,16,16,Week 16,2025-12-07,2132,Cincinnati Bearcats,CIN,FBS,Big 12 Conference,false,,,,false,false,5,17
2025,regular,16,16,16,Week 16,2025-12-07,2142,Colgate Raiders,COLG,FCS,Patriot League,false,,,,false,false,0,
2025,regular,16,16,16,Week 16,2025-12-07,2169,Delaware State Hornets,DSU,FCS,Mid-Eastern Athletic Conference,false,,,,false,false,0,
2025,regular,16,16,16,Week 16,2025-12-07,2184,Duquesne Dukes,DUQ,FCS,Northeast Conference,false,,,,false,false,0,
2025,regular,16,16,16,Week 16,2025-12-07,2193,East Tennessee State Buccaneers,ETSU,FCS,Southern Conference,false,,,,false,false,0,
2025,regular,16,16,16,Week 16,2025-12-07,2197,Eastern Illinois Panthers,EIU,FCS,Ohio Valley Conference,false,,,,false,false,0,
2025,regular,16,16,16,Week 16,2025-12-07,2198,Eastern Kentucky Colonels,EKU,FCS,United Athletic Conference,false,,,,false,false,0,
2025,regular,16,16,16,Week 16,2025-12-07,2199,Eastern Michigan Eagles,EMU,FBS,Mid-American Conference,false,,,,false,false,0,
2025,regular,16,16,16,Week 16,2025-12-07,2210,Elon Phoenix,ELON,FCS,Coastal Athletic Association,false,,,,false,false,0,
2025,regular,16,16,16,Week 16,2025-12-07,2226,Florida Atlantic Owls,FAU,FBS,American Conference,false,,,,false,false,0,
2025,regular,16,16,16,Week 16,2025-12-07,2229,Florida International Panthers,FIU,FBS,Conference USA,false,,,,false,false,0,
2025,regular,16,16,16,Week 16,2025-12-07,2230,Fordham Rams,FOR,FCS,Patriot League,false,,,,false,false,0,
2025,regular,16,16,16,Week 16,2025-12-07,2241,Gardner-Webb Runnin' Bulldogs,GWEB,FCS,Ohio Valley Conference,false,,,,false,false,0,
2025,regular,16,16,16,Week 16,2025-12-07,2247,Georgia State Panthers,GAST,FBS,Sun Belt Conference,false,,,,false,false,0,
2025,regular,16,16,16,Week 16,2025-12-07,2277,Houston Christian Huskies,HCU,FCS,Southland Conference,false,,,,false,false,0,
2025,regular,16,16,16,Week 16,2025-12-07,2287,Illinois State Redbirds,ILST,FCS,Missouri Valley Football Conference,false,,,,false,false,0,
2025,regular,16,16,16,Week 16,2025-12-07,2294,Iowa Hawkeyes,IOWA,FBS,Big Ten Conference,false,,,,false,false,0,
2025,regular,16,16,16,Week 16,2025-12-07,2296,Jackson State Tigers,JKST,FCS,Southwestern Athletic Conference,false,,,,false,false,0,
2025,regular,16,16,16,Week 16,2025-12-07,2305,Kansas Jayhawks,KU,FBS,Big 12 Conference,false,,,,false,false,0,
2025,regular,16,16,16,Week 16,2025-12-07,2306,Kansas State Wildcats,KSU,FBS,Big 12 Conference,false,,,,false,false,1,17
2025,regular,16,16,16,Week 16,2025-12-07,2309,Kent State Golden Flashes,KENT,FBS,Mid-American Conference,false,,,,false,false,0,
2025,regular,16,16,16,Week 16,2025-12-07,2320,Lamar Cardinals,LAM,FCS,Southland Conference,false,,,,false,false,0,
2025,regular,16,16,16,Week 16,2025-12-07,2335,Liberty Flames,LIB,FBS,Conference USA,false,,,,false,false,0,
2025,regular,16,16,16,Week 16,2025-12-07,2341,Long Island University Sharks,LIU,FCS,Northeast Conference,false,,,,false,false,0,
2025,regular,16,16,16,Week 16,2025-12-07,2348,Louisiana Tech Bulldogs,LT,FBS,Conference USA,false,,,,false,false,0,
2025,regular,16,16,16,Week 16,2025-12-07,2377,McNeese Cowboys,MCN,FCS,Southland Conference,false,,,,false,false,0,
2025,regular,16,16,16,Week 16,2025-12-07,2382,Mercer Bears,MER,FCS,Southern Conference,false,,,,false,false,0,
2025,regular,16,16,16,Week 16,2025-12-07,2385,Mercyhurst Lakers,MERC,FCS,Northeast Conference,false,,,,false,false,0,
2025,regular,16,16,16,Week 16,2025-12-07,2390,Miami Hurricanes,MIA,FBS,Atlantic Coast Conference,true,10,12,2,false,false,16,2
2025,regular,16,16,16,Week 16,2025-12-07,2393,Middle Tennessee Blue Raiders,MTSU,FBS,Conference USA,false,,,,false,false,0,
2025,regular,16,16,16,Week 16,2025-12-07,2405,Monmouth Hawks,MONM,FCS,Coastal Athletic Association,false,,,,false,false,0,
2025,regular,16,16,16,Week 16,2025-12-07,2415,Morgan State Bears,MORG,FCS,Mid-Eastern Athletic Conference,false,,,,false,false,0,
2025,regular,16,16,16,Week 16,2025-12-07,2426,Navy Midshipmen,NAVY,FBS,American Conference,true,22,23,1,false,false,2,22
2025,regular,16,16,16,Week 16,2025-12-07,2428,North Carolina Central Eagles,NCCU,FCS,Mid-Eastern Athletic Conference,false,,,,false,false,0,
2025,regular,16,16,16,Week 16,2025-12-07,2429,Charlotte 49ers,CLT,FBS,American Conference,false,,,,false,false,0,
2025,regular,16,16,16,Week 16,2025-12-07,2433,UL Monroe Warhawks,ULM,FBS,Sun Belt Conference,false,,,,false,false,0,
2025,regular,16,16,16,Week 16,2025-12-07,2439,UNLV Rebels,UNLV,FBS,Mountain West Conference,false,,,,false,false,0,
2025,regular,16,16,16,Week 16,2025-12-07,2440,Nevada Wolf Pack,NEV,FBS,Mountain West Conference,false,,,,false,false,0,
2025,regular,16,16,16,Week 16,2025-12-07,2447,Nicholls Colonels,NICH,FCS,Southland Conference,false,,,,false,false,0,
2025,regular,16,16,16,Week 16,2025-12-07,2448,North Carolina A&T Aggies,NCAT,FCS,Coastal Athletic Association,false,,,,false,false,0,
2025,regular,16,16,16,Week 16,2025-12-07,2449,North Dakota State Bison,NDSU,FCS,Missouri Valley Football Conference,false,,,,false,false,0,
2025,regular,16,16,16,Week 16,2025-12-07,2450,Norfolk State Spartans,NORF,FCS,Mid-Eastern Athletic Conference,false,,,,false,false,0,
2025,regular,16,16,16,Week 16,2025-12-07,2453,North Alabama Lions,UNA,FCS,United Athletic Conference,false,,,,false,false,0,
2025,regular,16,16,16,Week 16,2025-12-07,2458,Northern Colorado Bears,UNCO,FCS,Big Sky Conference,false,,,,false,false,0,
2025,regular,16,16,16,Week 16,2025-12-07,2459,Northern Illinois Huskies,NIU,FBS,Mid-American Conference,false,,,,false,false,0,
2025,regular,16,16,16,Week 16,2025-12-07,2460,Northern Iowa Panthers,UNI,FCS,Missouri Valley Football Conference,false,,,,false,false,0,
2025,regular,16,16,16,Week 16,2025-12-07,2464,Northern Arizona Lumberjacks,NAU,FCS,Big Sky Conference,false,,,,false,false,0,
2025,regular,16,16,16,Week 16,2025-12-07,2466,Northwestern State Demons,NWST,FCS,Southland Conference,false,,,,false,false,0,
2025,regular,16,16,16,Week 16,2025-12-07,2483,Oregon Ducks,ORE,FBS,Big Ten Conference,true,5,4,-1,false,false,16,2
2025,regular,16,16,16,Week 16,2025-12-07,2502,Portland State Vikings,PRST,FCS,Big Sky Conference,false,,,,false,false,0,
2025,regular,16,16,16,Week 16,2025-12-07,2504,Prairie View A&M Panthers,PV,FCS,Southwestern Athletic Conference,false,,,,false,false,0,
2025,regular,16,16,16,Week 16,2025-12-07,2509,Purdue Boilermakers,PUR,FBS,Big Ten Conference,false,,,,false,false,0,
2025,regular,16,16,16,Week 16,2025-12-07,2523,Robert Morris Colonials,RMU,FCS,Northeast Conference,false,,,,false,false,0,
2025,regular,16,16,16,Week 16,2025-12-07,2534,Sam Houston Bearkats,SHSU,FBS,Conference USA,false,,,,false,false,0,
2025,regular,16,16,16,Week 16,2025-12-07,2535,Samford Bulldogs,SAM,FCS,Southern Conference,false,,,,false,false,0,
2025,regular,16,16,16,Week 16,2025-12-07,2545,SE Louisiana Lions,SELA,FCS,Southland Conference,false,,,,false,false,0,
2025,regular,16,16,16,Week 16,2025-12-07,2546,Southeast Missouri State Redhawks,SEMO,FCS,Ohio Valley Conference,false,,,,false,false,0,
2025,regular,16,16,16,Week 16,2025-12-07,2567,SMU Mustangs,SMU,FBS,Atlantic Coast Conference,false,,,,false,false,3,16
2025,regular,16,16,16,Week 16,2025-12-07,2569,South Carolina State Bulldogs,SCST,FCS,Mid-Eastern Athletic Conference,false,,,,false,false,0,
2025,regular,16,16,16,Week 16,2025-12-07,2571,South Dakota State Jackrabbits,SDST,FCS,Missouri Valley Football Conference,false,,,,false,false,0,
2025,regular,16,16,16,Week 16,2025-12-07,2572,Southern Miss Golden Eagles,USM,FBS,Sun Belt Conference,false,,,,false,false,0,
2025,regular,16,16,16,Week 16,2025-12-07,2579,South Carolina Gamecocks,SC,FBS,Southeastern Conference,false,,,,false,false,3,10
2025,regular,16,16,16,Week 16,2025-12-07,2582,Southern Jaguars,SOU,FCS,Southwestern Athletic Conference,false,,,,false,false,0,
2025,regular,16,16,16,Week 16,2025-12-07,2598,Saint Francis Red Flash,SFPA,FCS,Northeast Conference,false,,,,false,false,0,
2025,regular,16,16,16,Week 16,2025-12-07,2617,Stephen F. Austin Lumberjacks,SFA,FCS,Southland Conference,false,,,,false,false,0,
2025,regular,16,16,16,Week 16,2025-12-07,2619,Stony Brook Seawolves,STBK,FCS,Coastal Athletic Association,false,,,,false,false,0,
2025,regular,16,16,16,Week 16,2025-12-07,2623,Missouri State Bears,MOST,FBS,Conference USA,false,,,,false,false,0,
2025,regular,16,16,16,Week 16,2025-12-07,2627,Tarleton State Texans,TAR,FCS,United Athletic Conference,false,,,,false,false,0,
2025,regular,16,16,16,Week 16,2025-12-07,2628,TCU Horned Frogs,TCU,FBS,Big 12 Conference,false,,,,false,false,1,24
2025,regular,16,16,16,Week 16,2025-12-07,2630,UT Martin Skyhawks,UTM,FCS,Ohio Valley Conference,false,,,,false,false,0,
2025,regular,16,16,16,Week 16,2025-12-07,2633,Tennessee Volunteers,TENN,FBS,Southeastern Conference,false,,,,false,false,14,11
2025,regular,16,16,16,Week 16,2025-12-07,2634,Tennessee State Tigers,TNST,FCS,Ohio Valley Conference,false,,,,false,false,0,
2025,regular,16,16,16,Week 16,2025-12-07,2635,Tennessee Tech Golden Eagles,TNTC,FCS,Ohio Valley Conference,false,,,,false,false,0,
2025,regular,16,16,16,Week 16,2025-12-07,2636,UTSA Roadrunners,UTSA,FBS,American Conference,false,,,,false,false,0,
2025,regular,16,16,16,Week 16,2025-12-07,2638,UTEP Miners,UTEP,FBS,Conference USA,false,,,,false,false,0,
2025,regular,16,16,16,Week 16,2025-12-07,2640,Texas Southern Tigers,TXSO,FCS,Southwestern Athletic Conference,false,,,,false,false,0,
2025,regular,16,16,16,Week 16,2025-12-07,2641,Texas Tech Red Raiders,TTU,FBS,Big 12 Conference,true,4,5,1,false,false,16,4
2025,regular,16,16,16,Week 16,2025-12-07,2643,The Citadel Bulldogs,CIT,FCS,Southern Conference,false,,,,false,false,0,
2025,regular,16,16,16,Week 16,2025-12-07,2649,Toledo Rockets,TOL,FBS,Mid-American Conference,false,,,,false,false,0,
2025,regular,16,16,16,Week 16,2025-12-07,2653,Troy Trojans,TROY,FBS,Sun Belt Conference,false,,,,false,false,0,
2025,regular,16,16,16,Week 16,2025-12-07,2655,Tulane Green Wave,TULN,FBS,American Conference,true,17,21,4,false,false,4,17
2025,regular,16,16,16,Week 16,2025-12-07,2678,VMI Keydets,VMI,FCS,Southern Conference,false,,,,false,false,0,
2025,regular,16,16,16,Week 16,2025-12-07,2681,Wagner Seahawks,WAG,FCS,Northeast Conference,false,,,,false,false,0,
2025,regular,16,16,16,Week 16,2025-12-07,2692,Weber State Wildcats,WEB,FCS,Big Sky Conference,false,,,,false,false,0,
2025,regular,16,16,16,Week 16,2025-12-07,2710,Western Illinois Leathernecks,WIU,FCS,Ohio Valley Conference,false,,,,false,false,0,
2025,regular,16,16,16,Week 16,2025-12-07,2711,Western Michigan Broncos,WMU,FBS,Mid-American Conference,false,,,,false,false,0,
2025,regular,16,16,16,Week 16,2025-12-07,2717,Western Carolina Catamounts,WCU,FCS,Southern Conference,false,,,,false,false,0,
2025,regular,16,16,16,Week 16,2025-12-07,2729,William & Mary Tribe,W&M,FCS,Coastal Athletic Association,false,,,,false,false,0,
2025,regular,16,16,16,Week 16,2025-12-07,2747,Wofford Terriers,WOF,FCS,Southern Conference,false,,,,false,false,0,
2025,regular,16,16,16,Week 16,2025-12-07,2751,Wyoming Cowboys,WYO,FBS,Mountain West Conference,false,,,,false,false,0,
2025,regular,16,16,16,Week 16,2025-12-07,2754,Youngstown State Penguins,YSU,FCS,Missouri Valley Football Conference,false,,,,false,false,0,
2025,regular,16,16,16,Week 16,2025-12-07,2755,Grambling Tigers,GRAM,FCS,Southwestern Athletic Conference,false,,,,false,false,0,
2025,regular,16,16,16,Week 16,2025-12-07,2771,Merrimack Warriors,MRMK,FCS,FCS Independents,false,,,,false,false,0,
2025,regular,16,16,16,Week 16,2025-12-07,2803,Bryant Bulldogs,BRY,FCS,Coastal Athletic Association,false,,,,false,false,0,
2025,regular,16,16,16,Week 16,2025-12-07,2815,Lindenwood Lions,LIN,FCS,Ohio Valley Conference,false,,,,false,false,0,
2025,regular,16,16,16,Week 16,2025-12-07,2837,East Texas A&M Lions,ETAM,FCS,Southland Conference,false,,,,false,false,0,
2025,regular,16,16,16,Week 16,2025-12-07,2900,St. Thomas-Minnesota Tommies,STMN,FCS,Pioneer Football League,false,,,,false,false,0,
2025,regular,16,16,16,Week 16,2025-12-07,2916,Incarnate Word Cardinals,UIW,FCS,Southland Conference,false,,,,false,false,0,
2025,postseason,,,17,Final Rankings,2026-01-20,2,Auburn Tigers,AUB,FBS,Southeastern Conference,false,,,,false,false,2,22
2025,postseason,,,17,Final Rankings,2026-01-20,5,UAB Blazers,UAB,FBS,American Conference,false,,,,false,false,0,
2025,postseason,,,17,Final Rankings,2026-01-20,6,South Alabama Jaguars,USA,FBS,Sun Belt Conference,false,,,,false,false,0,
2025,postseason,,,17,Final Rankings,2026-01-20,8,Arkansas Razorbacks,ARK,FBS,Southeastern Conference,false,,,,false,false,0,
2025,postseason,,,17,Final Rankings,2026-01-20,9,Arizona State Sun Devils,ASU,FBS,Big 12 Conference,false,,,,false,false,5,11
2025,postseason,,,17,Final Rankings,2026-01-20,12,Arizona Wildcats,ARIZ,FBS,Big 12 Conference,false,,21,,false,true,2,21
2025,postseason,,,17,Final Rankings,2026-01-20,13,Cal Poly Mustangs,CP,FCS,Big Sky Conference,false,,,,false,false,0,
2025,postseason,,,17,Final Rankings,2026-01-20,16,Sacramento State Hornets,SAC,FCS,Big Sky Conference,false,,,,false,false,0,
2025,postseason,,,17,Final Rankings,2026-01-20,21,San Diego State Aztecs,SDSU,FBS,Mountain West Conference,false,,,,false,false,0,
2025,postseason,,,17,Final Rankings,2026-01-20,23,San José State Spartans,SJSU,FBS,Mountain West Conference,false,,,,false,false,0,
2025,postseason,,,17,Final Rankings,2026-01-20,24,Stanford Cardinal,STAN,FBS,Atlantic Coast Conference,false,,,,false,false,0,
2025,postseason,,,17,Final Rankings,2026-01-20,25,California Golden Bears,CAL,FBS,Atlantic Coast Conference,false,,,,false,false,0,
2025,postseason,,,17,Final Rankings,2026-01-20,26,UCLA Bruins,UCLA,FBS,Big Ten Conference,false,,,,false,false,0,
2025,postseason,,,17,Final Rankings,2026-01-20,30,USC Trojans,USC,FBS,Big Ten Conference,true,20,16,-4,false,false,10,16
2025,postseason,,,17,Final Rankings,2026-01-20,36,Colorado State Rams,CSU,FBS,Mountain West Conference,false,,,,false,false,0,
2025,postseason,,,17,Final Rankings,2026-01-20,38,Colorado Buffaloes,COLO,FBS,Big 12 Conference,false,,,,false,false,0,
2025,postseason,,,17,Final Rankings,2026-01-20,41,UConn Huskies,CONN,FBS,FBS Independents,false,,,,false,false,0,
2025,postseason,,,17,Final Rankings,2026-01-20,47,Howard Bison,HOW,FCS,Mid-Eastern Athletic Conference,false,,,,false,false,0,
2025,postseason,,,17,Final Rankings,2026-01-20,48,Delaware Blue Hens,DEL,FBS,Conference USA,false,,,,false,false,0,
2025,postseason,,,17,Final Rankings,2026-01-20,50,Florida A&M Rattlers,FAMU,FCS,Southwestern Athletic Conference,false,,,,false,false,0,
2025,postseason,,,17,Final Rankings,2026-01-20,52,Florida State Seminoles,FSU,FBS,Atlantic Coast Conference,false,,,,false,false,6,7
2025,postseason,,,17,Final Rankings,2026-01-20,55,Jacksonville State Gamecocks,JVST,FBS,Conference USA,false,,,,false,false,0,
2025,postseason,,,17,Final Rankings,2026-01-20,57,Florida Gators,FLA,FBS,Southeastern Conference,false,,,,false,false,2,13
2025,postseason,,,17,Final Rankings,2026-01-20,58,South Florida Bulls,USF,FBS,American Conference,false,,,,false,false,5,18
2025,postseason,,,17,Final Rankings,2026-01-20,59,Georgia Tech Yellow Jackets,GT,FBS,Atlantic Coast Conference,false,,24,,false,true,13,7
2025,postseason,,,17,Final Rankings,2026-01-20,61,Georgia Bulldogs,UGA,FBS,Southeastern Conference,true,6,2,-4,false,false,16,2
2025,postseason,,,17,Final Rankings,2026-01-20,62,Hawai'i Rainbow Warriors,HAW,FBS,Mountain West Conference,false,,,,false,false,0,
2025,postseason,,,17,Final Rankings,2026-01-20,66,Iowa State Cyclones,ISU,FBS,Big 12 Conference,false,,,,false,false,7,12
2025,postseason,,,17,Final Rankings,2026-01-20,68,Boise State Broncos,BOIS,FBS,Mountain West Conference,false,,,,false,false,1,25
2025,postseason,,,17,Final Rankings,2026-01-20,70,Idaho Vandals,IDHO,FCS,Big Sky Conference,false,,,,false,false,0,
2025,postseason,,,17,Final Rankings,2026-01-20,77,Northwestern Wildcats,NU,FBS,Big Ten Conference,false,,,,false,false,0,
2025,postseason,,,17,Final Rankings,2026-01-20,79,Southern Illinois Salukis,SIU,FCS,Missouri Valley Football Conference,false,,,,false,false,0,
2025,postseason,,,17,Final Rankings,2026-01-20,84,Indiana Hoosiers,IU,FBS,Big Ten Conference,true,1,1,0,false,false,16,1
2025,postseason,,,17,Final Rankings,2026-01-20,87,Notre Dame Fighting Irish,ND,FBS,FBS Independents,true,10,9,-1,false,false,16,6
2025,postseason,,,17,Final Rankings,2026-01-20,93,Murray State Racers,MUR,FCS,Missouri Valley Football Conference,false,,,,false,false,0,
2025,postseason,,,17,Final Rankings,2026-01-20,96,Kentucky Wildcats,UK,FBS,Southeastern Conference,false,,,,false,false,0,
2025,postseason,,,17,Final Rankings,2026-01-20,97,Louisville Cardinals,LOU,FBS,Atlantic Coast Conference,false,,,,false,false,4,14
2025,postseason,,,17,Final Rankings,2026-01-20,98,Western Kentucky Hilltoppers,WKU,FBS,Conference USA,false,,,,false,false,0,
2025,postseason,,,17,Final Rankings,2026-01-20,99,LSU Tigers,LSU,FBS,Southeastern Conference,false,,,,false,false,9,3
2025,postseason,,,17,Final Rankings,2026-01-20,103,Boston College Eagles,BC,FBS,Atlantic Coast Conference,false,,,,false,false,0,
2025,postseason,,,17,Final Rankings,2026-01-20,107,Holy Cross Crusaders,HC,FCS,Patriot League,false,,,,false,false,0,
2025,postseason,,,17,Final Rankings,2026-01-20,113,Massachusetts Minutemen,MASS,FBS,Mid-American Conference,false,,,,false,false,0,
2025,postseason,,,17,Final Rankings,2026-01-20,119,Towson Tigers,TOW,FCS,Coastal Athletic Association,false,,,,false,false,0,
2025,postseason,,,17,Final Rankings,2026-01-20,120,Maryland Terrapins,MD,FBS,Big Ten Conference,false,,,,false,false,0,
2025,postseason,,,17,Final Rankings,2026-01-20,127,Michigan State Spartans,MSU,FBS,Big Ten Conference,false,,,,false,false,0,
2025,postseason,,,17,Final Rankings,2026-01-20,130,Michigan Wolverines,MICH,FBS,Big Ten Conference,true,21,18,-3,false,false,15,14
2025,postseason,,,17,Final Rankings,2026-01-20,135,Minnesota Golden Gophers,MINN,FBS,Big Ten Conference,false,,,,false,false,0,
2025,postseason,,,17,Final Rankings,2026-01-20,142,Missouri Tigers,MIZ,FBS,Southeastern Conference,false,,25,,false,true,12,14
2025,postseason,,,17,Final Rankings,2026-01-20,145,Ole Miss Rebels,MISS,FBS,Southeastern Conference,true,3,6,3,false,false,16,3
2025,postseason,,,17,Final Rankings,2026-01-20,147,Montana State Bobcats,MTST,FCS,Big Sky Conference,false,,,,false,false,0,
2025,postseason,,,17,Final Rankings,2026-01-20,149,Montana Grizzlies,MONT,FCS,Big Sky Conference,false,,,,false,false,0,
2025,postseason,,,17,Final Rankings,2026-01-20,150,Duke Blue Devils,DUKE,FBS,Atlantic Coast Conference,false,,,,false,false,0,
2025,postseason,,,17,Final Rankings,2026-01-20,151,East Carolina Pirates,ECU,FBS,American Conference,false,,,,false,false,0,
2025,postseason,,,17,Final Rankings,2026-01-20,152,NC State Wolfpack,NCSU,FBS,Atlantic Coast Conference,false,,,,false,false,0,
2025,postseason,,,17,Final Rankings,2026-01-20,153,North Carolina Tar Heels,UNC,FBS,Atlantic Coast Conference,false,,,,false,false,0,
2025,postseason,,,17,Final Rankings,2026-01-20,154,Wake Forest Demon Deacons,WAKE,FBS,Atlantic Coast Conference,false,,,,false,false,0,
2025,postseason,,,17,Final Rankings,2026-01-20,155,North Dakota Fighting Hawks,UND,FCS,Missouri Valley Football Conference,false,,,,false,false,0,
2025,postseason,,,17,Final Rankings,2026-01-20,158,Nebraska Cornhuskers,NEB,FBS,Big Ten Conference,false,,,,false,false,1,25
2025,postseason,,,17,Final Rankings,2026-01-20,160,New Hampshire Wildcats,UNH,FCS,Coastal Athletic Association,false,,,,false,false,0,
2025,postseason,,,17,Final Rankings,2026-01-20,164,Rutgers Scarlet Knights,RUTG,FBS,Big Ten Conference,false,,,,false,false,0,
2025,postseason,,,17,Final Rankings,2026-01-20,166,New Mexico State Aggies,NMSU,FBS,Conference USA,false,,,,false,false,0,
2025,postseason,,,17,Final Rankings,2026-01-20,167,New Mexico Lobos,UNM,FBS,Mountain West Conference,false,,,,false,false,0,
2025,postseason,,,17,Final Rankings,2026-01-20,183,Syracuse Orange,SYR,FBS,Atlantic Coast Conference,false,,,,false,false,0,
2025,postseason,,,17,Final Rankings,2026-01-20,189,Bowling Green Falcons,BGSU,FBS,Mid-American Conference,false,,,,false,false,0,
2025,postseason,,,17,Final Rankings,2026-01-20,193,Miami (OH) RedHawks,M-OH,FBS,Mid-American Conference,false,,,,false,false,0,
2025,postseason,,,17,Final Rankings,2026-01-20,194,Ohio State Buckeyes,OSU,FBS,Big Ten Conference,true,5,3,-2,false,false,16,1
2025,postseason,,,17,Final Rankings,2026-01-20,195,Ohio Bobcats,OHIO,FBS,Mid-American Conference,false,,,,false,false,0,
2025,postseason,,,17,Final Rankings,2026-01-20,197,Oklahoma State Cowboys,OKST,FBS,Big 12 Conference,false,,,,false,false,0,
2025,postseason,,,17,Final Rankings,2026-01-20,201,Oklahoma Sooners,OU,FBS,Southeastern Conference,true,13,8,-5,false,false,16,5
2025,postseason,,,17,Final Rankings,2026-01-20,202,Tulsa Golden Hurricane,TLSA,FBS,American Conference,false,,,,false,false,0,
2025,postseason,,,17,Final Rankings,2026-01-20,204,Oregon State Beavers,ORST,FBS,Pac-12 Conference,false,,,,false,false,0,
2025,postseason,,,17,Final Rankings,2026-01-20,213,Penn State Nittany Lions,PSU,FBS,Big Ten Conference,false,,,,false,false,6,2
2025,postseason,,,17,Final Rankings,2026-01-20,218,Temple Owls,TEM,FBS,American Conference,false,,,,false,false,0,
2025,postseason,,,17,Final Rankings,2026-01-20,221,Pittsburgh Panthers,PITT,FBS,Atlantic Coast Conference,false,,,,false,false,2,23
2025,postseason,,,17,Final Rankings,2026-01-20,222,Villanova Wildcats,VILL,FCS,Coastal Athletic Association,false,,,,false,false,0,
2025,postseason,,,17,Final Rankings,2026-01-20,227,Rhode Island Rams,URI,FCS,Coastal Athletic Association,false,,,,false,false,0,
2025,postseason,,,17,Final Rankings,2026-01-20,228,Clemson Tigers,CLEM,FBS,Atlantic Coast Conference,false,,,,false,false,3,4
2025,postseason,,,17,Final Rankings,2026-01-20,231,Furman Paladins,FUR,FCS,Southern Conference,false,,,,false,false,0,
2025,postseason,,,17,Final Rankings,2026-01-20,233,South Dakota Coyotes,SDAK,FCS,Missouri Valley Football Conference,false,,,,false,false,0,
2025,postseason,,,17,Final Rankings,2026-01-20,235,Memphis Tigers,MEM,FBS,American Conference,false,,,,false,false,4,22
2025,postseason,,,17,Final Rankings,2026-01-20,236,Chattanooga Mocs,UTC,FCS,Southern Conference,false,,,,false,false,0,
2025,postseason,,,17,Final Rankings,2026-01-20,238,Vanderbilt Commodores,VAN,FBS,Southeastern Conference,true,15,13,-2,false,false,13,9
2025,postseason,,,17,Final Rankings,2026-01-20,239,Baylor Bears,BAY,FBS,Big 12 Conference,false,,,,false,false,0,
2025,postseason,,,17,Final Rankings,2026-01-20,242,Rice Owls,RICE,FBS,American Conference,false,,,,false,false,0,
2025,postseason,,,17,Final Rankings,2026-01-20,245,Texas A&M Aggies,TA&M,FBS,Southeastern Conference,true,8,7,-1,false,false,16,3
2025,postseason,,,17,Final Rankings,2026-01-20,248,Houston Cougars,HOU,FBS,Big 12 Conference,true,22,,,true,false,2,22
2025,postseason,,,17,Final Rankings,2026-01-20,249,North Texas Mean Green,UNT,FBS,American Conference,true,24,23,-1,false,false,4,20
2025,postseason,,,17,Final Rankings,2026-01-20,251,Texas Longhorns,TEX,FBS,Southeastern Conference,true,12,14,2,false,false,15,1
2025,postseason,,,17,Final Rankings,2026-01-20,252,BYU Cougars,BYU,FBS,Big 12 Conference,true,11,12,1,false,false,12,8
2025,postseason,,,17,Final Rankings,2026-01-20,254,Utah Utes,UTAH,FBS,Big 12 Conference,true,14,15,1,false,false,11,13
2025,postseason,,,17,Final Rankings,2026-01-20,256,James Madison Dukes,JMU,FBS,Sun Belt Conference,true,19,19,0,false,false,5,19
2025,postseason,,,17,Final Rankings,2026-01-20,257,Richmond Spiders,RICH,FCS,Patriot League,false,,,,false,false,0,
2025,postseason,,,17,Final Rankings,2026-01-20,258,Virginia Cavaliers,UVA,FBS,Atlantic Coast Conference,true,16,20,4,false,false,11,12
2025,postseason,,,17,Final Rankings,2026-01-20,259,Virginia Tech Hokies,VT,FBS,Atlantic Coast Conference,false,,,,false,false,0,
2025,postseason,,,17,Final Rankings,2026-01-20,264,Washington Huskies,WASH,FBS,Big Ten Conference,false,,,,false,false,1,24
2025,postseason,,,17,Final Rankings,2026-01-20,265,Washington State Cougars,WSU,FBS,Pac-12 Conference,false,,,,false,false,0,
2025,postseason,,,17,Final Rankings,2026-01-20,275,Wisconsin Badgers,WIS,FBS,Big Ten Conference,false,,,,false,false,0,
2025,postseason,,,17,Final Rankings,2026-01-20,276,Marshall Thundering Herd,MRSH,FBS,Sun Belt Conference,false,,,,false,false,0,
2025,postseason,,,17,Final Rankings,2026-01-20,277,West Virginia Mountaineers,WVU,FBS,Big 12 Conference,false,,,,false,false,0,
2025,postseason,,,17,Final Rankings,2026-01-20,278,Fresno State Bulldogs,FRES,FBS,Mountain West Conference,false,,,,false,false,0,
2025,postseason,,,17,Final Rankings,2026-01-20,282,Indiana State Sycamores,INST,FCS,Missouri Valley Football Conference,false,,,,false,false,0,
2025,postseason,,,17,Final Rankings,2026-01-20,290,Georgia Southern Eagles,GASO,FBS,Sun Belt Conference,false,,,,false,false,0,
2025,postseason,,,17,Final Rankings,2026-01-20,295,Old Dominion Monarchs,ODU,FBS,Sun Belt Conference,false,,,,false,false,0,
2025,postseason,,,17,Final Rankings,2026-01-20,302,UC Davis Aggies,UCD,FCS,Big Sky Conference,false,,,,false,false,0,
2025,postseason,,,17,Final Rankings,2026-01-20,304,Idaho State Bengals,IDST,FCS,Big Sky Conference,false,,,,false,false,0,
2025,postseason,,,17,Final Rankings,2026-01-20,309,Louisiana Ragin' Cajuns,UL,FBS,Sun Belt Conference,false,,,,false,false,0,
2025,postseason,,,17,Final Rankings,2026-01-20,311,Maine Black Bears,ME,FCS,Coastal Athletic Association,false,,,,false,false,0,
2025,postseason,,,17,Final Rankings,2026-01-20,322,Lafayette Leopards,LAF,FCS,Patriot League,false,,,,false,false,0,
2025,postseason,,,17,Final Rankings,2026-01-20,324,Coastal Carolina Chanticleers,CCU,FBS,Sun Belt Conference,false,,,,false,false,0,
2025,postseason,,,17,Final Rankings,2026-01-20,326,Texas State Bobcats,TXST,FBS,Sun Belt Conference,false,,,,false,false,0,
2025,postseason,,,17,Final Rankings,2026-01-20,328,Utah State Aggies,USU,FBS,Mountain West Conference,false,,,,false,false,0,
2025,postseason,,,17,Final Rankings,2026-01-20,331,Eastern Washington Eagles,EWU,FCS,Big Sky Conference,false,,,,false,false,0,
2025,postseason,,,17,Final Rankings,2026-01-20,333,Alabama Crimson Tide,ALA,FBS,Southeastern Conference,true,9,11,2,false,false,16,4
2025,postseason,,,17,Final Rankings,2026-01-20,338,Kennesaw State Owls,KENN,FBS,Conference USA,false,,,,false,false,0,
2025,postseason,,,17,Final Rankings,2026-01-20,344,Mississippi State Bulldogs,MSST,FBS,Southeastern Conference,false,,,,false,false,0,
2025,postseason,,,17,Final Rankings,2026-01-20,349,Army Black Knights,ARMY,FBS,American Conference,false,,,,false,false,0,
2025,postseason,,,17,Final Rankings,2026-01-20,356,Illinois Fighting Illini,ILL,FBS,Big Ten Conference,false,,,,false,false,8,9
2025,postseason,,,17,Final Rankings,2026-01-20,399,UAlbany Great Danes,ALB,FCS,Coastal Athletic Association,false,,,,false,false,0,
2025,postseason,,,17,Final Rankings,2026-01-20,2000,Abilene Christian Wildcats,ACU,FCS,United Athletic Conference,false,,,,false,false,0,
2025,postseason,,,17,Final Rankings,2026-01-20,2005,Air Force Falcons,AFA,FBS,Mountain West Conference,false,,,,false,false,0,
2025,postseason,,,17,Final Rankings,2026-01-20,2006,Akron Zips,AKR,FBS,Mid-American Conference,false,,,,false,false,0,
2025,postseason,,,17,Final Rankings,2026-01-20,2010,Alabama A&M Bulldogs,AAMU,FCS,Southwestern Athletic Conference,false,,,,false,false,0,
2025,postseason,,,17,Final Rankings,2026-01-20,2011,Alabama State Hornets,ALST,FCS,Southwestern Athletic Conference,false,,,,false,false,0,
2025,postseason,,,17,Final Rankings,2026-01-20,2016,Alcorn State Braves,ALCN,FCS,Southwestern Athletic Conference,false,,,,false,false,0,
2025,postseason,,,17,Final Rankings,2026-01-20,2026,App State Mountaineers,APP,FBS,Sun Belt Conference,false,,,,false,false,0,
2025,postseason,,,17,Final Rankings,2026-01-20,2029,Arkansas-Pine Bluff Golden Lions,UAPB,FCS,Southwestern Athletic Conference,false,,,,false,false,0,
2025,postseason,,,17,Final Rankings,2026-01-20,2032,Arkansas State Red Wolves,ARST,FBS,Sun Belt Conference,false,,,,false,false,0,
2025,postseason,,,17,Final Rankings,2026-01-20,2046,Austin Peay Governors,APSU,FCS,United Athletic Conference,false,,,,false,false,0,
2025,postseason,,,17,Final Rankings,2026-01-20,2050,Ball State Cardinals,BALL,FBS,Mid-American Conference,false,,,,false,false,0,
2025,postseason,,,17,Final Rankings,2026-01-20,2065,Bethune-Cookman Wildcats,BCU,FCS,Southwestern Athletic Conference,false,,,,false,false,0,
2025,postseason,,,17,Final Rankings,2026-01-20,2083,Bucknell Bison,BUCK,FCS,Patriot League,false,,,,false,false,0,
2025,postseason,,,17,Final Rankings,2026-01-20,2084,Buffalo Bulls,BUFF,FBS,Mid-American Conference,false,,,,false,false,0,
2025,postseason,,,17,Final Rankings,2026-01-20,2097,Campbell Fighting Camels,CAM,FCS,Coastal Athletic Association,false,,,,false,false,0,
2025,postseason,,,17,Final Rankings,2026-01-20,2110,Central Arkansas Bears,CARK,FCS,United Athletic Conference,false,,,,false,false,0,
2025,postseason,,,17,Final Rankings,2026-01-20,2115,Central Connecticut Blue Devils,CCSU,FCS,Northeast Conference,false,,,,false,false,0,
2025,postseason,,,17,Final Rankings,2026-01-20,2116,UCF Knights,UCF,FBS,Big 12 Conference,false,,,,false,false,0,
2025,postseason,,,17,Final Rankings,2026-01-20,2117,Central Michigan Chippewas,CMU,FBS,Mid-American Conference,false,,,,false,false,0,
2025,postseason,,,17,Final Rankings,2026-01-20,2127,Charleston Southern Buccaneers,CHSO,FCS,Ohio Valley Conference,false,,,,false,false,0,
2025,postseason,,,17,Final Rankings,2026-01-20,2132,Cincinnati Bearcats,CIN,FBS,Big 12 Conference,false,,,,false,false,5,17
2025,postseason,,,17,Final Rankings,2026-01-20,2142,Colgate Raiders,COLG,FCS,Patriot League,false,,,,false,false,0,
2025,postseason,,,17,Final Rankings,2026-01-20,2169,Delaware State Hornets,DSU,FCS,Mid-Eastern Athletic Conference,false,,,,false,false,0,
2025,postseason,,,17,Final Rankings,2026-01-20,2184,Duquesne Dukes,DUQ,FCS,Northeast Conference,false,,,,false,false,0,
2025,postseason,,,17,Final Rankings,2026-01-20,2193,East Tennessee State Buccaneers,ETSU,FCS,Southern Conference,false,,,,false,false,0,
2025,postseason,,,17,Final Rankings,2026-01-20,2197,Eastern Illinois Panthers,EIU,FCS,Ohio Valley Conference,false,,,,false,false,0,
2025,postseason,,,17,Final Rankings,2026-01-20,2198,Eastern Kentucky Colonels,EKU,FCS,United Athletic Conference,false,,,,false,false,0,
2025,postseason,,,17,Final Rankings,2026-01-20,2199,Eastern Michigan Eagles,EMU,FBS,Mid-American Conference,false,,,,false,false,0,
2025,postseason,,,17,Final Rankings,2026-01-20,2210,Elon Phoenix,ELON,FCS,Coastal Athletic Association,false,,,,false,false,0,
2025,postseason,,,17,Final Rankings,2026-01-20,2226,Florida Atlantic Owls,FAU,FBS,American Conference,false,,,,false,false,0,
2025,postseason,,,17,Final Rankings,2026-01-20,2229,Florida International Panthers,FIU,FBS,Conference USA,false,,,,false,false,0,
2025,postseason,,,17,Final Rankings,2026-01-20,2230,Fordham Rams,FOR,FCS,Patriot League,false,,,,false,false,0,
2025,postseason,,,17,Final Rankings,2026-01-20,2241,Gardner-Webb Runnin' Bulldogs,GWEB,FCS,Ohio Valley Conference,false,,,,false,false,0,
2025,postseason,,,17,Final Rankings,2026-01-20,2247,Georgia State Panthers,GAST,FBS,Sun Belt Conference,false,,,,false,false,0,
2025,postseason,,,17,Final Rankings,2026-01-20,2277,Houston Christian Huskies,HCU,FCS,Southland Conference,false,,,,false,false,0,
2025,postseason,,,17,Final Rankings,2026-01-20,2287,Illinois State Redbirds,ILST,FCS,Missouri Valley Football Conference,false,,,,false,false,0,
2025,postseason,,,17,Final Rankings,2026-01-20,2294,Iowa Hawkeyes,IOWA,FBS,Big Ten Conference,true,17,,,true,false,0,17
2025,postseason,,,17,Final Rankings,2026-01-20,2296,Jackson State Tigers,JKST,FCS,Southwestern Athletic Conference,false,,,,false,false,0,
2025,postseason,,,17,Final Rankings,2026-01-20,2305,Kansas Jayhawks,KU,FBS,Big 12 Conference,false,,,,false,false,0,
2025,postseason,,,17,Final Rankings,2026-01-20,2306,Kansas State Wildcats,KSU,FBS,Big 12 Conference,false,,,,false,false,1,17
2025,postseason,,,17,Final Rankings,2026-01-20,2309,Kent State Golden Flashes,KENT,FBS,Mid-American Conference,false,,,,false,false,0,
2025,postseason,,,17,Final Rankings,2026-01-20,2320,Lamar Cardinals,LAM,FCS,Southland Conference,false,,,,false,false,0,
2025,postseason,,,17,Final Rankings,2026-01-20,2335,Liberty Flames,LIB,FBS,Conference USA,false,,,,false,false,0,
2025,postseason,,,17,Final Rankings,2026-01-20,2341,Long Island University Sharks,LIU,FCS,Northeast Conference,false,,,,false,false,0,
2025,postseason,,,17,Final Rankings,2026-01-20,2348,Louisiana Tech Bulldogs,LT,FBS,Conference USA,false,,,,false,false,0,
2025,postseason,,,17,Final Rankings,2026-01-20,2377,McNeese Cowboys,MCN,FCS,Southland Conference,false,,,,false,false,0,
2025,postseason,,,17,Final Rankings,2026-01-20,2382,Mercer Bears,MER,FCS,Southern Conference,false,,,,false,false,0,
2025,postseason,,,17,Final Rankings,2026-01-20,2385,Mercyhurst Lakers,MERC,FCS,Northeast Conference,false,,,,false,false,0,
2025,postseason,,,17,Final Rankings,2026-01-20,2390,Miami Hurricanes,MIA,FBS,Atlantic Coast Conference,true,2,10,8,false,false,16,2
2025,postseason,,,17,Final Rankings,2026-01-20,2393,Middle Tennessee Blue Raiders,MTSU,FBS,Conference USA,false,,,,false,false,0,
2025,postseason,,,17,Final Rankings,2026-01-20,2405,Monmouth Hawks,MONM,FCS,Coastal Athletic Association,false,,,,false,false,0,
2025,postseason,,,17,Final Rankings,2026-01-20,2415,Morgan State Bears,MORG,FCS,Mid-Eastern Athletic Conference,false,,,,false,false,0,
2025,postseason,,,17,Final Rankings,2026-01-20,2426,Navy Midshipmen,NAVY,FBS,American Conference,true,23,22,-1,false,false,2,22
2025,postseason,,,17,Final Rankings,2026-01-20,2428,North Carolina Central Eagles,NCCU,FCS,Mid-Eastern Athletic Conference,false,,,,false,false,0,
2025,postseason,,,17,Final Rankings,2026-01-20,2429,Charlotte 49ers,CLT,FBS,American Conference,false,,,,false,false,0,
2025,postseason,,,17,Final Rankings,2026-01-20,2433,UL Monroe Warhawks,ULM,FBS,Sun Belt Conference,false,,,,false,false,0,
2025,postseason,,,17,Final Rankings,2026-01-20,2439,UNLV Rebels,UNLV,FBS,Mountain West Conference,false,,,,false,false,0,
2025,postseason,,,17,Final Rankings,2026-01-20,2440,Nevada Wolf Pack,NEV,FBS,Mountain West Conference,false,,,,false,false,0,
2025,postseason,,,17,Final Rankings,2026-01-20,2447,Nicholls Colonels,NICH,FCS,Southland Conference,false,,,,false,false,0,
2025,postseason,,,17,Final Rankings,2026-01-20,2448,North Carolina A&T Aggies,NCAT,FCS,Coastal Athletic Association,false,,,,false,false,0,
2025,postseason,,,17,Final Rankings,2026-01-20,2449,North Dakota State Bison,NDSU,FCS,Missouri Valley Football Conference,false,,,,false,false,0,
2025,postseason,,,17,Final Rankings,2026-01-20,2450,Norfolk State Spartans,NORF,FCS,Mid-Eastern Athletic Conference,false,,,,false,false,0,
2025,postseason,,,17,Final Rankings,2026-01-20,2453,North Alabama Lions,UNA,FCS,United Athletic Conference,false,,,,false,false,0,
2025,postseason,,,17,Final Rankings,2026-01-20,2458,Northern Colorado Bears,UNCO,FCS,Big Sky Conference,false,,,,false,false,0,
2025,postseason,,,17,Final Rankings,2026-01-20,2459,Northern Illinois Huskies,NIU,FBS,Mid-American Conference,false,,,,false,false,0,
2025,postseason,,,17,Final Rankings,2026-01-20,2460,Northern Iowa Panthers,UNI,FCS,Missouri Valley Football Conference,false,,,,false,false,0,
2025,postseason,,,17,Final Rankings,2026-01-20,2464,Northern Arizona Lumberjacks,NAU,FCS,Big Sky Conference,false,,,,false,false,0,
2025,postseason,,,17,Final Rankings,2026-01-20,2466,Northwestern State Demons,NWST,FCS,Southland Conference,false,,,,false,false,0,
2025,postseason,,,17,Final Rankings,2026-01-20,2483,Oregon Ducks,ORE,FBS,Big Ten Conference,true,4,5,1,false,false,16,2
2025,postseason,,,17,Final Rankings,2026-01-20,2502,Portland State Vikings,PRST,FCS,Big Sky Conference,false,,,,false,false,0,
2025,postseason,,,17,Final Rankings,2026-01-20,2504,Prairie View A&M Panthers,PV,FCS,Southwestern Athletic Conference,false,,,,false,false,0,
2025,postseason,,,17,Final Rankings,2026-01-20,2509,Purdue Boilermakers,PUR,FBS,Big Ten Conference,false,,,,false,false,0,
2025,postseason,,,17,Final Rankings,2026-01-20,2523,Robert Morris Colonials,RMU,FCS,Northeast Conference,false,,,,false,false,0,
2025,postseason,,,17,Final Rankings,2026-01-20,2534,Sam Houston Bearkats,SHSU,FBS,Conference USA,false,,,,false,false,0,
2025,postseason,,,17,Final Rankings,2026-01-20,2535,Samford Bulldogs,SAM,FCS,Southern Conference,false,,,,false,false,0,
2025,postseason,,,17,Final Rankings,2026-01-20,2545,SE Louisiana Lions,SELA,FCS,Southland Conference,false,,,,false,false,0,
2025,postseason,,,17,Final Rankings,2026-01-20,2546,Southeast Missouri State Redhawks,SEMO,FCS,Ohio Valley Conference,false,,,,false,false,0,
2025,postseason,,,17,Final Rankings,2026-01-20,2567,SMU Mustangs,SMU,FBS,Atlantic Coast Conference,false,,,,false,false,3,16
2025,postseason,,,17,Final Rankings,2026-01-20,2569,South Carolina State Bulldogs,SCST,FCS,Mid-Eastern Athletic Conference,false,,,,false,false,0,
2025,postseason,,,17,Final Rankings,2026-01-20,2571,South Dakota State Jackrabbits,SDST,FCS,Missouri Valley Football Conference,false,,,,false,false,0,
2025,postseason,,,17,Final Rankings,2026-01-20,2572,Southern Miss Golden Eagles,USM,FBS,Sun Belt Conference,false,,,,false,false,0,
2025,postseason,,,17,Final Rankings,2026-01-20,2579,South Carolina Gamecocks,SC,FBS,Southeastern Conference,false,,,,false,false,3,10
2025,postseason,,,17,Final Rankings,2026-01-20,2582,Southern Jaguars,SOU,FCS,Southwestern Athletic Conference,false,,,,false,false,0,
2025,postseason,,,17,Final Rankings,2026-01-20,2598,Saint Francis Red Flash,SFPA,FCS,Northeast Conference,false,,,,false,false,0,
2025,postseason,,,17,Final Rankings,2026-01-20,2617,Stephen F. Austin Lumberjacks,SFA,FCS,Southland Conference,false,,,,false,false,0,
2025,postseason,,,17,Final Rankings,2026-01-20,2619,Stony Brook Seawolves,STBK,FCS,Coastal Athletic Association,false,,,,false,false,0,
2025,postseason,,,17,Final Rankings,2026-01-20,2623,Missouri State Bears,MOST,FBS,Conference USA,false,,,,false,false,0,
2025,postseason,,,17,Final Rankings,2026-01-20,2627,Tarleton State Texans,TAR,FCS,United Athletic Conference,false,,,,false,false,0,
2025,postseason,,,17,Final Rankings,2026-01-20,2628,TCU Horned Frogs,TCU,FBS,Big 12 Conference,true,25,,,true,false,1,24
2025,postseason,,,17,Final Rankings,2026-01-20,2630,UT Martin Skyhawks,UTM,FCS,Ohio Valley Conference,false,,,,false,false,0,
2025,postseason,,,17,Final Rankings,2026-01-20,2633,Tennessee Volunteers,TENN,FBS,Southeastern Conference,false,,,,false,false,14,11
2025,postseason,,,17,Final Rankings,2026-01-20,2634,Tennessee State Tigers,TNST,FCS,Ohio Valley Conference,false,,,,false,false,0,
2025,postseason,,,17,Final Rankings,2026-01-20,2635,Tennessee Tech Golden Eagles,TNTC,FCS,Ohio Valley Conference,false,,,,false,false,0,
2025,postseason,,,17,Final Rankings,2026-01-20,2636,UTSA Roadrunners,UTSA,FBS,American Conference,false,,,,false,false,0,
2025,postseason,,,17,Final Rankings,2026-01-20,2638,UTEP Miners,UTEP,FBS,Conference USA,false,,,,false,false,0,
2025,postseason,,,17,Final Rankings,2026-01-20,2640,Texas Southern Tigers,TXSO,FCS,Southwestern Athletic Conference,false,,,,false,false,0,
2025,postseason,,,17,Final Rankings,2026-01-20,2641,Texas Tech Red Raiders,TTU,FBS,Big 12 Conference,true,7,4,-3,false,false,16,4
2025,postseason,,,17,Final Rankings,2026-01-20,2643,The Citadel Bulldogs,CIT,FCS,Southern Conference,false,,,,false,false,0,
2025,postseason,,,17,Final Rankings,2026-01-20,2649,Toledo Rockets,TOL,FBS,Mid-American Conference,false,,,,false,false,0,
2025,postseason,,,17,Final Rankings,2026-01-20,2653,Troy Trojans,TROY,FBS,Sun Belt Conference,false,,,,false,false,0,
2025,postseason,,,17,Final Rankings,2026-01-20,2655,Tulane Green Wave,TULN,FBS,American Conference,true,18,17,-1,false,false,4,17
2025,postseason,,,17,Final Rankings,2026-01-20,2678,VMI Keydets,VMI,FCS,Southern Conference,false,,,,false,false,0,
2025,postseason,,,17,Final Rankings,2026-01-20,2681,Wagner Seahawks,WAG,FCS,Northeast Conference,false,,,,false,false,0,
2025,postseason,,,17,Final Rankings,2026-01-20,2692,Weber State Wildcats,WEB,FCS,Big Sky Conference,false,,,,false,false,0,
2025,postseason,,,17,Final Rankings,2026-01-20,2710,Western Illinois Leathernecks,WIU,FCS,Ohio Valley Conference,false,,,,false,false,0,
2025,postseason,,,17,Final Rankings,2026-01-20,2711,Western Michigan Broncos,WMU,FBS,Mid-American Conference,false,,,,false,false,0,
2025,postseason,,,17,Final Rankings,2026-01-20,2717,Western Carolina Catamounts,WCU,FCS,Southern Conference,false,,,,false,false,0,
2025,postseason,,,17,Final Rankings,2026-01-20,2729,William & Mary Tribe,W&M,FCS,Coastal Athletic Association,false,,,,false,false,0,
2025,postseason,,,17,Final Rankings,2026-01-20,2747,Wofford Terriers,WOF,FCS,Southern Conference,false,,,,false,false,0,
2025,postseason,,,17,Final Rankings,2026-01-20,2751,Wyoming Cowboys,WYO,FBS,Mountain West Conference,false,,,,false,false,0,
2025,postseason,,,17,Final Rankings,2026-01-20,2754,Youngstown State Penguins,YSU,FCS,Missouri Valley Football Conference,false,,,,false,false,0,
2025,postseason,,,17,Final Rankings,2026-01-20,2755,Grambling Tigers,GRAM,FCS,Southwestern Athletic Conference,false,,,,false,false,0,
2025,postseason,,,17,Final Rankings,2026-01-20,2771,Merrimack Warriors,MRMK,FCS,FCS Independents,false,,,,false,false,0,
2025,postseason,,,17,Final Rankings,2026-01-20,2803,Bryant Bulldogs,BRY,FCS,Coastal Athletic Association,false,,,,false,false,0,
2025,postseason,,,17,Final Rankings,2026-01-20,2815,Lindenwood Lions,LIN,FCS,Ohio Valley Conference,false,,,,false,false,0,
2025,postseason,,,17,Final Rankings,2026-01-20,2837,East Texas A&M Lions,ETAM,FCS,Southland Conference,false,,,,false,false,0,
2025,postseason,,,17,Final Rankings,2026-01-20,2900,St. Thomas-Minnesota Tommies,STMN,FCS,Pioneer Football League,false,,,,false,false,0,
2025,postseason,,,17,Final Rankings,2026-01-20,2916,Incarnate Word Cardinals,UIW,FCS,Southland Conference,false,,,,false,false,0,
