game_id,season,week,season_type,game_date,team_id,team,team_abbreviation,division,opponent_team_id,opponent,opponent_division,home_away,points_scored,points_allowed,first_downs,total_yards,net_passing_yards,completions,passing_attempts,yards_per_pass,rushing_yards,rushing_attempts,yards_per_rush_attempt,third_down_conversions,third_down_attempts,third_down_pct,fourth_down_conversions,fourth_down_attempts,fourth_down_pct,penalties,penalty_yards,turnovers,fumbles_lost,interceptions_thrown,possession_time,possession_seconds
401767509,2025,1,2,2025-08-30T16:00Z,2449,North Dakota State Bison,NDSU,FCS,2643,The Citadel Bulldogs,FCS,away,38,0,25,519,263,16,22,12.0,256,47,5.4,7,12,58.33333333333333333333333333,1,1,100,6,35,0,0,0,36:03,2163
401767509,2025,1,2,2025-08-30T16:00Z,2643,The Citadel Bulldogs,CIT,FCS,2449,North Dakota State Bison,FCS,home,0,38,8,126,22,2,6,3.7,104,41,2.5,2,12,16.66666666666666666666666667,1,2,50,0,0,1,1,0,23:57,1437
401767130,2025,1,2,2025-08-30T23:00Z,16,Sacramento State Hornets,SAC,FCS,2571,South Dakota State Jackrabbits,FCS,away,3,20,7,131,107,11,27,4.0,24,24,1.0,2,13,15.38461538461538461538461538,0,4,0,9,66,2,1,1,18:54,1134
401767130,2025,1,2,2025-08-30T23:00Z,2571,South Dakota State Jackrabbits,SDST,FCS,16,Sacramento State Hornets,FCS,home,20,3,28,430,190,17,23,8.3,240,56,4.3,5,15,33.33333333333333333333333333,2,3,66.66666666666666666666666667,5,50,2,2,0,41:06,2466
401767224,2025,2,2,2025-09-06T18:30Z,2449,North Dakota State Bison,NDSU,FCS,2634,Tennessee State Tigers,FCS,away,59,3,24,433,242,16,23,10.5,191,39,4.9,3,9,33.33333333333333333333333333,1,1,100,1,10,1,0,1,33:37,2017
401767224,2025,2,2,2025-09-06T18:30Z,2634,Tennessee State Tigers,TNST,FCS,2449,North Dakota State Bison,FCS,home,3,59,4,131,61,8,18,3.4,70,28,2.5,1,13,7.692307692307692307692307692,0,0,,5,44,2,1,1,26:23,1583
401767217,2025,3,2,2025-09-13T19:30Z,2546,Southeast Missouri State Redhawks,SEMO,FCS,2449,North Dakota State Bison,FCS,away,14,41,12,217,153,13,25,6.1,64,32,2.0,6,15,40,1,1,100,8,70,1,0,1,29:12,1752
401767217,2025,3,2,2025-09-13T19:30Z,2449,North Dakota State Bison,NDSU,FCS,2546,Southeast Missouri State Redhawks,FCS,home,41,14,22,562,348,16,24,14.5,214,37,5.8,2,10,20,1,1,100,7,74,0,0,0,30:48,1848
401767131,2025,3,2,2025-09-14T01:00Z,2385,Mercyhurst Lakers,MERC,FCS,16,Sacramento State Hornets,FCS,away,28,49,22,369,280,27,45,6.2,89,34,2.6,8,18,44.44444444444444444444444444,2,4,50,4,40,2,0,2,35:27,2127
401767131,2025,3,2,2025-09-14T01:00Z,16,Sacramento State Hornets,SAC,FCS,2385,Mercyhurst Lakers,FCS,home,49,28,26,525,176,8,18,9.8,349,42,8.3,5,9,55.55555555555555555555555556,2,3,66.66666666666666666666666667,8,73,1,1,0,24:33,1473
401767132,2025,4,2,2025-09-21T01:00Z,2110,Central Arkansas Bears,CARK,FCS,16,Sacramento State Hornets,FCS,away,16,45,19,282,195,17,26,7.5,87,44,2.0,3,16,18.75,3,5,60,4,35,0,0,0,30:19,1819
401767132,2025,4,2,2025-09-21T01:00Z,16,Sacramento State Hornets,SAC,FCS,2110,Central Arkansas Bears,FCS,home,45,16,19,602,340,17,22,15.5,262,39,6.7,8,12,66.66666666666666666666666667,1,1,100,8,67,1,1,0,29:41,1781
401767510,2025,5,2,2025-09-27T18:00Z,233,South Dakota Coyotes,SDAK,FCS,2449,North Dakota State Bison,FCS,away,13,51,13,296,208,13,21,9.9,88,27,3.3,2,9,22.22222222222222222222222222,0,1,0,5,20,1,0,1,24:53,1493
401767510,2025,5,2,2025-09-27T18:00Z,2449,North Dakota State Bison,NDSU,FCS,233,South Dakota Coyotes,FCS,home,51,13,24,547,273,15,19,14.4,274,50,5.5,10,13,76.92307692307692307692307692,1,1,100,6,45,0,0,0,35:07,2107
401767073,2025,5,2,2025-09-28T01:00Z,13,Cal Poly Mustangs,CP,FCS,16,Sacramento State Hornets,FCS,away,32,24,17,381,203,17,27,7.5,178,39,4.6,7,16,43.75,0,0,,5,53,0,0,0,31:42,1902
401767073,2025,5,2,2025-09-28T01:00Z,16,Sacramento State Hornets,SAC,FCS,13,Cal Poly Mustangs,FCS,home,24,32,20,426,196,12,31,6.3,230,46,5.0,8,16,50,1,2,50,10,62,3,0,3,28:18,1698
401767438,2025,6,2,2025-10-04T23:00Z,2449,North Dakota State Bison,NDSU,FCS,2287,Illinois State Redbirds,FCS,away,33,16,21,407,194,12,14,13.9,213,36,5.9,4,7,57.14285714285714285714285714,0,0,,2,15,0,0,0,29:38,1778
401767438,2025,6,2,2025-10-04T23:00Z,2287,Illinois State Redbirds,ILST,FCS,2449,North Dakota State Bison,FCS,home,16,33,22,328,191,20,35,5.5,137,31,4.4,7,13,53.84615384615384615384615385,1,3,33.33333333333333333333333333,3,15,2,1,1,30:22,1822
401767511,2025,7,2,2025-10-11T19:30Z,79,Southern Illinois Salukis,SIU,FCS,2449,North Dakota State Bison,FCS,away,17,45,22,313,190,15,29,6.6,123,32,3.8,5,11,45.45454545454545454545454545,0,0,,3,12,3,2,1,27:14,1634
401767511,2025,7,2,2025-10-11T19:30Z,2449,North Dakota State Bison,NDSU,FCS,79,Southern Illinois Salukis,FCS,home,45,17,24,540,276,16,19,14.5,264,43,6.1,8,12,66.66666666666666666666666667,0,0,,5,50,0,0,0,32:46,1966
401767133,2025,7,2,2025-10-12T00:00Z,16,Sacramento State Hornets,SAC,FCS,2692,Weber State Wildcats,FCS,away,55,27,22,460,63,6,10,6.3,397,50,7.9,5,10,50,2,3,66.66666666666666666666666667,11,94,0,0,0,28:58,1738
401767133,2025,7,2,2025-10-12T00:00Z,2692,Weber State Wildcats,WEB,FCS,16,Sacramento State Hornets,FCS,home,27,55,19,301,157,16,28,5.6,144,41,3.5,5,13,38.46153846153846153846153846,1,2,50,4,25,0,0,0,31:02,1862
401767449,2025,8,2,2025-10-18T17:00Z,2449,North Dakota State Bison,NDSU,FCS,282,Indiana State Sycamores,FCS,away,38,7,26,444,161,13,20,8.1,283,52,5.4,6,11,54.54545454545454545454545455,0,2,0,5,30,1,0,1,37:19,2239
401767449,2025,8,2,2025-10-18T17:00Z,282,Indiana State Sycamores,INST,FCS,2449,North Dakota State Bison,FCS,home,7,38,10,192,107,14,24,4.5,85,29,2.9,3,13,23.07692307692307692307692308,1,2,50,4,35,1,0,1,22:41,1361
401767123,2025,8,2,2025-10-19T01:00Z,2458,Northern Colorado Bears,UNCO,FCS,16,Sacramento State Hornets,FCS,away,35,40,22,484,321,21,33,9.7,163,35,4.7,7,13,53.84615384615384615384615385,0,1,0,2,25,4,0,4,24:03,1443
401767123,2025,8,2,2025-10-19T01:00Z,16,Sacramento State Hornets,SAC,FCS,2458,Northern Colorado Bears,FCS,home,40,35,21,434,111,9,17,6.5,323,57,5.7,5,16,31.25,3,3,100,7,60,0,0,0,35:57,2157
401767101,2025,9,2,2025-10-25T02:35Z,149,Montana Grizzlies,MONT,FCS,16,Sacramento State Hornets,FCS,away,49,35,18,386,224,17,25,9.0,162,33,4.9,8,13,61.53846153846153846153846154,1,2,50,1,5,1,0,1,25:55,1555
401767101,2025,9,2,2025-10-25T02:35Z,16,Sacramento State Hornets,SAC,FCS,149,Montana Grizzlies,FCS,home,35,49,24,478,337,26,33,10.2,141,43,3.3,9,17,52.94117647058823529411764706,2,4,50,10,80,2,1,1,34:05,2045
401767512,2025,9,2,2025-10-26T00:00Z,2449,North Dakota State Bison,NDSU,FCS,2571,South Dakota State Jackrabbits,FCS,away,38,7,24,500,243,18,24,10.1,257,49,5.2,9,16,56.25,3,3,100,6,55,1,0,1,38:01,2281
401767512,2025,9,2,2025-10-26T00:00Z,2571,South Dakota State Jackrabbits,SDST,FCS,2449,North Dakota State Bison,FCS,home,7,38,11,166,123,9,19,6.5,43,28,1.5,3,11,27.27272727272727272727272727,0,2,0,4,23,0,0,0,21:59,1319
401767513,2025,10,2,2025-11-01T19:30Z,2754,Youngstown State Penguins,YSU,FCS,2449,North Dakota State Bison,FCS,away,30,38,21,371,203,19,30,6.8,168,29,5.8,3,8,37.5,0,0,,7,26,3,2,1,26:45,1605
401767513,2025,10,2,2025-11-01T19:30Z,2449,North Dakota State Bison,NDSU,FCS,2754,Youngstown State Penguins,FCS,home,38,30,18,327,194,17,24,8.1,133,40,3.3,7,12,58.33333333333333333333333333,0,0,,4,30,1,0,1,33:15,1995
401767066,2025,10,2,2025-11-01T20:00Z,16,Sacramento State Hornets,SAC,FCS,331,Eastern Washington Eagles,FCS,away,35,13,16,391,15,3,6,2.5,376,56,6.7,9,16,56.25,0,0,,3,25,3,2,1,29:29,1769
401767066,2025,10,2,2025-11-01T20:00Z,331,Eastern Washington Eagles,EWU,FCS,16,Sacramento State Hornets,FCS,home,13,35,20,278,240,30,53,4.5,38,30,1.3,5,18,27.77777777777777777777777778,1,3,33.33333333333333333333333333,4,26,0,0,0,30:31,1831
401767507,2025,11,2,2025-11-08T19:00Z,2449,North Dakota State Bison,NDSU,FCS,155,North Dakota Fighting Hawks,FCS,away,15,10,10,268,125,8,15,8.3,143,36,4.0,2,12,16.66666666666666666666666667,1,1,100,11,98,1,0,1,25:18,1518
401767507,2025,11,2,2025-11-08T19:00Z,155,North Dakota Fighting Hawks,UND,FCS,2449,North Dakota State Bison,FCS,home,10,15,23,286,170,21,38,4.5,116,43,2.7,6,16,37.5,2,4,50,5,22,3,0,3,34:42,2082
401767129,2025,11,2,2025-11-08T22:00Z,16,Sacramento State Hornets,SAC,FCS,2502,Portland State Vikings,FCS,away,52,24,18,483,188,8,11,17.1,295,47,6.3,5,12,41.66666666666666666666666667,1,2,50,5,50,1,1,0,28:41,1721
401767129,2025,11,2,2025-11-08T22:00Z,2502,Portland State Vikings,PRST,FCS,16,Sacramento State Hornets,FCS,home,24,52,17,319,177,13,24,7.4,142,45,3.2,5,15,33.33333333333333333333333333,0,1,0,8,70,3,1,2,31:19,1879
401767514,2025,12,2,2025-11-15T20:30Z,2460,Northern Iowa Panthers,UNI,FCS,2449,North Dakota State Bison,FCS,away,16,48,13,201,99,9,23,4.3,102,35,2.9,3,14,21.42857142857142857142857143,2,3,66.66666666666666666666666667,3,25,2,0,2,29:47,1787
401767514,2025,12,2,2025-11-15T20:30Z,2449,North Dakota State Bison,NDSU,FCS,2460,Northern Iowa Panthers,FCS,home,48,16,24,477,268,18,25,10.7,209,39,5.4,5,11,45.45454545454545454545454545,2,3,66.66666666666666666666666667,5,44,1,1,0,30:13,1813
401767096,2025,12,2,2025-11-16T02:00Z,70,Idaho Vandals,IDHO,FCS,16,Sacramento State Hornets,FCS,away,20,23,19,355,162,15,26,6.2,193,29,6.7,7,12,58.33333333333333333333333333,0,0,,5,55,1,0,1,26:46,1606
401767096,2025,12,2,2025-11-16T02:00Z,16,Sacramento State Hornets,SAC,FCS,70,Idaho Vandals,FCS,home,23,20,25,458,176,14,18,9.8,282,58,4.9,4,13,30.76923076923076923076923077,3,5,60,6,52,0,0,0,33:14,1994
401767515,2025,13,2,2025-11-22T20:30Z,2900,St. Thomas-Minnesota Tommies,STMN,FCS,2449,North Dakota State Bison,FCS,away,7,62,12,229,152,17,33,4.6,77,32,2.4,5,16,31.25,0,1,0,4,29,4,2,2,31:06,1866
401767515,2025,13,2,2025-11-22T20:30Z,2449,North Dakota State Bison,NDSU,FCS,2900,St. Thomas-Minnesota Tommies,FCS,home,62,7,23,665,397,17,23,17.3,268,38,7.1,5,10,50,0,0,,4,40,2,2,0,28:54,1734
401767134,2025,13,2,2025-11-22T21:00Z,16,Sacramento State Hornets,SAC,FCS,302,UC Davis Aggies,FCS,away,27,31,22,343,17,3,9,1.9,326,65,5.0,5,14,35.71428571428571428571428571,3,6,50,5,43,1,0,1,35:09,2109
401767134,2025,13,2,2025-11-22T21:00Z,302,UC Davis Aggies,UCD,FCS,16,Sacramento State Hornets,FCS,home,31,27,22,406,306,24,30,10.2,100,29,3.4,6,10,60,0,0,,6,61,2,2,0,24:51,1491
401836198,2025,15,2,2025-12-06T18:00Z,2287,Illinois State Redbirds,ILST,FCS,2449,North Dakota State Bison,FCS,away,29,28,23,422,249,35,52,4.8,173,39,4.4,6,18,33.33333333333333333333333333,4,6,66.66666666666666666666666667,4,21,5,0,5,42:01,2521
401836198,2025,15,2,2025-12-06T18:00Z,2449,North Dakota State Bison,NDSU,FCS,2287,Illinois State Redbirds,FCS,home,28,29,6,179,120,6,19,6.3,59,27,2.2,2,13,15.38461538461538461538461538,1,2,50,5,54,2,2,0,17:59,1079
401756846,2025,1,2,2025-08-23T16:00Z,66,Iowa State Cyclones,ISU,FBS,2306,Kansas State Wildcats,FBS,away,24,21,19,313,183,14,28,6.5,130,46,2.8,3,14,21.42857142857142857142857143,3,3,100,1,5,2,2,0,33:52,2032
401756846,2025,1,2,2025-08-23T16:00Z,2306,Kansas State Wildcats,KSU,FBS,66,Iowa State Cyclones,FBS,home,21,24,13,383,273,21,30,9.1,110,27,4.1,5,13,38.46153846153846153846153846,1,4,25,6,48,2,2,0,26:08,1568
401760371,2025,1,2,2025-08-23T20:00Z,304,Idaho State Bengals,IDST,FCS,2439,UNLV Rebels,FBS,away,31,38,30,555,395,31,52,7.6,160,25,6.4,5,13,38.46153846153846153846153846,1,3,33.33333333333333333333333333,10,80,4,0,4,28:48,1728
401760371,2025,1,2,2025-08-23T20:00Z,2439,UNLV Rebels,UNLV,FBS,304,Idaho State Bengals,FCS,home,38,31,25,532,232,18,24,9.7,300,44,6.8,3,12,25,1,1,100,8,90,1,1,0,31:12,1872
401756847,2025,1,2,2025-08-23T22:30Z,278,Fresno State Bulldogs,FRES,FBS,2305,Kansas Jayhawks,FBS,away,7,31,13,216,179,18,29,6.2,37,29,1.3,7,15,46.66666666666666666666666667,1,2,50,4,50,3,1,2,26:52,1612
401756847,2025,1,2,2025-08-23T22:30Z,2305,Kansas Jayhawks,KU,FBS,278,Fresno State Bulldogs,FBS,home,31,7,22,383,176,18,20,8.8,207,38,5.4,2,10,20,2,3,66.66666666666666666666666667,9,72,0,0,0,33:08,1988
401757218,2025,1,2,2025-08-23T23:00Z,2534,Sam Houston Bearkats,SHSU,FBS,98,Western Kentucky Hilltoppers,FBS,away,24,41,14,382,209,19,30,7.0,173,31,5.6,2,14,14.28571428571428571428571429,0,3,0,7,51,1,0,1,27:04,1624
401757218,2025,1,2,2025-08-23T23:00Z,98,Western Kentucky Hilltoppers,WKU,FBS,2534,Sam Houston Bearkats,FBS,home,41,24,26,506,401,33,51,7.9,105,35,3.0,11,19,57.89473684210526315789473684,0,1,0,2,17,2,2,0,32:56,1976
401754516,2025,1,2,2025-08-23T23:30Z,24,Stanford Cardinal,STAN,FBS,62,Hawai'i Rainbow Warriors,FBS,away,20,23,21,286,109,15,30,3.6,177,43,4.1,8,17,47.05882352941176470588235294,2,2,100,7,70,1,0,1,36:07,2167
401754516,2025,1,2,2025-08-23T23:30Z,62,Hawai'i Rainbow Warriors,HAW,FBS,24,Stanford Cardinal,FBS,home,23,20,20,306,210,27,40,5.3,96,24,4.0,3,10,30,0,1,0,8,70,1,1,0,23:53,1433
401762522,2025,1,2,2025-08-28T21:30Z,68,Boise State Broncos,BOIS,FBS,58,South Florida Bulls,FBS,away,7,34,25,378,256,27,48,5.3,122,38,3.2,6,17,35.29411764705882352941176471,2,6,33.33333333333333333333333333,8,57,3,3,0,36:21,2181
401762522,2025,1,2,2025-08-28T21:30Z,58,South Florida Bulls,USF,FBS,68,Boise State Broncos,FBS,home,34,7,15,372,255,17,25,10.2,117,28,4.2,5,14,35.71428571428571428571428571,1,2,50,7,56,0,0,0,23:39,1419
401752794,2025,1,2,2025-08-28T22:00Z,195,Ohio Bobcats,OHIO,FBS,164,Rutgers Scarlet Knights,FBS,away,31,34,24,440,239,21,31,7.7,201,31,6.5,5,10,50,1,1,100,6,37,0,0,0,28:15,1695
401752794,2025,1,2,2025-08-28T22:00Z,164,Rutgers Scarlet Knights,RUTG,FBS,195,Ohio Bobcats,FBS,home,34,31,24,399,252,18,23,11.0,147,37,4.0,1,10,10,5,5,100,5,35,0,0,0,31:45,1905
401762790,2025,1,2,2025-08-28T22:00Z,322,Lafayette Leopards,LAF,FCS,189,Bowling Green Falcons,FBS,away,7,26,11,177,118,16,29,4.1,59,30,2.0,4,14,28.57142857142857142857142857,1,3,33.33333333333333333333333333,4,35,0,0,0,27:40,1660
401762790,2025,1,2,2025-08-28T22:00Z,189,Bowling Green Falcons,BGSU,FBS,322,Lafayette Leopards,FCS,home,26,7,17,266,109,12,18,6.1,157,43,3.7,5,13,38.46153846153846153846153846,0,1,0,4,37,0,0,0,32:20,1940
401754373,2025,1,2,2025-08-28T23:00Z,151,East Carolina Pirates,ECU,FBS,152,NC State Wolfpack,FBS,away,17,24,18,413,383,31,45,8.5,30,29,1.0,6,16,37.5,1,4,25,10,86,0,0,0,27:53,1673
401754373,2025,1,2,2025-08-28T23:00Z,152,NC State Wolfpack,NCSU,FBS,151,East Carolina Pirates,FBS,home,24,17,21,423,318,24,34,9.4,105,36,2.9,7,15,46.66666666666666666666666667,0,0,,7,63,1,0,1,32:07,1927
401756848,2025,1,2,2025-08-28T23:00Z,55,Jacksonville State Gamecocks,JVST,FBS,2116,UCF Knights,FBS,away,10,17,18,322,157,16,30,5.2,165,39,4.2,3,15,20,4,6,66.66666666666666666666666667,7,60,1,0,1,28:04,1684
401756848,2025,1,2,2025-08-28T23:00Z,2116,UCF Knights,UCF,FBS,55,Jacksonville State Gamecocks,FBS,home,17,10,23,422,314,22,33,9.5,108,37,2.9,7,15,46.66666666666666666666666667,2,2,100,9,80,1,1,0,31:56,1916
401757219,2025,1,2,2025-08-28T23:00Z,2169,Delaware State Hornets,DSU,FCS,48,Delaware Blue Hens,FBS,away,17,35,21,349,149,13,26,5.7,200,41,4.9,6,14,42.85714285714285714285714286,2,2,100,13,109,2,0,2,31:53,1913
401757219,2025,1,2,2025-08-28T23:00Z,48,Delaware Blue Hens,DEL,FBS,2169,Delaware State Hornets,FCS,home,35,17,26,428,291,31,44,6.6,137,26,5.3,8,13,61.53846153846153846153846154,2,2,100,6,55,1,1,0,28:07,1687
401761588,2025,1,2,2025-08-28T23:00Z,2598,Saint Francis Red Flash,SFPA,FCS,2433,UL Monroe Warhawks,FBS,away,0,29,7,131,50,12,20,2.5,81,27,3.0,2,12,16.66666666666666666666666667,0,1,0,6,58,1,0,1,29:11,1751
401761588,2025,1,2,2025-08-28T23:00Z,2433,UL Monroe Warhawks,ULM,FBS,2598,Saint Francis Red Flash,FCS,home,29,0,24,434,123,14,26,4.7,311,43,7.2,5,12,41.66666666666666666666666667,2,2,100,5,45,1,0,1,30:49,1849
401762789,2025,1,2,2025-08-28T23:00Z,2751,Wyoming Cowboys,WYO,FBS,2006,Akron Zips,FBS,away,10,0,19,426,260,19,36,7.2,166,39,4.3,9,20,45,1,3,33.33333333333333333333333333,7,40,1,0,1,33:16,1996
401762789,2025,1,2,2025-08-28T23:00Z,2006,Akron Zips,AKR,FBS,2751,Wyoming Cowboys,FBS,home,0,10,13,228,139,16,38,3.7,89,28,3.2,3,15,20,2,3,66.66666666666666666666666667,5,34,1,0,1,26:44,1604
401752674,2025,1,2,2025-08-28T23:30Z,2110,Central Arkansas Bears,CARK,FCS,142,Missouri Tigers,FBS,away,6,61,15,227,73,13,23,3.2,154,39,3.9,2,13,15.38461538461538461538461538,1,1,100,5,60,2,1,1,29:51,1791
401752674,2025,1,2,2025-08-28T23:30Z,142,Missouri Tigers,MIZ,FBS,2110,Central Arkansas Bears,FCS,home,61,6,25,560,341,26,31,11.0,219,38,5.8,9,13,69.23076923076923076923076923,1,1,100,8,70,0,0,0,30:09,1809
401754517,2025,1,2,2025-08-28T23:30Z,2210,Elon Phoenix,ELON,FCS,150,Duke Blue Devils,FBS,away,17,45,14,275,112,11,18,6.2,163,44,3.7,8,17,47.05882352941176470588235294,1,2,50,7,47,0,0,0,32:53,1973
401754517,2025,1,2,2025-08-28T23:30Z,150,Duke Blue Devils,DUKE,FBS,2210,Elon Phoenix,FCS,home,45,17,23,548,389,27,34,11.4,159,25,6.4,5,9,55.55555555555555555555555556,0,0,,3,15,1,1,0,27:07,1627
401756876,2025,1,2,2025-08-28T23:30Z,2630,UT Martin Skyhawks,UTM,FCS,197,Oklahoma State Cowboys,FBS,away,7,27,13,225,109,10,17,6.4,116,38,3.1,6,15,40,0,0,,7,50,1,0,1,28:39,1719
401756876,2025,1,2,2025-08-28T23:30Z,197,Oklahoma State Cowboys,OKST,FBS,2630,UT Martin Skyhawks,FCS,home,27,7,20,359,232,18,30,7.7,127,42,3.0,10,18,55.55555555555555555555555556,1,1,100,5,55,0,0,0,31:21,1881
401752793,2025,1,2,2025-08-29T00:00Z,2084,Buffalo Bulls,BUFF,FBS,135,Minnesota Golden Gophers,FBS,away,10,23,8,151,107,12,20,5.4,44,24,1.8,1,11,9.090909090909090909090909091,1,1,100,4,45,1,1,0,21:32,1292
401752793,2025,1,2,2025-08-29T00:00Z,135,Minnesota Golden Gophers,MINN,FBS,2084,Buffalo Bulls,FBS,home,23,10,27,443,290,19,35,8.3,153,44,3.5,9,16,56.25,1,2,50,2,10,1,0,1,38:28,2308
401756852,2025,1,2,2025-08-29T00:00Z,2617,Stephen F. Austin Lumberjacks,SFA,FCS,248,Houston Cougars,FBS,away,0,27,7,144,105,17,33,3.2,39,25,1.6,3,16,18.75,0,3,0,7,60,2,0,2,25:11,1511
401756852,2025,1,2,2025-08-29T00:00Z,248,Houston Cougars,HOU,FBS,2617,Stephen F. Austin Lumberjacks,FCS,home,27,0,18,343,152,16,27,5.6,191,46,4.2,7,17,41.17647058823529411764705882,0,1,0,8,65,0,0,0,34:49,2089
401762430,2025,1,2,2025-08-29T00:30Z,2011,Alabama State Hornets,ALST,FCS,5,UAB Blazers,FBS,away,42,52,26,514,312,18,24,13.0,202,41,4.9,13,15,86.66666666666666666666666667,0,0,,7,44,1,1,0,34:14,2054
401762430,2025,1,2,2025-08-29T00:30Z,5,UAB Blazers,UAB,FBS,2011,Alabama State Hornets,FCS,home,52,42,24,520,247,18,23,10.7,273,35,7.8,4,7,57.14285714285714285714285714,1,2,50,5,40,0,0,0,25:46,1546
401752796,2025,1,2,2025-08-29T01:00Z,158,Nebraska Cornhuskers,NEB,FBS,2132,Cincinnati Bearcats,FBS,away,20,17,23,353,243,33,42,5.8,110,36,3.1,10,18,55.55555555555555555555555556,1,2,50,3,27,0,0,0,39:30,2370
401752796,2025,1,2,2025-08-29T01:00Z,2132,Cincinnati Bearcats,CIN,FBS,158,Nebraska Cornhuskers,FBS,home,17,20,16,271,69,13,25,2.8,202,30,6.7,3,10,30,2,2,100,4,20,2,1,1,20:30,1230
401762791,2025,1,2,2025-08-29T01:00Z,193,Miami (OH) RedHawks,M-OH,FBS,275,Wisconsin Badgers,FBS,away,0,17,7,117,83,9,18,4.6,34,22,1.5,0,9,0,0,0,,5,60,2,0,2,20:47,1247
401762791,2025,1,2,2025-08-29T01:00Z,275,Wisconsin Badgers,WIS,FBS,193,Miami (OH) RedHawks,FBS,home,17,0,23,353,188,18,32,5.9,165,43,3.8,8,16,50,1,2,50,5,40,1,0,1,39:13,2353
401760357,2025,1,2,2025-08-29T02:00Z,2619,Stony Brook Seawolves,STBK,FCS,21,San Diego State Aztecs,FBS,away,0,42,6,95,46,9,25,1.8,49,28,1.8,2,15,13.33333333333333333333333333,1,2,50,4,28,0,0,0,22:35,1355
401760357,2025,1,2,2025-08-29T02:00Z,21,San Diego State Aztecs,SDSU,FBS,2619,Stony Brook Seawolves,FCS,home,42,0,24,464,236,16,29,8.1,228,54,4.2,9,19,47.36842105263157894736842105,3,4,75,7,65,0,0,0,37:25,2245
401752795,2025,1,2,2025-08-29T23:30Z,2710,Western Illinois Leathernecks,WIU,FCS,356,Illinois Fighting Illini,FBS,away,3,52,11,163,134,14,29,4.6,29,26,1.1,5,14,35.71428571428571428571428571,0,2,0,8,59,1,1,0,27:18,1638
401752795,2025,1,2,2025-08-29T23:30Z,356,Illinois Fighting Illini,ILL,FBS,2710,Western Illinois Leathernecks,FCS,home,52,3,21,440,231,18,22,10.5,209,37,5.6,4,9,44.44444444444444444444444444,2,2,100,5,60,0,0,0,32:42,1962
401762432,2025,1,2,2025-08-29T22:00Z,2627,Tarleton State Texans,TAR,FCS,349,Army Black Knights,FBS,away,30,27,16,344,152,16,30,5.1,192,42,4.6,6,18,33.33333333333333333333333333,1,2,50,9,73,0,0,0,23:26,1406
401762432,2025,1,2,2025-08-29T22:00Z,349,Army Black Knights,ARMY,FBS,2627,Tarleton State Texans,FCS,home,27,30,24,411,131,8,16,8.2,280,66,4.2,6,16,37.5,1,2,50,5,35,3,1,2,36:34,2194
401752802,2025,1,2,2025-08-29T23:00Z,2711,Western Michigan Broncos,WMU,FBS,127,Michigan State Spartans,FBS,away,6,23,10,217,188,16,33,5.7,29,24,1.2,4,14,28.57142857142857142857142857,0,3,0,5,21,1,0,1,23:13,1393
401752802,2025,1,2,2025-08-29T23:00Z,127,Michigan State Spartans,MSU,FBS,2711,Western Michigan Broncos,FBS,home,23,6,20,336,155,17,24,6.5,181,44,4.1,4,13,30.76923076923076923076923077,1,1,100,5,35,2,1,1,36:47,2207
401754374,2025,1,2,2025-08-29T23:00Z,338,Kennesaw State Owls,KENN,FBS,154,Wake Forest Demon Deacons,FBS,away,9,10,18,307,149,12,33,4.5,158,43,3.7,9,19,47.36842105263157894736842105,0,2,0,9,68,0,0,0,24:59,1499
401754374,2025,1,2,2025-08-29T23:00Z,154,Wake Forest Demon Deacons,WAKE,FBS,338,Kennesaw State Owls,FBS,home,10,9,20,348,218,20,28,7.8,130,47,2.8,6,17,35.29411764705882352941176471,1,2,50,8,75,0,0,0,35:01,2101
401761589,2025,1,2,2025-08-29T23:00Z,2026,App State Mountaineers,APP,FBS,2429,Charlotte 49ers,FBS,away,34,11,32,586,404,33,50,8.1,182,38,4.8,7,15,46.66666666666666666666666667,2,2,100,9,98,1,1,0,33:58,2038
401761589,2025,1,2,2025-08-29T23:00Z,2429,Charlotte 49ers,CLT,FBS,2026,App State Mountaineers,FBS,home,11,34,15,218,142,13,25,5.7,76,29,2.6,4,14,28.57142857142857142857142857,2,2,100,7,54,2,1,1,26:02,1562
401756854,2025,1,2,2025-08-29T23:30Z,2681,Wagner Seahawks,WAG,FCS,2305,Kansas Jayhawks,FBS,away,7,46,6,143,90,13,20,4.5,53,28,1.9,2,14,14.28571428571428571428571429,1,1,100,10,70,0,0,0,26:45,1605
401756854,2025,1,2,2025-08-29T23:30Z,2305,Kansas Jayhawks,KU,FBS,2681,Wagner Seahawks,FCS,home,46,7,32,631,346,23,34,10.2,285,44,6.5,4,10,40,1,2,50,6,55,2,1,1,33:15,1995
401752667,2025,1,2,2025-08-30T00:00Z,2,Auburn Tigers,AUB,FBS,239,Baylor Bears,FBS,away,38,24,25,415,108,11,17,6.4,307,52,5.9,5,10,50,1,1,100,9,83,0,0,0,33:18,1998
401752667,2025,1,2,2025-08-30T00:00Z,239,Baylor Bears,BAY,FBS,2,Auburn Tigers,FBS,home,24,38,23,483,419,27,48,8.7,64,24,2.7,5,15,33.33333333333333333333333333,3,6,50,6,55,0,0,0,26:42,1602
401754375,2025,1,2,2025-08-30T00:00Z,59,Georgia Tech Yellow Jackets,GT,FBS,38,Colorado Buffaloes,FBS,away,27,20,27,463,143,13,21,6.8,320,47,6.8,6,11,54.54545454545454545454545455,1,1,100,8,65,3,2,1,32:23,1943
401754375,2025,1,2,2025-08-30T00:00Z,38,Colorado Buffaloes,COLO,FBS,59,Georgia Tech Yellow Jackets,FBS,home,20,27,19,305,159,17,29,5.5,146,31,4.7,5,13,38.46153846153846153846153846,1,1,100,5,45,0,0,0,27:37,1657
401766898,2025,1,2,2025-08-30T00:15Z,2065,Bethune-Cookman Wildcats,BCU,FCS,2229,Florida International Panthers,FBS,away,9,42,17,346,241,23,39,6.2,105,30,3.5,5,15,33.33333333333333333333333333,0,3,0,8,75,1,1,0,27:59,1679
401766898,2025,1,2,2025-08-30T00:15Z,2229,Florida International Panthers,FIU,FBS,2065,Bethune-Cookman Wildcats,FCS,home,42,9,28,456,233,22,35,6.7,223,38,5.9,8,14,57.14285714285714285714285714,1,2,50,7,40,1,1,0,32:01,1921
401757224,2025,1,2,2025-08-30T01:30Z,2439,UNLV Rebels,UNLV,FBS,2534,Sam Houston Bearkats,FBS,away,38,21,20,404,249,19,23,10.8,155,33,4.7,5,9,55.55555555555555555555555556,1,1,100,8,92,1,0,1,29:42,1782
401757224,2025,1,2,2025-08-30T01:30Z,2534,Sam Houston Bearkats,SHSU,FBS,2439,UNLV Rebels,FBS,home,21,38,20,332,187,19,35,5.3,145,35,4.1,1,12,8.333333333333333333333333333,3,6,50,5,48,1,0,1,30:18,1818
401760358,2025,1,2,2025-08-30T02:30Z,2117,Central Michigan Chippewas,CMU,FBS,23,San José State Spartans,FBS,away,16,14,20,351,115,8,13,8.8,236,51,4.6,2,13,15.38461538461538461538461538,1,2,50,7,33,0,0,0,33:45,2025
401760358,2025,1,2,2025-08-30T02:30Z,23,San José State Spartans,SJSU,FBS,2117,Central Michigan Chippewas,FBS,home,14,16,19,383,308,24,45,6.8,75,24,3.1,8,16,50,0,0,,4,39,3,1,2,26:15,1575
401752677,2025,1,2,2025-08-30T16:00Z,251,Texas Longhorns,TEX,FBS,194,Ohio State Buckeyes,FBS,away,7,14,16,336,170,17,30,5.7,166,37,4.5,5,14,35.71428571428571428571428571,1,5,20,6,50,1,0,1,27:55,1675
401752677,2025,1,2,2025-08-30T16:00Z,194,Ohio State Buckeyes,OSU,FBS,251,Texas Longhorns,FBS,home,14,7,11,203,126,13,20,6.3,77,34,2.3,3,12,25,1,2,50,2,15,0,0,0,32:05,1925
401752807,2025,1,2,2025-08-30T19:30Z,2440,Nevada Wolf Pack,NEV,FBS,213,Penn State Nittany Lions,FBS,away,11,46,13,203,125,11,21,6.0,78,31,2.5,4,11,36.36363636363636363636363636,1,2,50,3,14,3,2,1,26:20,1580
401752807,2025,1,2,2025-08-30T19:30Z,213,Penn State Nittany Lions,PSU,FBS,2440,Nevada Wolf Pack,FBS,home,46,11,25,438,303,29,35,8.7,135,36,3.8,6,13,46.15384615384615384615384615,2,3,66.66666666666666666666666667,5,45,0,0,0,33:40,2020
401752671,2025,1,2,2025-08-30T23:30Z,99,LSU Tigers,LSU,FBS,228,Clemson Tigers,FBS,away,17,10,25,356,248,29,39,6.4,108,31,3.5,4,11,36.36363636363636363636363636,0,1,0,6,45,2,2,0,37:10,2230
401752671,2025,1,2,2025-08-30T23:30Z,228,Clemson Tigers,CLEM,FBS,99,LSU Tigers,FBS,home,10,17,13,261,230,19,38,6.1,31,20,1.6,3,13,23.07692307692307692307692308,2,4,50,6,57,1,0,1,22:50,1370
401752669,2025,1,2,2025-08-30T19:30Z,276,Marshall Thundering Herd,MRSH,FBS,61,Georgia Bulldogs,FBS,away,7,45,7,207,129,11,21,6.1,78,31,2.5,3,15,20,0,0,,6,42,0,0,0,25:31,1531
401752669,2025,1,2,2025-08-30T19:30Z,61,Georgia Bulldogs,UGA,FBS,276,Marshall Thundering Herd,FBS,home,45,7,27,488,249,19,32,7.8,239,44,5.4,6,16,37.5,3,3,100,2,15,0,0,0,34:29,2069
401752804,2025,1,2,2025-08-30T20:00Z,147,Montana State Bobcats,MTST,FCS,2483,Oregon Ducks,FBS,away,13,59,17,244,198,23,31,6.4,46,27,1.7,3,12,25,1,2,50,7,54,0,0,0,29:55,1795
401752804,2025,1,2,2025-08-30T20:00Z,2483,Oregon Ducks,ORE,FBS,147,Montana State Bobcats,FCS,home,59,13,29,506,253,19,25,10.1,253,39,6.5,7,10,70,2,2,100,3,29,0,0,0,30:08,1808
401752665,2025,1,2,2025-08-30T19:30Z,333,Alabama Crimson Tide,ALA,FBS,52,Florida State Seminoles,FBS,away,17,31,18,341,254,23,43,5.9,87,29,3.0,6,17,35.29411764705882352941176471,2,5,40,8,70,0,0,0,29:38,1778
401752665,2025,1,2,2025-08-30T19:30Z,52,Florida State Seminoles,FSU,FBS,333,Alabama Crimson Tide,FBS,home,31,17,20,382,152,9,14,10.9,230,49,4.7,5,12,41.66666666666666666666666667,2,2,100,4,40,1,1,0,30:22,1822
401756850,2025,1,2,2025-08-31T02:00Z,2464,Northern Arizona Lumberjacks,NAU,FCS,9,Arizona State Sun Devils,FBS,away,19,38,20,331,242,26,42,5.8,89,29,3.1,2,15,13.33333333333333333333333333,3,5,60,6,45,1,0,1,31:34,1894
401756850,2025,1,2,2025-08-31T02:00Z,9,Arizona State Sun Devils,ASU,FBS,2464,Northern Arizona Lumberjacks,FCS,home,38,19,21,458,257,25,39,6.6,201,22,9.1,2,10,20,2,3,66.66666666666666666666666667,12,93,1,0,1,28:26,1706
401752808,2025,1,2,2025-08-30T23:30Z,167,New Mexico Lobos,UNM,FBS,130,Michigan Wolverines,FBS,away,17,34,21,267,217,32,48,4.5,50,28,1.8,5,14,35.71428571428571428571428571,2,4,50,1,5,3,0,3,33:02,1982
401752808,2025,1,2,2025-08-30T23:30Z,130,Michigan Wolverines,MICH,FBS,167,New Mexico Lobos,FBS,home,34,17,20,452,251,21,31,8.1,201,32,6.3,6,13,46.15384615384615384615384615,0,1,0,8,65,1,1,0,26:58,1618
401752668,2025,1,2,2025-08-30T23:00Z,2341,Long Island University Sharks,LIU,FCS,57,Florida Gators,FBS,away,0,55,2,86,49,4,11,4.5,37,32,1.2,1,12,8.333333333333333333333333333,0,1,0,12,100,2,2,0,25:33,1533
401752668,2025,1,2,2025-08-30T23:00Z,57,Florida Gators,FLA,FBS,2341,Long Island University Sharks,FCS,home,55,0,28,451,251,27,36,7.0,200,38,5.3,7,13,53.84615384615384615384615385,0,0,,0,0,0,0,0,34:27,2067
401754521,2025,1,2,2025-08-31T01:15Z,2837,East Texas A&M Lions,ETAM,FCS,2567,SMU Mustangs,FBS,away,13,42,17,351,244,20,43,5.7,107,35,3.1,6,20,30,3,3,100,11,80,3,1,2,38:59,2339
401754521,2025,1,2,2025-08-31T01:15Z,2567,SMU Mustangs,SMU,FBS,2837,East Texas A&M Lions,FCS,home,42,13,25,400,260,22,30,8.7,140,33,4.2,4,10,40,1,2,50,8,84,3,2,1,21:01,1261
401756855,2025,1,2,2025-08-30T23:00Z,155,North Dakota Fighting Hawks,UND,FCS,2306,Kansas State Wildcats,FBS,away,35,38,23,354,252,24,39,6.5,102,33,3.1,5,14,35.71428571428571428571428571,1,2,50,4,30,1,1,0,31:14,1874
401756855,2025,1,2,2025-08-30T23:00Z,2306,Kansas State Wildcats,KSU,FBS,155,North Dakota Fighting Hawks,FCS,home,38,35,22,461,318,28,43,7.4,143,29,4.9,5,13,38.46153846153846153846153846,2,3,66.66666666666666666666666667,3,36,1,1,0,28:46,1726
401752675,2025,1,2,2025-08-30T22:00Z,2287,Illinois State Redbirds,ILST,FCS,201,Oklahoma Sooners,FBS,away,3,35,8,151,34,10,20,1.7,117,26,4.5,1,11,9.090909090909090909090909091,0,0,,2,10,0,0,0,27:04,1624
401752675,2025,1,2,2025-08-30T22:00Z,201,Oklahoma Sooners,OU,FBS,2287,Illinois State Redbirds,FCS,home,35,3,23,495,392,30,37,10.6,103,32,3.2,4,10,40,2,3,66.66666666666666666666666667,6,35,2,1,1,32:56,1976
401752678,2025,1,2,2025-08-30T23:00Z,2636,UTSA Roadrunners,UTSA,FBS,245,Texas A&M Aggies,FBS,away,24,42,17,373,170,21,34,5.0,203,33,6.2,5,16,31.25,1,1,100,4,34,0,0,0,33:41,2021
401752678,2025,1,2,2025-08-30T23:00Z,245,Texas A&M Aggies,TA&M,FBS,2636,UTSA Roadrunners,FBS,home,42,24,17,399,291,23,36,8.1,108,23,4.7,3,11,27.27272727272727272727272727,1,1,100,7,50,0,0,0,26:19,1579
401752806,2025,1,2,2025-08-30T18:30Z,295,Old Dominion Monarchs,ODU,FBS,84,Indiana Hoosiers,FBS,away,14,27,10,314,96,11,22,4.4,218,23,9.5,4,10,40,0,0,,9,65,3,0,3,18:32,1112
401752806,2025,1,2,2025-08-30T18:30Z,84,Indiana Hoosiers,IU,FBS,295,Old Dominion Monarchs,FBS,home,27,14,30,502,193,18,32,6.0,309,57,5.4,10,17,58.82352941176470588235294118,0,2,0,3,25,1,1,0,41:28,2488
401752672,2025,1,2,2025-08-30T23:45Z,2247,Georgia State Panthers,GAST,FBS,145,Ole Miss Rebels,FBS,away,7,63,10,260,69,12,25,2.8,191,35,5.5,2,15,13.33333333333333333333333333,2,4,50,8,60,1,0,1,31:24,1884
401752672,2025,1,2,2025-08-30T23:45Z,145,Ole Miss Rebels,MISS,FBS,2247,Georgia State Panthers,FBS,home,63,7,34,695,400,24,37,10.8,295,44,6.7,8,13,61.53846153846153846153846154,1,1,100,8,51,2,0,2,28:36,1716
401756853,2025,1,2,2025-08-30T19:30Z,233,South Dakota Coyotes,SDAK,FCS,66,Iowa State Cyclones,FBS,away,7,55,11,209,126,15,29,4.3,83,22,3.8,5,12,41.66666666666666666666666667,0,1,0,5,36,2,0,2,24:42,1482
401756853,2025,1,2,2025-08-30T19:30Z,66,Iowa State Cyclones,ISU,FBS,233,South Dakota Coyotes,FCS,home,55,7,28,529,306,23,25,12.2,223,42,5.3,9,10,90,0,0,,3,30,0,0,0,35:18,2118
401756877,2025,1,2,2025-08-30T23:30Z,2029,Arkansas-Pine Bluff Golden Lions,UAPB,FCS,2641,Texas Tech Red Raiders,FBS,away,7,67,11,175,122,17,33,3.7,53,26,2.0,4,15,26.66666666666666666666666667,1,2,50,4,31,1,0,1,32:38,1958
401756877,2025,1,2,2025-08-30T23:30Z,2641,Texas Tech Red Raiders,TTU,FBS,2029,Arkansas-Pine Bluff Golden Lions,FCS,home,67,7,33,608,314,25,32,9.8,294,29,10.1,5,8,62.5,1,1,100,7,60,0,0,0,20:22,1222
401752676,2025,1,2,2025-08-30T16:00Z,183,Syracuse Orange,SYR,FBS,2633,Tennessee Volunteers,FBS,away,26,45,24,377,274,23,40,6.9,103,44,2.3,5,14,35.71428571428571428571428571,3,4,75,4,30,2,1,1,34:31,2071
401752676,2025,1,2,2025-08-30T16:00Z,2633,Tennessee Volunteers,TENN,FBS,183,Syracuse Orange,FBS,home,45,26,22,493,247,16,28,8.8,246,40,6.2,7,12,58.33333333333333333333333333,0,0,,7,65,1,1,0,25:29,1529
401752673,2025,1,2,2025-08-30T16:00Z,344,Mississippi State Bulldogs,MSST,FBS,2572,Southern Miss Golden Eagles,FBS,away,34,17,24,465,279,27,36,7.8,186,41,4.5,8,14,57.14285714285714285714285714,0,0,,14,119,1,0,1,30:21,1821
401752673,2025,1,2,2025-08-30T16:00Z,2572,Southern Miss Golden Eagles,USM,FBS,344,Mississippi State Bulldogs,FBS,home,17,34,18,301,199,26,39,5.1,102,35,2.9,10,19,52.63157894736842105263157895,1,3,33.33333333333333333333333333,8,60,1,0,1,29:39,1779
401752797,2025,1,2,2025-08-30T16:00Z,2226,Florida Atlantic Owls,FAU,FBS,120,Maryland Terrapins,FBS,away,7,39,23,354,277,36,62,4.5,77,32,2.4,7,20,35,3,9,33.33333333333333333333333333,7,77,6,0,6,30:26,1826
401752797,2025,1,2,2025-08-30T16:00Z,120,Maryland Terrapins,MD,FBS,2226,Florida Atlantic Owls,FBS,home,39,7,22,380,268,28,47,5.7,112,30,3.7,5,17,29.41176470588235294117647059,0,2,0,14,100,0,0,0,29:34,1774
401752801,2025,1,2,2025-08-30T16:00Z,2050,Ball State Cardinals,BALL,FBS,2509,Purdue Boilermakers,FBS,away,0,31,13,203,87,10,16,5.4,116,36,3.2,4,13,30.76923076923076923076923077,1,2,50,3,18,0,0,0,33:40,2020
401752801,2025,1,2,2025-08-30T16:00Z,2509,Purdue Boilermakers,PUR,FBS,2050,Ball State Cardinals,FBS,home,31,0,23,433,340,20,29,11.7,93,30,3.1,4,11,36.36363636363636363636363636,2,2,100,3,25,0,0,0,26:20,1580
401752803,2025,1,2,2025-08-30T16:00Z,77,Northwestern Wildcats,NU,FBS,2655,Tulane Green Wave,FBS,away,3,23,19,237,161,19,36,4.5,76,27,2.8,5,12,41.66666666666666666666666667,0,2,0,4,19,5,1,4,26:39,1599
401752803,2025,1,2,2025-08-30T16:00Z,2655,Tulane Green Wave,TULN,FBS,77,Northwestern Wildcats,FBS,home,23,3,23,421,152,18,32,4.8,269,42,6.4,6,15,40,1,1,100,5,55,0,0,0,33:21,2001
401754520,2025,1,2,2025-08-30T16:00Z,2184,Duquesne Dukes,DUQ,FCS,221,Pittsburgh Panthers,FBS,away,9,61,8,208,171,17,27,6.3,37,31,1.2,2,15,13.33333333333333333333333333,0,0,,11,88,0,0,0,35:23,2123
401754520,2025,1,2,2025-08-30T16:00Z,221,Pittsburgh Panthers,PITT,FBS,2184,Duquesne Dukes,FCS,home,61,9,21,460,302,23,38,7.9,158,27,5.9,5,14,35.71428571428571428571428571,2,3,66.66666666666666666666666667,3,35,1,0,1,24:37,1477
401762434,2025,1,2,2025-08-30T16:00Z,2678,VMI Keydets,VMI,FCS,2426,Navy Midshipmen,FBS,away,7,52,9,212,197,16,28,7.0,15,22,0.7,4,14,28.57142857142857142857142857,1,2,50,5,35,0,0,0,24:33,1473
401762434,2025,1,2,2025-08-30T16:00Z,2426,Navy Midshipmen,NAVY,FBS,2678,VMI Keydets,FCS,home,52,7,26,556,92,9,14,6.6,464,56,8.3,10,13,76.92307692307692307692307692,0,0,,4,35,0,0,0,35:27,2127
401762792,2025,1,2,2025-08-30T16:00Z,2771,Merrimack Warriors,MRMK,FCS,2309,Kent State Golden Flashes,FBS,away,17,21,17,340,176,15,31,5.7,164,35,4.7,3,14,21.42857142857142857142857143,0,1,0,11,115,0,0,0,31:31,1891
401762792,2025,1,2,2025-08-30T16:00Z,2309,Kent State Golden Flashes,KENT,FBS,2771,Merrimack Warriors,FCS,home,21,17,15,305,209,12,19,11.0,96,37,2.6,5,14,35.71428571428571428571428571,0,1,0,8,65,1,1,0,28:24,1704
401752670,2025,1,2,2025-08-30T16:45Z,2649,Toledo Rockets,TOL,FBS,96,Kentucky Wildcats,FBS,away,16,24,17,329,270,23,40,6.8,59,29,2.0,7,17,41.17647058823529411764705882,1,4,25,11,93,1,0,1,28:19,1699
401752670,2025,1,2,2025-08-30T16:45Z,96,Kentucky Wildcats,UK,FBS,2649,Toledo Rockets,FBS,home,24,16,17,305,85,10,23,3.7,220,43,5.1,8,15,53.33333333333333333333333333,0,0,,3,30,2,1,1,31:41,1901
401754518,2025,1,2,2025-08-30T18:00Z,2230,Fordham Rams,FOR,FCS,103,Boston College Eagles,FBS,away,10,66,13,168,152,20,39,3.9,16,27,0.6,3,16,18.75,0,0,,2,15,1,0,1,25:55,1555
401754518,2025,1,2,2025-08-30T18:00Z,103,Boston College Eagles,BC,FBS,2230,Fordham Rams,FCS,home,66,10,26,555,458,31,39,11.7,97,39,2.5,12,18,66.66666666666666666666666667,1,1,100,1,15,0,0,0,34:05,2045
401756878,2025,1,2,2025-08-30T18:00Z,2523,Robert Morris Colonials,RMU,FCS,277,West Virginia Mountaineers,FBS,away,3,45,8,123,70,7,22,3.2,53,37,1.4,3,15,20,0,0,,4,24,2,2,0,32:30,1950
401756878,2025,1,2,2025-08-30T18:00Z,277,West Virginia Mountaineers,WVU,FBS,2523,Robert Morris Colonials,FCS,home,45,3,26,625,232,18,23,10.1,393,53,7.4,5,11,45.45454545454545454545454545,1,2,50,9,69,4,4,0,27:30,1650
401757167,2025,1,2,2025-08-30T18:00Z,2115,Central Connecticut Blue Devils,CCSU,FCS,41,UConn Huskies,FBS,away,13,59,13,257,129,9,23,5.6,128,40,3.2,5,16,31.25,0,1,0,6,40,0,0,0,32:32,1952
401757167,2025,1,2,2025-08-30T18:00Z,41,UConn Huskies,CONN,FBS,2115,Central Connecticut Blue Devils,FCS,home,59,13,26,638,388,27,38,10.2,250,33,7.6,12,16,75,0,1,0,8,78,0,0,0,27:28,1648
401754519,2025,1,2,2025-08-30T19:00Z,2198,Eastern Kentucky Colonels,EKU,FCS,97,Louisville Cardinals,FBS,away,17,51,10,150,76,5,14,5.4,74,39,1.9,3,14,21.42857142857142857142857143,0,0,,8,51,0,0,0,29:35,1775
401754519,2025,1,2,2025-08-30T19:00Z,97,Louisville Cardinals,LOU,FBS,2198,Eastern Kentucky Colonels,FCS,home,51,17,28,542,313,25,37,8.5,229,30,7.6,6,9,66.66666666666666666666666667,0,0,,12,106,3,0,3,30:25,1825
401760359,2025,1,2,2025-08-30T19:30Z,2083,Bucknell Bison,BUCK,FCS,2005,Air Force Falcons,FBS,away,13,49,18,266,169,16,24,7.0,97,38,2.6,3,11,27.27272727272727272727272727,1,2,50,6,50,2,1,1,28:22,1702
401760359,2025,1,2,2025-08-30T19:30Z,2005,Air Force Falcons,AFA,FBS,2083,Bucknell Bison,FCS,home,49,13,23,426,159,6,9,17.7,267,51,5.2,6,9,66.66666666666666666666666667,1,1,100,5,56,0,0,0,31:38,1898
401762456,2025,1,2,2025-08-30T19:30Z,218,Temple Owls,TEM,FBS,113,Massachusetts Minutemen,FBS,away,42,10,24,467,276,22,29,9.5,191,37,5.2,9,12,75,0,0,,5,57,0,0,0,33:46,2026
401762456,2025,1,2,2025-08-30T19:30Z,113,Massachusetts Minutemen,MASS,FBS,218,Temple Owls,FBS,home,10,42,18,302,199,25,40,5.0,103,22,4.7,3,11,27.27272727272727272727272727,1,3,33.33333333333333333333333333,5,32,2,1,1,26:14,1574
401762793,2025,1,2,2025-08-30T19:30Z,107,Holy Cross Crusaders,HC,FCS,2459,Northern Illinois Huskies,FBS,away,17,19,11,217,155,17,29,5.3,62,26,2.4,3,12,25,0,2,0,1,5,1,0,1,26:34,1594
401762793,2025,1,2,2025-08-30T19:30Z,2459,Northern Illinois Huskies,NIU,FBS,107,Holy Cross Crusaders,FCS,home,19,17,17,287,109,14,24,4.5,178,48,3.7,5,17,29.41176470588235294117647059,2,3,66.66666666666666666666666667,7,48,1,0,1,33:25,2005
401757220,2025,1,2,2025-08-30T20:00Z,311,Maine Black Bears,ME,FCS,2335,Liberty Flames,FBS,away,7,28,15,316,132,13,31,4.3,184,32,5.8,2,11,18.18181818181818181818181818,2,5,40,2,20,2,1,1,26:26,1586
401757220,2025,1,2,2025-08-30T20:00Z,2335,Liberty Flames,LIB,FBS,311,Maine Black Bears,FCS,home,28,7,22,391,197,19,33,6.0,194,40,4.9,11,19,57.89473684210526315789473684,1,2,50,4,40,0,0,0,33:34,2014
401752666,2025,1,2,2025-08-30T20:15Z,2010,Alabama A&M Bulldogs,AAMU,FCS,8,Arkansas Razorbacks,FBS,away,7,52,12,235,166,15,29,5.7,69,26,2.7,1,12,8.333333333333333333333333333,0,0,,7,42,2,2,0,26:21,1581
401752666,2025,1,2,2025-08-30T20:15Z,8,Arkansas Razorbacks,ARK,FBS,2010,Alabama A&M Bulldogs,FCS,home,52,7,29,552,358,26,36,9.9,194,40,4.9,9,14,64.28571428571428571428571429,0,0,,3,20,0,0,0,33:39,2019
401762433,2025,1,2,2025-08-30T20:30Z,236,Chattanooga Mocs,UTC,FCS,235,Memphis Tigers,FBS,away,10,45,14,232,114,12,19,6.0,118,37,3.2,2,12,16.66666666666666666666666667,1,1,100,3,25,2,0,2,31:33,1893
401762433,2025,1,2,2025-08-30T20:30Z,235,Memphis Tigers,MEM,FBS,236,Chattanooga Mocs,FCS,home,45,10,24,432,199,22,28,7.1,233,33,7.1,5,9,55.55555555555555555555555556,1,1,100,3,35,1,0,1,28:26,1706
401752799,2025,1,2,2025-08-30T22:00Z,399,UAlbany Great Danes,ALB,FCS,2294,Iowa Hawkeyes,FBS,away,7,34,9,177,134,13,26,5.2,43,21,2.0,2,11,18.18181818181818181818181818,1,1,100,3,15,0,0,0,23:23,1403
401752799,2025,1,2,2025-08-30T22:00Z,2294,Iowa Hawkeyes,IOWA,FBS,399,UAlbany Great Danes,FCS,home,34,7,20,358,48,9,16,3.0,310,53,5.8,10,16,62.5,2,2,100,2,20,1,1,0,36:37,2197
401754616,2025,1,2,2025-08-30T22:00Z,324,Coastal Carolina Chanticleers,CCU,FBS,258,Virginia Cavaliers,FBS,away,7,48,13,254,163,20,37,4.4,91,30,3.0,1,14,7.142857142857142857142857143,1,2,50,7,60,3,2,1,26:27,1587
401754616,2025,1,2,2025-08-30T22:00Z,258,Virginia Cavaliers,UVA,FBS,324,Coastal Carolina Chanticleers,FBS,home,48,7,23,454,290,22,36,8.1,164,43,3.8,9,18,50,1,3,33.33333333333333333333333333,7,50,0,0,0,33:33,2013
401761590,2025,1,2,2025-08-30T22:00Z,2692,Weber State Wildcats,WEB,FCS,256,James Madison Dukes,FBS,away,10,45,10,148,84,10,26,3.2,64,31,2.1,3,14,21.42857142857142857142857143,0,1,0,3,21,3,0,3,27:33,1653
401761590,2025,1,2,2025-08-30T22:00Z,256,James Madison Dukes,JMU,FBS,2692,Weber State Wildcats,FCS,home,45,10,23,458,145,17,27,5.4,313,44,7.1,7,13,53.84615384615384615384615385,1,3,33.33333333333333333333333333,6,75,2,1,1,32:27,1947
401752679,2025,1,2,2025-08-30T23:00Z,2127,Charleston Southern Buccaneers,CHSO,FCS,238,Vanderbilt Commodores,FBS,away,3,45,7,135,88,10,19,4.6,47,27,1.7,3,13,23.07692307692307692307692308,1,1,100,5,54,2,1,1,27:51,1671
401752679,2025,1,2,2025-08-30T23:00Z,238,Vanderbilt Commodores,VAN,FBS,2127,Charleston Southern Buccaneers,FCS,home,45,3,25,481,280,21,28,10.0,201,31,6.5,6,9,66.66666666666666666666666667,0,0,,7,60,0,0,0,32:09,1929
401757222,2025,1,2,2025-08-30T23:00Z,2046,Austin Peay Governors,APSU,FCS,2393,Middle Tennessee Blue Raiders,FBS,away,34,14,19,343,193,14,27,7.1,150,47,3.2,7,17,41.17647058823529411764705882,1,1,100,9,88,0,0,0,38:35,2315
401757222,2025,1,2,2025-08-30T23:00Z,2393,Middle Tennessee Blue Raiders,MTSU,FBS,2046,Austin Peay Governors,FCS,home,14,34,13,153,109,16,37,2.9,44,22,2.0,0,12,0,1,4,25,4,50,0,0,0,21:25,1285
401757226,2025,1,2,2025-08-30T23:00Z,2453,North Alabama Lions,UNA,FCS,98,Western Kentucky Hilltoppers,FBS,away,6,55,17,258,105,16,35,3.0,153,37,4.1,5,17,29.41176470588235294117647059,0,3,0,7,80,1,1,0,29:49,1789
401757226,2025,1,2,2025-08-30T23:00Z,98,Western Kentucky Hilltoppers,WKU,FBS,2453,North Alabama Lions,FCS,home,55,6,26,563,399,30,39,10.2,164,33,5.0,5,12,41.66666666666666666666666667,1,2,50,12,130,0,0,0,30:11,1811
401761591,2025,1,2,2025-08-30T23:00Z,2546,Southeast Missouri State Redhawks,SEMO,FCS,2032,Arkansas State Red Wolves,FBS,away,24,42,20,364,272,26,36,7.6,92,33,2.8,6,14,42.85714285714285714285714286,2,3,66.66666666666666666666666667,8,71,1,1,0,29:08,1748
401761591,2025,1,2,2025-08-30T23:00Z,2032,Arkansas State Red Wolves,ARST,FBS,2546,Southeast Missouri State Redhawks,FCS,home,42,24,25,492,345,26,32,10.8,147,36,4.1,5,11,45.45454545454545454545454545,1,2,50,7,70,1,1,0,30:52,1852
401761593,2025,1,2,2025-08-30T23:00Z,2415,Morgan State Bears,MORG,FCS,6,South Alabama Jaguars,FBS,away,21,38,17,326,159,15,25,6.4,167,40,4.2,5,13,38.46153846153846153846153846,2,2,100,10,61,4,3,1,22:46,1366
401761593,2025,1,2,2025-08-30T23:00Z,6,South Alabama Jaguars,USA,FBS,2415,Morgan State Bears,FCS,home,38,21,19,367,174,13,15,11.6,193,41,4.7,2,8,25,1,2,50,8,50,1,1,0,26:22,1582
401761595,2025,1,2,2025-08-30T23:00Z,2447,Nicholls Colonels,NICH,FCS,2653,Troy Trojans,FBS,away,20,38,16,249,184,21,27,6.8,65,25,2.6,4,11,36.36363636363636363636363636,0,1,0,6,45,1,0,1,29:13,1753
401761595,2025,1,2,2025-08-30T23:00Z,2653,Troy Trojans,TROY,FBS,2447,Nicholls Colonels,FCS,home,38,20,23,416,144,14,24,6.0,272,44,6.2,9,15,60,1,2,50,8,100,0,0,0,30:47,1847
401752798,2025,1,2,2025-08-30T23:30Z,2623,Missouri State Bears,MOST,FBS,30,USC Trojans,FBS,away,13,73,11,224,159,20,28,5.7,65,29,2.2,3,14,21.42857142857142857142857143,2,2,100,6,60,3,1,2,32:31,1951
401752798,2025,1,2,2025-08-30T23:30Z,30,USC Trojans,USC,FBS,2623,Missouri State Bears,FBS,home,73,13,27,597,364,24,27,13.5,233,30,7.8,6,7,85.71428571428571428571428571,0,0,,5,45,1,1,0,27:29,1649
401757221,2025,1,2,2025-08-30T23:30Z,2545,SE Louisiana Lions,SELA,FCS,2348,Louisiana Tech Bulldogs,FBS,away,0,24,18,271,145,15,31,4.7,126,44,2.9,9,18,50,0,2,0,7,43,3,1,2,27:53,1673
401757221,2025,1,2,2025-08-30T23:30Z,2348,Louisiana Tech Bulldogs,LT,FBS,2545,SE Louisiana Lions,FCS,home,24,0,14,262,126,13,19,6.6,136,34,4.0,3,10,30,0,1,0,5,50,0,0,0,24:31,1471
401757225,2025,1,2,2025-08-30T23:30Z,2638,UTEP Miners,UTEP,FBS,328,Utah State Aggies,FBS,away,16,28,19,284,181,23,37,4.9,103,35,2.9,4,15,26.66666666666666666666666667,2,2,100,7,63,1,0,1,29:23,1763
401757225,2025,1,2,2025-08-30T23:30Z,328,Utah State Aggies,USU,FBS,2638,UTEP Miners,FBS,home,28,16,18,360,233,19,28,8.3,127,33,3.8,2,12,16.66666666666666666666666667,0,0,,11,73,0,0,0,30:37,1837
401756851,2025,1,2,2025-08-31T00:00Z,2502,Portland State Vikings,PRST,FCS,252,BYU Cougars,FBS,away,0,69,3,51,56,10,20,2.8,-5,24,-0.2,1,13,7.692307692307692307692307692,0,0,,4,20,1,1,0,25:38,1538
401756851,2025,1,2,2025-08-31T00:00Z,252,BYU Cougars,BYU,FBS,2502,Portland State Vikings,FCS,home,69,0,28,606,138,12,18,7.7,468,48,9.8,6,10,60,1,1,100,5,55,1,1,0,34:22,2062
401761592,2025,1,2,2025-08-31T00:00Z,242,Rice Owls,RICE,FBS,309,Louisiana Ragin' Cajuns,FBS,away,14,12,18,251,45,7,9,5.0,206,55,3.7,5,12,41.66666666666666666666666667,0,1,0,8,90,0,0,0,36:24,2184
401761592,2025,1,2,2025-08-31T00:00Z,309,Louisiana Ragin' Cajuns,UL,FBS,242,Rice Owls,FBS,home,12,14,16,239,88,10,28,3.1,151,31,4.9,7,15,46.66666666666666666666666667,0,2,0,6,44,2,1,1,23:36,1416
401761594,2025,1,2,2025-08-31T00:00Z,2199,Eastern Michigan Eagles,EMU,FBS,326,Texas State Bobcats,FBS,away,27,52,23,391,248,23,34,7.3,143,33,4.3,6,15,40,2,2,100,6,50,0,0,0,29:02,1742
401761594,2025,1,2,2025-08-31T00:00Z,326,Texas State Bobcats,TXST,FBS,2199,Eastern Michigan Eagles,FBS,home,52,27,30,606,214,18,27,7.9,392,39,10.1,7,10,70,1,1,100,6,42,0,0,0,30:58,1858
401762435,2025,1,2,2025-08-31T00:00Z,2320,Lamar Cardinals,LAM,FCS,249,North Texas Mean Green,FBS,away,0,51,8,119,88,13,27,3.3,31,27,1.1,3,13,23.07692307692307692307692308,0,1,0,14,99,2,1,1,26:32,1592
401762435,2025,1,2,2025-08-31T00:00Z,249,North Texas Mean Green,UNT,FBS,2320,Lamar Cardinals,FCS,home,51,0,26,462,329,24,34,9.7,133,41,3.2,7,12,58.33333333333333333333333333,1,2,50,3,20,1,1,0,33:28,2008
401762457,2025,1,2,2025-08-31T00:00Z,2000,Abilene Christian Wildcats,ACU,FCS,202,Tulsa Golden Hurricane,FBS,away,7,35,13,260,140,13,19,7.4,120,40,3.0,5,15,33.33333333333333333333333333,1,3,33.33333333333333333333333333,3,25,1,0,1,26:55,1615
401762457,2025,1,2,2025-08-31T00:00Z,202,Tulsa Golden Hurricane,TLSA,FBS,2000,Abilene Christian Wildcats,FCS,home,35,7,25,499,236,22,34,6.9,263,46,5.7,8,19,42.10526315789473684210526316,4,4,100,10,53,0,0,0,33:05,1985
401757223,2025,1,2,2025-08-31T01:00Z,2803,Bryant Bulldogs,BRY,FCS,166,New Mexico State Aggies,FBS,away,3,19,16,255,187,20,33,5.7,68,35,1.9,6,18,33.33333333333333333333333333,0,2,0,11,99,1,0,1,31:18,1878
401757223,2025,1,2,2025-08-31T01:00Z,166,New Mexico State Aggies,NMSU,FBS,2803,Bryant Bulldogs,FCS,home,19,3,19,305,227,14,31,7.3,78,32,2.4,4,16,25,0,0,,8,80,1,0,1,28:10,1690
401760361,2025,1,2,2025-08-31T01:30Z,290,Georgia Southern Eagles,GASO,FBS,278,Fresno State Bulldogs,FBS,away,14,42,13,242,158,17,28,5.6,84,21,4.0,4,11,36.36363636363636363636363636,0,0,,5,58,1,0,1,21:59,1319
401760361,2025,1,2,2025-08-31T01:30Z,278,Fresno State Bulldogs,FRES,FBS,290,Georgia Southern Eagles,FBS,home,42,14,29,527,176,20,27,6.5,351,45,7.8,6,10,60,1,1,100,2,25,3,1,2,38:01,2281
401752947,2025,1,2,2025-08-31T02:00Z,70,Idaho Vandals,IDHO,FCS,265,Washington State Cougars,FBS,away,10,13,16,221,33,12,20,1.7,188,45,4.2,7,16,43.75,1,1,100,6,57,2,2,0,35:11,2111
401752947,2025,1,2,2025-08-31T02:00Z,265,Washington State Cougars,WSU,FBS,70,Idaho Vandals,FCS,home,13,10,13,211,208,23,32,6.5,3,22,0.1,3,12,25,2,2,100,7,48,1,1,0,24:46,1486
401752936,2025,1,2,2025-08-31T02:30Z,25,California Golden Bears,CAL,FBS,204,Oregon State Beavers,FBS,away,34,15,16,356,234,20,30,7.8,122,32,3.8,2,13,15.38461538461538461538461538,2,3,66.66666666666666666666666667,6,39,0,0,0,30:08,1808
401752936,2025,1,2,2025-08-31T02:30Z,204,Oregon State Beavers,ORST,FBS,25,California Golden Bears,FBS,home,15,34,19,313,248,22,34,7.3,65,27,2.4,3,11,27.27272727272727272727272727,1,2,50,3,20,2,1,1,29:52,1792
401756849,2025,1,2,2025-08-31T02:30Z,62,Hawai'i Rainbow Warriors,HAW,FBS,12,Arizona Wildcats,FBS,away,6,40,21,290,223,26,47,4.7,67,29,2.3,4,14,28.57142857142857142857142857,1,2,50,7,65,5,2,3,35:44,2144
401756849,2025,1,2,2025-08-31T02:30Z,12,Arizona Wildcats,ARIZ,FBS,62,Hawai'i Rainbow Warriors,FBS,home,40,6,16,344,161,13,23,7.0,183,33,5.5,3,11,27.27272727272727272727272727,2,2,100,8,54,0,0,0,24:16,1456
401752800,2025,1,2,2025-08-31T03:00Z,254,Utah Utes,UTAH,FBS,26,UCLA Bruins,FBS,away,43,10,30,492,206,21,26,7.9,286,54,5.3,14,16,87.5,1,1,100,3,15,0,0,0,37:28,2248
401752800,2025,1,2,2025-08-31T03:00Z,26,UCLA Bruins,UCLA,FBS,254,Utah Utes,FBS,home,10,43,14,220,136,11,22,6.2,84,28,3.0,2,11,18.18181818181818181818181818,3,4,75,3,30,1,0,1,22:32,1352
401752805,2025,1,2,2025-08-31T03:00Z,36,Colorado State Rams,CSU,FBS,264,Washington Huskies,FBS,away,21,38,17,265,180,17,33,5.5,85,27,3.1,3,13,23.07692307692307692307692308,3,5,60,5,20,1,0,1,23:16,1396
401752805,2025,1,2,2025-08-31T03:00Z,264,Washington Huskies,WASH,FBS,36,Colorado State Rams,FBS,home,38,21,26,509,226,18,24,9.4,283,51,5.5,8,14,57.14285714285714285714285714,1,1,100,6,34,1,1,0,36:44,2204
401754522,2025,1,2,2025-08-31T23:30Z,87,Notre Dame Fighting Irish,ND,FBS,2390,Miami Hurricanes,FBS,away,24,27,18,314,221,19,30,7.4,93,28,3.3,4,9,44.44444444444444444444444444,0,0,,5,15,2,1,1,26:03,1563
401754522,2025,1,2,2025-08-31T23:30Z,2390,Miami Hurricanes,MIA,FBS,87,Notre Dame Fighting Irish,FBS,home,27,24,20,339,205,20,30,6.8,134,38,3.5,4,13,30.76923076923076923076923077,2,3,66.66666666666666666666666667,6,51,0,0,0,33:57,2037
401752680,2025,1,2,2025-08-31T19:00Z,259,Virginia Tech Hokies,VT,FBS,2579,South Carolina Gamecocks,FBS,away,11,24,19,336,221,15,35,6.3,115,37,3.1,8,18,44.44444444444444444444444444,0,1,0,4,40,2,0,2,34:17,2057
401752680,2025,1,2,2025-08-31T19:00Z,2579,South Carolina Gamecocks,SC,FBS,259,Virginia Tech Hokies,FBS,home,24,11,16,328,209,12,19,11.0,119,37,3.2,4,12,33.33333333333333333333333333,1,1,100,8,51,0,0,0,25:43,1543
401754523,2025,1,2,2025-09-02T00:00Z,2628,TCU Horned Frogs,TCU,FBS,153,North Carolina Tar Heels,FBS,away,48,14,29,542,284,27,37,7.7,258,35,7.4,7,12,58.33333333333333333333333333,1,1,100,5,58,1,0,1,32:09,1929
401754523,2025,1,2,2025-09-02T00:00Z,153,North Carolina Tar Heels,UNC,FBS,2628,TCU Horned Frogs,FBS,home,14,48,10,222,172,13,21,8.2,50,28,1.8,1,10,10,1,1,100,3,25,3,2,1,27:51,1671
401754528,2025,2,2,2025-09-05T23:00Z,256,James Madison Dukes,JMU,FBS,97,Louisville Cardinals,FBS,away,14,28,19,263,137,18,31,4.4,126,47,2.7,7,17,41.17647058823529411764705882,1,3,33.33333333333333333333333333,12,95,2,1,1,37:12,2232
401754528,2025,2,2,2025-09-05T23:00Z,97,Louisville Cardinals,LOU,FBS,256,James Madison Dukes,FBS,home,28,14,12,264,151,13,23,6.6,113,30,3.8,5,14,35.71428571428571428571428571,1,2,50,5,49,1,1,0,22:48,1368
401752817,2025,2,2,2025-09-05T23:30Z,2710,Western Illinois Leathernecks,WIU,FCS,77,Northwestern Wildcats,FBS,away,7,42,10,181,110,12,27,4.1,71,23,3.1,2,12,16.66666666666666666666666667,0,0,,3,13,1,0,1,24:06,1446
401752817,2025,2,2,2025-09-05T23:30Z,77,Northwestern Wildcats,NU,FBS,2710,Western Illinois Leathernecks,FCS,home,42,7,24,526,245,21,29,8.4,281,41,6.9,8,16,50,1,1,100,6,54,1,1,0,35:54,2154
401752826,2025,2,2,2025-09-05T23:30Z,2459,Northern Illinois Huskies,NIU,FBS,120,Maryland Terrapins,FBS,away,9,20,13,271,91,14,22,4.1,180,48,3.8,7,20,35,4,6,66.66666666666666666666666667,6,55,0,0,0,33:35,2015
401752826,2025,2,2,2025-09-05T23:30Z,120,Maryland Terrapins,MD,FBS,2459,Northern Illinois Huskies,FBS,home,20,9,21,340,254,19,36,7.1,86,28,3.1,4,12,33.33333333333333333333333333,1,2,50,3,30,1,1,0,26:25,1585
401760363,2025,2,2,2025-09-06T01:00Z,331,Eastern Washington Eagles,EWU,FCS,68,Boise State Broncos,FBS,away,14,51,13,293,176,19,37,4.8,117,31,3.8,6,18,33.33333333333333333333333333,1,3,33.33333333333333333333333333,5,39,2,1,1,31:36,1896
401760363,2025,2,2,2025-09-06T01:00Z,68,Boise State Broncos,BOIS,FBS,331,Eastern Washington Eagles,FCS,home,51,14,22,637,309,17,29,10.7,328,39,8.4,7,13,53.84615384615384615384615385,0,1,0,6,55,0,0,0,28:24,1704
401752815,2025,2,2,2025-09-06T19:30Z,2755,Grambling Tigers,GRAM,FCS,194,Ohio State Buckeyes,FBS,away,0,70,10,166,72,11,22,3.3,94,33,2.8,3,14,21.42857142857142857142857143,1,1,100,6,40,3,2,1,29:05,1745
401752815,2025,2,2,2025-09-06T19:30Z,194,Ohio State Buckeyes,OSU,FBS,2755,Grambling Tigers,FCS,home,70,0,32,651,377,24,28,13.5,274,38,7.2,5,7,71.42857142857142857142857143,1,1,100,3,15,1,0,1,30:55,1855
401752811,2025,2,2,2025-09-06T16:00Z,2229,Florida International Panthers,FIU,FBS,213,Penn State Nittany Lions,FBS,away,0,34,14,290,149,18,33,4.5,141,39,3.6,6,18,33.33333333333333333333333333,3,5,60,4,40,2,1,1,34:17,2057
401752811,2025,2,2,2025-09-06T16:00Z,213,Penn State Nittany Lions,PSU,FBS,2229,Florida International Panthers,FBS,home,34,0,20,409,200,19,33,6.1,209,31,6.7,3,12,25,2,4,50,1,10,0,0,0,25:43,1543
401752687,2025,2,2,2025-09-06T23:30Z,2348,Louisiana Tech Bulldogs,LT,FBS,99,LSU Tigers,FBS,away,7,23,12,154,96,15,26,3.7,58,27,2.1,3,13,23.07692307692307692307692308,1,1,100,12,130,0,0,0,23:08,1388
401752687,2025,2,2,2025-09-06T23:30Z,99,LSU Tigers,LSU,FBS,2348,Louisiana Tech Bulldogs,FBS,home,23,7,27,365,237,26,41,5.8,128,34,3.8,9,16,56.25,0,0,,9,77,1,0,1,36:52,2212
401752685,2025,2,2,2025-09-06T18:28Z,2046,Austin Peay Governors,APSU,FCS,61,Georgia Bulldogs,FBS,away,6,28,10,196,151,16,23,6.6,45,28,1.6,3,13,23.07692307692307692307692308,1,2,50,3,10,1,0,1,26:51,1611
401752685,2025,2,2,2025-09-06T18:28Z,61,Georgia Bulldogs,UGA,FBS,2046,Austin Peay Governors,FCS,home,28,6,26,421,231,27,36,6.4,190,40,4.8,7,13,53.84615384615384615384615385,0,0,,3,24,2,2,0,33:09,1989
401754641,2025,2,2,2025-09-06T23:00Z,2065,Bethune-Cookman Wildcats,BCU,FCS,2390,Miami Hurricanes,FBS,away,3,45,14,191,99,14,18,5.5,92,33,2.8,1,11,9.090909090909090909090909091,0,1,0,2,20,2,1,1,31:55,1915
401754641,2025,2,2,2025-09-06T23:00Z,2390,Miami Hurricanes,MIA,FBS,2065,Bethune-Cookman Wildcats,FCS,home,45,3,31,543,344,30,36,9.6,199,30,6.6,4,6,66.66666666666666666666666667,0,1,0,4,50,0,0,0,28:05,1685
401752824,2025,2,2,2025-09-06T19:30Z,197,Oklahoma State Cowboys,OKST,FBS,2483,Oregon Ducks,FBS,away,3,69,9,211,67,7,19,3.5,144,42,3.4,4,16,25,1,1,100,8,45,2,0,2,31:19,1879
401752824,2025,2,2,2025-09-06T19:30Z,2483,Oregon Ducks,ORE,FBS,197,Oklahoma State Cowboys,FBS,home,69,3,24,631,319,18,25,12.8,312,37,8.4,7,12,58.33333333333333333333333333,1,2,50,6,35,0,0,0,28:41,1721
401752693,2025,2,2,2025-09-06T16:00Z,23,San José State Spartans,SJSU,FBS,251,Texas Longhorns,FBS,away,7,38,16,273,184,21,43,4.3,89,29,3.1,4,15,26.66666666666666666666666667,0,2,0,3,15,4,3,1,29:45,1785
401752693,2025,2,2,2025-09-06T16:00Z,251,Texas Longhorns,TEX,FBS,23,San José State Spartans,FBS,home,38,7,18,472,317,21,33,9.6,155,32,4.8,2,12,16.66666666666666666666666667,2,2,100,12,115,2,1,1,30:15,1815
401754637,2025,2,2,2025-09-06T19:30Z,2653,Troy Trojans,TROY,FBS,228,Clemson Tigers,FBS,away,16,27,16,301,223,19,31,7.2,78,32,2.4,5,13,38.46153846153846153846153846,1,2,50,10,97,3,0,3,33:01,1981
401754637,2025,2,2,2025-09-06T19:30Z,228,Clemson Tigers,CLEM,FBS,2653,Troy Trojans,FBS,home,27,16,17,316,196,18,24,8.2,120,31,3.9,5,12,41.66666666666666666666666667,0,1,0,3,30,2,1,1,26:59,1619
401752691,2025,2,2,2025-09-06T23:00Z,2569,South Carolina State Bulldogs,SCST,FCS,2579,South Carolina Gamecocks,FBS,away,10,38,13,270,208,18,28,7.4,62,34,1.8,6,16,37.5,0,1,0,6,55,1,1,0,34:39,2079
401752691,2025,2,2,2025-09-06T23:00Z,2579,South Carolina Gamecocks,SC,FBS,2569,South Carolina State Bulldogs,FCS,home,38,10,16,253,128,11,20,6.4,125,36,3.5,3,12,25,2,2,100,7,48,0,0,0,25:21,1521
401752825,2025,2,2,2025-09-06T16:00Z,356,Illinois Fighting Illini,ILL,FBS,150,Duke Blue Devils,FBS,away,45,19,25,419,296,22,31,9.5,123,42,2.9,5,13,38.46153846153846153846153846,2,2,100,7,51,0,0,0,36:12,2172
401752825,2025,2,2,2025-09-06T16:00Z,150,Duke Blue Devils,DUKE,FBS,356,Illinois Fighting Illini,FBS,home,19,45,21,438,356,25,39,9.1,82,24,3.4,4,10,40,1,2,50,6,69,5,4,1,23:48,1428
401752688,2025,2,2,2025-09-06T23:30Z,9,Arizona State Sun Devils,ASU,FBS,344,Mississippi State Bulldogs,FBS,away,20,24,23,333,82,10,23,3.6,251,51,4.9,3,14,21.42857142857142857142857143,2,3,66.66666666666666666666666667,8,49,2,0,2,37:57,2277
401752688,2025,2,2,2025-09-06T23:30Z,344,Mississippi State Bulldogs,MSST,FBS,9,Arizona State Sun Devils,FBS,home,24,20,17,345,279,19,33,8.5,66,30,2.2,6,14,42.85714285714285714285714286,0,2,0,6,60,0,0,0,22:03,1323
401752684,2025,2,2,2025-09-06T20:15Z,58,South Florida Bulls,USF,FBS,57,Florida Gators,FBS,away,18,16,20,391,263,23,36,7.3,128,29,4.4,6,16,37.5,1,1,100,9,75,0,0,0,25:47,1547
401752684,2025,2,2,2025-09-06T20:15Z,57,Florida Gators,FLA,FBS,58,South Florida Bulls,FBS,home,16,18,19,355,222,23,33,6.7,133,32,4.2,4,12,33.33333333333333333333333333,0,1,0,11,103,1,0,1,34:13,2053
401754621,2025,2,2,2025-09-06T16:00Z,2837,East Texas A&M Lions,ETAM,FCS,52,Florida State Seminoles,FBS,away,3,77,9,197,92,7,13,7.1,105,36,2.9,3,12,25,0,1,0,7,55,2,0,2,28:01,1681
401754621,2025,2,2,2025-09-06T16:00Z,52,Florida State Seminoles,FSU,FBS,2837,East Texas A&M Lions,FCS,home,77,3,29,729,368,16,20,18.4,361,51,7.1,10,14,71.42857142857142857142857143,3,3,100,3,35,1,1,0,31:59,1919
401752690,2025,2,2,2025-09-06T23:30Z,130,Michigan Wolverines,MICH,FBS,201,Oklahoma Sooners,FBS,away,13,24,12,288,142,9,24,5.9,146,32,4.6,3,14,21.42857142857142857142857143,0,1,0,3,32,0,0,0,27:48,1668
401752690,2025,2,2,2025-09-06T23:30Z,201,Oklahoma Sooners,OU,FBS,130,Michigan Wolverines,FBS,home,24,13,22,408,270,21,34,7.9,138,40,3.5,9,17,52.94117647058823529411764706,1,1,100,5,48,2,1,1,32:12,1932
401752822,2025,2,2,2025-09-06T16:00Z,2294,Iowa Hawkeyes,IOWA,FBS,66,Iowa State Cyclones,FBS,away,13,16,16,214,83,13,24,3.5,131,39,3.4,5,14,35.71428571428571428571428571,1,2,50,4,38,1,0,1,31:08,1868
401752822,2025,2,2,2025-09-06T16:00Z,66,Iowa State Cyclones,ISU,FBS,2294,Iowa Hawkeyes,FBS,home,16,13,14,238,134,18,27,5.0,104,30,3.5,8,15,53.33333333333333333333333333,0,0,,5,42,1,1,0,28:52,1732
401754525,2025,2,2,2025-09-06T16:00Z,239,Baylor Bears,BAY,FBS,2567,SMU Mustangs,FBS,away,48,45,32,601,440,34,50,8.8,161,44,3.7,8,18,44.44444444444444444444444444,3,6,50,6,64,2,2,0,32:36,1956
401754525,2025,2,2,2025-09-06T16:00Z,2567,SMU Mustangs,SMU,FBS,239,Baylor Bears,FBS,home,45,48,23,458,295,16,22,13.4,163,44,3.7,5,13,38.46153846153846153846153846,1,1,100,6,55,1,0,1,27:24,1644
401752694,2025,2,2,2025-09-06T16:45Z,328,Utah State Aggies,USU,FBS,245,Texas A&M Aggies,FBS,away,22,44,18,250,172,16,31,5.5,78,35,2.2,2,14,14.28571428571428571428571429,1,1,100,11,72,1,1,0,25:46,1546
401752694,2025,2,2,2025-09-06T16:45Z,245,Texas A&M Aggies,TA&M,FBS,328,Utah State Aggies,FBS,home,44,22,30,554,319,22,34,9.4,235,45,5.2,5,13,38.46153846153846153846153846,1,3,33.33333333333333333333333333,5,54,1,0,1,34:14,2054
401752686,2025,2,2,2025-09-06T19:30Z,145,Ole Miss Rebels,MISS,FBS,96,Kentucky Wildcats,FBS,away,30,23,20,455,235,13,24,9.8,220,48,4.6,3,13,23.07692307692307692307692308,1,1,100,7,86,2,0,2,27:47,1667
401752686,2025,2,2,2025-09-06T19:30Z,96,Kentucky Wildcats,UK,FBS,145,Ole Miss Rebels,FBS,home,23,30,18,359,187,16,33,5.7,172,37,4.6,5,16,31.25,1,3,33.33333333333333333333333333,6,50,0,0,0,32:13,1933
401752681,2025,2,2,2025-09-06T23:45Z,2433,UL Monroe Warhawks,ULM,FBS,333,Alabama Crimson Tide,FBS,away,0,73,9,148,55,10,18,3.1,93,32,2.9,6,14,42.85714285714285714285714286,0,1,0,4,41,3,2,1,25:46,1546
401752681,2025,2,2,2025-09-06T23:45Z,333,Alabama Crimson Tide,ALA,FBS,2433,UL Monroe Warhawks,FBS,home,73,0,29,583,371,29,33,11.2,212,36,5.9,9,12,75,2,2,100,5,55,0,0,0,34:14,2054
401752692,2025,2,2,2025-09-06T19:30Z,2193,East Tennessee State Buccaneers,ETSU,FCS,2633,Tennessee Volunteers,FBS,away,17,72,10,216,167,19,31,5.4,49,28,1.8,2,15,13.33333333333333333333333333,0,1,0,8,48,0,0,0,24:58,1498
401752692,2025,2,2,2025-09-06T19:30Z,2633,Tennessee Volunteers,TENN,FBS,2193,East Tennessee State Buccaneers,FCS,home,72,17,41,717,458,38,52,8.8,259,48,5.4,10,14,71.42857142857142857142857143,0,0,,6,45,1,1,0,35:02,2102
401752812,2025,2,2,2025-09-06T16:00Z,338,Kennesaw State Owls,KENN,FBS,84,Indiana Hoosiers,FBS,away,9,56,10,271,182,13,21,8.7,89,32,2.8,2,13,15.38461538461538461538461538,0,0,,3,34,2,1,1,27:30,1650
401752812,2025,2,2,2025-09-06T16:00Z,84,Indiana Hoosiers,IU,FBS,338,Kennesaw State Owls,FBS,home,56,9,28,593,280,21,28,10.0,313,39,8.0,5,9,55.55555555555555555555555556,1,2,50,4,40,0,0,0,32:30,1950
401756885,2025,2,2,2025-09-06T16:00Z,2309,Kent State Golden Flashes,KENT,FBS,2641,Texas Tech Red Raiders,FBS,away,14,62,10,228,165,11,25,6.6,63,34,1.9,2,14,14.28571428571428571428571429,1,3,33.33333333333333333333333333,4,36,2,1,1,29:57,1797
401756885,2025,2,2,2025-09-06T16:00Z,2641,Texas Tech Red Raiders,TTU,FBS,2309,Kent State Golden Flashes,FBS,home,62,14,27,601,371,27,38,9.8,230,42,5.5,6,13,46.15384615384615384615384615,1,2,50,7,60,1,1,0,30:03,1803
401756887,2025,2,2,2025-09-06T22:00Z,13,Cal Poly Mustangs,CP,FCS,254,Utah Utes,FBS,away,9,63,12,223,158,15,30,5.3,65,28,2.3,3,13,23.07692307692307692307692308,0,1,0,4,20,2,0,2,28:45,1725
401756887,2025,2,2,2025-09-06T22:00Z,254,Utah Utes,UTAH,FBS,13,Cal Poly Mustangs,FCS,home,63,9,24,518,245,21,27,9.1,273,46,5.9,9,13,69.23076923076923076923076923,1,1,100,7,65,0,0,0,31:15,1875
401752813,2025,2,2,2025-09-06T16:00Z,2466,Northwestern State Demons,NWST,FCS,135,Minnesota Golden Gophers,FBS,away,0,66,2,42,23,9,15,1.5,19,22,0.9,2,10,20,0,0,,2,13,4,2,2,20:32,1232
401752813,2025,2,2,2025-09-06T16:00Z,135,Minnesota Golden Gophers,MINN,FBS,2466,Northwestern State Demons,FCS,home,66,0,25,484,226,13,17,13.3,258,46,5.6,2,6,33.33333333333333333333333333,1,2,50,4,45,1,0,1,33:13,1993
401754524,2025,2,2,2025-09-06T16:00Z,258,Virginia Cavaliers,UVA,FBS,152,NC State Wolfpack,FBS,away,31,35,24,514,257,30,43,6.0,257,32,8.0,13,19,68.42105263157894736842105263,1,2,50,3,20,1,0,1,32:25,1945
401754524,2025,2,2,2025-09-06T16:00Z,152,NC State Wolfpack,NCSU,FBS,258,Virginia Cavaliers,FBS,home,35,31,22,416,200,16,23,8.7,216,35,6.2,1,7,14.28571428571428571428571429,2,2,100,1,15,0,0,0,27:35,1655
401754529,2025,2,2,2025-09-06T16:00Z,2117,Central Michigan Chippewas,CMU,FBS,221,Pittsburgh Panthers,FBS,away,17,45,13,217,177,20,27,6.6,40,41,1.0,6,17,35.29411764705882352941176471,3,5,60,9,75,1,1,0,36:43,2203
401754529,2025,2,2,2025-09-06T16:00Z,221,Pittsburgh Panthers,PITT,FBS,2117,Central Michigan Chippewas,FBS,home,45,17,22,464,340,24,32,10.6,124,26,4.8,6,9,66.66666666666666666666666667,0,1,0,6,63,1,0,1,23:17,1397
401754618,2025,2,2,2025-09-06T16:00Z,41,UConn Huskies,CONN,FBS,183,Syracuse Orange,FBS,away,20,27,20,418,276,25,44,6.3,142,34,4.2,5,17,29.41176470588235294117647059,1,3,33.33333333333333333333333333,4,32,0,0,0,33:34,2014
401754618,2025,2,2,2025-09-06T16:00Z,183,Syracuse Orange,SYR,FBS,41,UConn Huskies,FBS,home,27,20,24,461,416,34,54,7.7,45,28,1.6,5,15,33.33333333333333333333333333,1,3,33.33333333333333333333333333,4,28,2,1,1,26:26,1586
401757227,2025,2,2,2025-09-06T16:00Z,2335,Liberty Flames,LIB,FBS,55,Jacksonville State Gamecocks,FBS,away,24,34,20,534,335,19,29,11.6,199,37,5.4,7,14,50,0,2,0,4,30,2,1,1,29:36,1776
401757227,2025,2,2,2025-09-06T16:00Z,55,Jacksonville State Gamecocks,JVST,FBS,2335,Liberty Flames,FBS,home,34,24,18,390,52,6,12,4.3,338,50,6.8,8,14,57.14285714285714285714285714,0,0,,1,10,0,0,0,30:24,1824
401762462,2025,2,2,2025-09-06T18:00Z,47,Howard Bison,HOW,FCS,218,Temple Owls,FBS,away,7,55,9,121,39,8,20,2.0,82,28,2.9,5,14,35.71428571428571428571428571,0,0,,5,39,1,0,1,23:46,1426
401762462,2025,2,2,2025-09-06T18:00Z,218,Temple Owls,TEM,FBS,47,Howard Bison,FCS,home,55,7,28,560,231,14,16,14.4,329,50,6.6,8,12,66.66666666666666666666666667,1,1,100,6,70,0,0,0,36:14,2174
401760366,2025,2,2,2025-09-06T19:00Z,304,Idaho State Bengals,IDST,FCS,167,New Mexico Lobos,FBS,away,22,32,21,386,265,28,39,6.8,121,31,3.9,8,15,53.33333333333333333333333333,0,1,0,9,99,1,0,1,30:31,1831
401760366,2025,2,2,2025-09-06T19:00Z,167,New Mexico Lobos,UNM,FBS,304,Idaho State Bengals,FCS,home,32,22,20,371,155,13,21,7.4,216,40,5.4,6,13,46.15384615384615384615384615,1,2,50,2,13,1,1,0,29:29,1769
401752689,2025,2,2,2025-09-06T19:30Z,2305,Kansas Jayhawks,KU,FBS,142,Missouri Tigers,FBS,away,31,42,13,254,223,18,30,7.4,31,19,1.6,3,11,27.27272727272727272727272727,2,2,100,2,10,1,0,1,19:33,1173
401752689,2025,2,2,2025-09-06T19:30Z,142,Missouri Tigers,MIZ,FBS,2305,Kansas Jayhawks,FBS,home,42,31,28,595,334,30,39,8.6,261,47,5.6,10,19,52.63157894736842105263157895,4,5,80,7,70,1,1,0,40:27,2427
401752937,2025,2,2,2025-09-06T19:30Z,278,Fresno State Bulldogs,FRES,FBS,204,Oregon State Beavers,FBS,away,36,27,15,318,121,13,18,6.7,197,28,7.0,1,8,12.5,0,0,,6,55,1,0,1,22:35,1355
401752937,2025,2,2,2025-09-06T19:30Z,204,Oregon State Beavers,ORST,FBS,278,Fresno State Bulldogs,FBS,home,27,36,30,528,388,32,49,7.9,140,34,4.1,10,17,58.82352941176470588235294118,1,2,50,10,70,2,0,2,37:25,2245
401754622,2025,2,2,2025-09-06T19:30Z,2241,Gardner-Webb Runnin' Bulldogs,GWEB,FCS,59,Georgia Tech Yellow Jackets,FBS,away,12,59,20,326,209,20,30,7.0,117,47,2.5,4,18,22.22222222222222222222222222,1,2,50,5,20,1,1,0,37:23,2243
401754622,2025,2,2,2025-09-06T19:30Z,59,Georgia Tech Yellow Jackets,GT,FBS,2241,Gardner-Webb Runnin' Bulldogs,FCS,home,59,12,21,680,457,22,29,15.8,223,28,8.0,2,8,25,1,2,50,12,94,2,1,1,22:40,1360
401756880,2025,2,2,2025-09-06T19:30Z,189,Bowling Green Falcons,BGSU,FBS,2132,Cincinnati Bearcats,FBS,away,20,34,21,372,274,29,37,7.4,98,34,2.9,6,16,37.5,1,2,50,4,28,0,0,0,37:11,2231
401756880,2025,2,2,2025-09-06T19:30Z,2132,Cincinnati Bearcats,CIN,FBS,189,Bowling Green Falcons,FBS,home,34,20,18,439,333,17,24,13.9,106,29,3.7,2,7,28.57142857142857142857142857,1,1,100,5,52,1,1,0,22:49,1369
401756881,2025,2,2,2025-09-06T19:30Z,48,Delaware Blue Hens,DEL,FBS,38,Colorado Buffaloes,FBS,away,7,31,19,396,312,18,36,8.7,84,30,2.8,2,10,20,1,3,33.33333333333333333333333333,3,31,2,1,1,27:03,1623
401756881,2025,2,2,2025-09-06T19:30Z,38,Colorado Buffaloes,COLO,FBS,48,Delaware Blue Hens,FBS,home,31,7,21,398,268,22,31,8.6,130,39,3.3,7,16,43.75,1,1,100,4,40,0,0,0,32:57,1977
401761596,2025,2,2,2025-09-06T19:30Z,2815,Lindenwood Lions,LIN,FCS,2026,App State Mountaineers,FBS,away,13,20,13,216,217,20,36,6.0,-1,33,0.0,3,17,17.64705882352941176470588235,2,4,50,3,30,2,0,2,35:08,2108
401761596,2025,2,2,2025-09-06T19:30Z,2026,App State Mountaineers,APP,FBS,2815,Lindenwood Lions,FCS,home,20,13,20,503,294,19,34,8.6,209,33,6.3,6,13,46.15384615384615384615384615,0,2,0,9,80,4,3,1,24:52,1492
401761603,2025,2,2,2025-09-06T19:30Z,326,Texas State Bobcats,TXST,FBS,2636,UTSA Roadrunners,FBS,away,43,36,17,454,286,12,20,14.3,168,46,3.7,6,16,37.5,1,1,100,5,55,1,0,1,29:37,1777
401761603,2025,2,2,2025-09-06T19:30Z,2636,UTSA Roadrunners,UTSA,FBS,326,Texas State Bobcats,FBS,home,36,43,25,464,219,23,43,5.1,245,34,7.2,3,12,25,1,6,16.66666666666666666666666667,6,60,0,0,0,30:23,1823
401762458,2025,2,2,2025-09-06T19:30Z,5,UAB Blazers,UAB,FBS,2426,Navy Midshipmen,FBS,away,24,38,23,413,321,23,33,9.7,92,27,3.4,6,13,46.15384615384615384615384615,1,2,50,4,32,3,1,2,27:38,1658
401762458,2025,2,2,2025-09-06T19:30Z,2426,Navy Midshipmen,NAVY,FBS,5,UAB Blazers,FBS,home,38,24,20,463,168,6,8,21.0,295,51,5.8,4,9,44.44444444444444444444444444,1,1,100,8,97,0,0,0,32:22,1942
401762461,2025,2,2,2025-09-06T19:30Z,249,North Texas Mean Green,UNT,FBS,2711,Western Michigan Broncos,FBS,away,33,30,25,406,224,18,33,6.8,182,30,6.1,6,13,46.15384615384615384615384615,0,0,,9,81,0,0,0,23:22,1402
401762461,2025,2,2,2025-09-06T19:30Z,2711,Western Michigan Broncos,WMU,FBS,249,North Texas Mean Green,FBS,home,30,33,18,303,87,7,14,6.2,216,57,3.8,9,18,50,1,1,100,9,75,0,0,0,36:38,2198
401762794,2025,2,2,2025-09-06T19:30Z,2598,Saint Francis Red Flash,SFPA,FCS,2084,Buffalo Bulls,FBS,away,6,45,7,119,115,18,31,3.7,4,21,0.2,4,15,26.66666666666666666666666667,1,2,50,6,30,1,1,0,22:41,1361
401762794,2025,2,2,2025-09-06T19:30Z,2084,Buffalo Bulls,BUFF,FBS,2598,Saint Francis Red Flash,FCS,home,45,6,32,503,133,11,22,6.0,370,63,5.9,11,17,64.70588235294117647058823529,2,4,50,3,29,2,0,2,37:19,2239
401752820,2025,2,2,2025-09-06T20:00Z,2393,Middle Tennessee Blue Raiders,MTSU,FBS,275,Wisconsin Badgers,FBS,away,10,42,14,241,208,21,32,6.5,33,28,1.2,5,14,35.71428571428571428571428571,1,2,50,4,25,1,0,1,29:17,1757
401752820,2025,2,2,2025-09-06T20:00Z,275,Wisconsin Badgers,WIS,FBS,2393,Middle Tennessee Blue Raiders,FBS,home,42,10,21,436,283,23,27,10.5,153,31,4.9,4,9,44.44444444444444444444444444,2,2,100,0,0,2,1,1,30:43,1843
401756883,2025,2,2,2025-09-06T20:00Z,277,West Virginia Mountaineers,WVU,FBS,195,Ohio Bobcats,FBS,away,10,17,13,250,178,15,28,6.4,72,28,2.6,2,13,15.38461538461538461538461538,0,1,0,8,85,1,0,1,19:45,1185
401756883,2025,2,2,2025-09-06T20:00Z,195,Ohio Bobcats,OHIO,FBS,277,West Virginia Mountaineers,FBS,home,17,10,24,429,247,22,31,8.0,182,48,3.8,5,14,35.71428571428571428571428571,1,3,33.33333333333333333333333333,10,68,3,0,3,40:15,2415
401760367,2025,2,2,2025-09-06T20:00Z,2460,Northern Iowa Panthers,UNI,FCS,2751,Wyoming Cowboys,FBS,away,7,31,13,170,111,16,29,3.8,59,29,2.0,5,16,31.25,0,0,,9,80,2,0,2,30:41,1841
401760367,2025,2,2,2025-09-06T20:00Z,2751,Wyoming Cowboys,WYO,FBS,2460,Northern Iowa Panthers,FCS,home,31,7,25,379,190,20,26,7.3,189,37,5.1,4,10,40,0,0,,13,115,1,1,0,29:19,1759
401754620,2025,2,2,2025-09-06T20:25Z,2717,Western Carolina Catamounts,WCU,FCS,154,Wake Forest Demon Deacons,FBS,away,10,42,17,238,204,26,43,4.7,34,33,1.0,4,17,23.52941176470588235294117647,2,3,66.66666666666666666666666667,5,48,2,1,1,35:58,2158
401754620,2025,2,2,2025-09-06T20:25Z,154,Wake Forest Demon Deacons,WAKE,FBS,2717,Western Carolina Catamounts,FCS,home,42,10,21,542,269,16,26,10.3,273,31,8.8,4,10,40,0,1,0,3,22,3,2,1,24:02,1442
401752818,2025,2,2,2025-09-06T20:30Z,193,Miami (OH) RedHawks,M-OH,FBS,164,Rutgers Scarlet Knights,FBS,away,17,45,14,368,251,14,23,10.9,117,22,5.3,3,8,37.5,0,1,0,10,94,1,0,1,20:54,1254
401752818,2025,2,2,2025-09-06T20:30Z,164,Rutgers Scarlet Knights,RUTG,FBS,193,Miami (OH) RedHawks,FBS,home,45,17,31,421,259,26,36,7.2,162,41,4.0,7,10,70,0,1,0,2,14,0,0,0,39:06,2346
401752682,2025,2,2,2025-09-06T21:00Z,2032,Arkansas State Red Wolves,ARST,FBS,8,Arkansas Razorbacks,FBS,away,14,56,23,285,132,22,36,3.7,153,42,3.6,10,19,52.63157894736842105263157895,0,2,0,6,56,2,0,2,36:57,2217
401752682,2025,2,2,2025-09-06T21:00Z,8,Arkansas Razorbacks,ARK,FBS,2032,Arkansas State Red Wolves,FBS,home,56,14,29,630,309,20,29,10.7,321,29,11.1,5,6,83.33333333333333333333333333,0,0,,8,74,2,0,2,23:03,1383
401760365,2025,2,2,2025-09-06T21:00Z,16,Sacramento State Hornets,SAC,FCS,2440,Nevada Wolf Pack,FBS,away,17,20,15,371,225,14,19,11.8,146,41,3.6,2,12,16.66666666666666666666666667,2,3,66.66666666666666666666666667,9,71,1,0,1,27:14,1634
401760365,2025,2,2,2025-09-06T21:00Z,2440,Nevada Wolf Pack,NEV,FBS,16,Sacramento State Hornets,FCS,home,20,17,23,409,144,12,21,6.9,265,48,5.5,4,12,33.33333333333333333333333333,2,4,50,7,62,2,0,2,32:42,1962
401761602,2025,2,2,2025-09-06T21:00Z,2296,Jackson State Tigers,JKST,FCS,2572,Southern Miss Golden Eagles,FBS,away,20,38,19,322,131,14,28,4.7,191,42,4.5,5,16,31.25,1,1,100,12,87,2,0,2,31:15,1875
401761602,2025,2,2,2025-09-06T21:00Z,2572,Southern Miss Golden Eagles,USM,FBS,2296,Jackson State Tigers,FCS,home,38,20,25,363,224,22,32,7.0,139,36,3.9,4,11,36.36363636363636363636363636,0,0,,4,43,0,0,0,28:45,1725
401762816,2025,2,2,2025-09-06T21:30Z,2803,Bryant Bulldogs,BRY,FCS,113,Massachusetts Minutemen,FBS,away,27,26,25,399,318,22,45,7.1,81,25,3.2,4,14,28.57142857142857142857142857,1,1,100,4,27,2,0,2,23:55,1435
401762816,2025,2,2,2025-09-06T21:30Z,113,Massachusetts Minutemen,MASS,FBS,2803,Bryant Bulldogs,FCS,home,26,27,21,358,257,20,32,8.0,101,35,2.9,7,15,46.66666666666666666666666667,0,0,,9,98,1,0,1,36:05,2165
401754530,2025,2,2,2025-09-06T22:00Z,2640,Texas Southern Tigers,TXSO,FCS,25,California Golden Bears,FBS,away,3,35,13,192,140,20,36,3.9,52,22,2.4,3,14,21.42857142857142857142857143,0,0,,10,75,1,0,1,28:22,1702
401754530,2025,2,2,2025-09-06T22:00Z,25,California Golden Bears,CAL,FBS,2640,Texas Southern Tigers,FCS,home,35,3,22,467,294,29,40,7.4,173,33,5.2,6,12,50,1,2,50,7,81,2,1,1,31:38,1898
401757228,2025,2,2,2025-09-06T22:00Z,2623,Missouri State Bears,MOST,FBS,276,Marshall Thundering Herd,FBS,away,21,20,18,474,388,22,32,12.1,86,38,2.3,7,16,43.75,0,0,,8,93,1,0,1,34:34,2074
401757228,2025,2,2,2025-09-06T22:00Z,276,Marshall Thundering Herd,MRSH,FBS,2623,Missouri State Bears,FBS,home,20,21,12,274,83,13,24,3.5,191,33,5.8,3,15,20,1,3,33.33333333333333333333333333,5,40,1,0,1,25:26,1526
401761599,2025,2,2,2025-09-06T22:00Z,2428,North Carolina Central Eagles,NCCU,FCS,295,Old Dominion Monarchs,FBS,away,6,54,13,237,101,13,27,3.7,136,38,3.6,3,15,20,0,3,0,8,89,3,1,2,31:37,1897
401761599,2025,2,2,2025-09-06T22:00Z,295,Old Dominion Monarchs,ODU,FBS,2428,North Carolina Central Eagles,FCS,home,54,6,25,544,277,22,29,9.6,267,34,7.9,3,10,30,1,1,100,6,79,1,1,0,28:23,1703
401762459,2025,2,2,2025-09-06T22:00Z,2097,Campbell Fighting Camels,CAM,FCS,151,East Carolina Pirates,FBS,away,3,56,14,151,147,22,36,4.1,4,27,0.1,2,14,14.28571428571428571428571429,1,1,100,3,25,2,2,0,32:16,1936
401762459,2025,2,2,2025-09-06T22:00Z,151,East Carolina Pirates,ECU,FBS,2097,Campbell Fighting Camels,FCS,home,56,3,27,535,363,31,44,8.3,172,37,4.6,13,17,76.47058823529411764705882353,0,1,0,10,84,0,0,0,27:44,1664
401762460,2025,2,2,2025-09-06T22:00Z,50,Florida A&M Rattlers,FAMU,FCS,2226,Florida Atlantic Owls,FBS,away,14,56,16,296,227,19,35,6.5,69,30,2.3,5,16,31.25,1,2,50,6,52,0,0,0,30:15,1815
401762460,2025,2,2,2025-09-06T22:00Z,2226,Florida Atlantic Owls,FAU,FBS,50,Florida A&M Rattlers,FCS,home,56,14,34,553,360,29,45,8.0,193,34,5.7,5,13,38.46153846153846153846153846,3,3,100,2,15,0,0,0,29:45,1785
401754527,2025,2,2,2025-09-06T23:00Z,153,North Carolina Tar Heels,UNC,FBS,2429,Charlotte 49ers,FBS,away,20,3,15,303,155,17,25,6.2,148,33,4.5,5,15,33.33333333333333333333333333,1,2,50,5,55,0,0,0,29:38,1778
401754527,2025,2,2,2025-09-06T23:00Z,2429,Charlotte 49ers,CLT,FBS,153,North Carolina Tar Heels,FBS,home,3,20,21,271,250,25,42,6.0,21,29,0.7,7,16,43.75,0,1,0,5,43,2,0,2,30:22,1822
401756882,2025,2,2,2025-09-06T23:00Z,349,Army Black Knights,ARMY,FBS,2306,Kansas State Wildcats,FBS,away,24,21,20,332,95,8,12,7.9,237,70,3.4,10,22,45.45454545454545454545454545,6,7,85.71428571428571428571428571,2,10,0,0,0,40:29,2429
401756882,2025,2,2,2025-09-06T23:00Z,2306,Kansas State Wildcats,KSU,FBS,349,Army Black Knights,FBS,home,21,24,13,246,172,15,25,6.9,74,18,4.1,2,9,22.22222222222222222222222222,2,2,100,2,15,1,0,1,19:31,1171
401756884,2025,2,2,2025-09-06T23:00Z,248,Houston Cougars,HOU,FBS,242,Rice Owls,FBS,away,35,9,14,392,188,15,22,8.5,204,38,5.4,9,16,56.25,0,1,0,2,23,0,0,0,27:14,1634
401756884,2025,2,2,2025-09-06T23:00Z,242,Rice Owls,RICE,FBS,248,Houston Cougars,FBS,home,9,35,16,228,51,11,13,3.9,177,53,3.3,4,15,26.66666666666666666666666667,0,2,0,1,10,2,1,1,32:46,1966
401756886,2025,2,2,2025-09-06T23:00Z,2448,North Carolina A&T Aggies,NCAT,FCS,2116,UCF Knights,FBS,away,7,68,13,200,40,5,11,3.6,160,51,3.1,5,17,29.41176470588235294117647059,0,0,,7,59,3,2,1,36:15,2175
401756886,2025,2,2,2025-09-06T23:00Z,2116,UCF Knights,UCF,FBS,2448,North Carolina A&T Aggies,FCS,home,68,7,20,560,204,14,24,8.5,356,32,11.1,5,11,45.45454545454545454545454545,2,2,100,6,55,0,0,0,24:01,1441
401757232,2025,2,2,2025-09-06T23:00Z,98,Western Kentucky Hilltoppers,WKU,FBS,2649,Toledo Rockets,FBS,away,21,45,18,333,274,24,39,7.0,59,28,2.1,6,14,42.85714285714285714285714286,0,2,0,4,45,2,1,1,26:35,1595
401757232,2025,2,2,2025-09-06T23:00Z,2649,Toledo Rockets,TOL,FBS,98,Western Kentucky Hilltoppers,FBS,home,45,21,21,508,201,12,21,9.6,307,42,7.3,5,12,41.66666666666666666666666667,0,1,0,9,78,1,0,1,33:25,2005
401760364,2025,2,2,2025-09-06T23:00Z,2458,Northern Colorado Bears,UNCO,FCS,36,Colorado State Rams,FBS,away,17,21,17,223,160,17,28,5.7,63,34,1.9,3,14,21.42857142857142857142857143,2,2,100,5,44,2,1,1,29:23,1763
401760364,2025,2,2,2025-09-06T23:00Z,36,Colorado State Rams,CSU,FBS,2458,Northern Colorado Bears,FCS,home,21,17,27,371,141,14,26,5.4,230,46,5.0,5,10,50,0,1,0,10,94,5,4,1,30:37,1837
401761598,2025,2,2,2025-09-06T23:00Z,235,Memphis Tigers,MEM,FBS,2247,Georgia State Panthers,FBS,away,38,16,21,401,196,16,20,9.8,205,40,5.1,5,10,50,1,1,100,7,65,0,0,0,29:53,1793
401761598,2025,2,2,2025-09-06T23:00Z,2247,Georgia State Panthers,GAST,FBS,235,Memphis Tigers,FBS,home,16,38,19,389,340,29,41,8.3,49,27,1.8,6,15,40,1,3,33.33333333333333333333333333,9,50,1,0,1,30:07,1807
401761601,2025,2,2,2025-09-06T23:00Z,2655,Tulane Green Wave,TULN,FBS,6,South Alabama Jaguars,FBS,away,33,31,23,406,165,16,27,6.1,241,45,5.4,9,17,52.94117647058823529411764706,1,1,100,11,87,1,1,0,34:29,2069
401761601,2025,2,2,2025-09-06T23:00Z,6,South Alabama Jaguars,USA,FBS,2655,Tulane Green Wave,FBS,home,31,33,23,421,231,17,24,9.6,190,41,4.6,4,12,33.33333333333333333333333333,2,4,50,2,10,2,2,0,25:31,1531
401762795,2025,2,2,2025-09-06T23:00Z,2341,Long Island University Sharks,LIU,FCS,2199,Eastern Michigan Eagles,FBS,away,28,23,21,479,248,15,24,10.3,231,45,5.1,11,17,64.70588235294117647058823529,0,1,0,3,22,0,0,0,37:53,2273
401762795,2025,2,2,2025-09-06T23:00Z,2199,Eastern Michigan Eagles,EMU,FBS,2341,Long Island University Sharks,FCS,home,23,28,17,311,189,18,29,6.5,122,25,4.9,5,12,41.66666666666666666666666667,0,1,0,0,0,0,0,0,22:07,1327
401752683,2025,2,2,2025-09-06T23:30Z,2050,Ball State Cardinals,BALL,FBS,2,Auburn Tigers,FBS,away,3,42,6,68,71,10,16,4.4,-3,33,-0.1,1,14,7.142857142857142857142857143,1,1,100,7,57,1,1,0,30:15,1815
401752683,2025,2,2,2025-09-06T23:30Z,2,Auburn Tigers,AUB,FBS,2050,Ball State Cardinals,FBS,home,42,3,27,495,271,26,33,8.2,224,34,6.6,6,11,54.54545454545454545454545455,1,1,100,8,65,1,1,0,29:45,1785
401752695,2025,2,2,2025-09-06T23:30Z,238,Vanderbilt Commodores,VAN,FBS,259,Virginia Tech Hokies,FBS,away,44,20,23,490,228,14,20,11.4,262,37,7.1,5,7,71.42857142857142857142857143,1,1,100,11,77,2,1,1,32:12,1932
401752695,2025,2,2,2025-09-06T23:30Z,259,Virginia Tech Hokies,VT,FBS,238,Vanderbilt Commodores,FBS,home,20,44,16,248,134,17,29,4.6,114,31,3.7,6,14,42.85714285714285714285714286,1,2,50,3,30,1,1,0,27:48,1668
401752810,2025,2,2,2025-09-06T23:30Z,2006,Akron Zips,AKR,FBS,158,Nebraska Cornhuskers,FBS,away,0,68,13,175,62,9,23,2.7,113,36,3.1,1,14,7.142857142857142857142857143,1,2,50,1,5,1,1,0,29:50,1790
401752810,2025,2,2,2025-09-06T23:30Z,158,Nebraska Cornhuskers,NEB,FBS,2006,Akron Zips,FBS,home,68,0,31,728,494,32,40,12.4,234,33,7.1,8,10,80,0,1,0,6,71,1,1,0,30:10,1810
401752814,2025,2,2,2025-09-06T23:30Z,290,Georgia Southern Eagles,GASO,FBS,30,USC Trojans,FBS,away,20,59,26,377,235,24,45,5.2,142,33,4.3,4,15,26.66666666666666666666666667,2,3,66.66666666666666666666666667,1,1,1,0,1,29:48,1788
401752814,2025,2,2,2025-09-06T23:30Z,30,USC Trojans,USC,FBS,290,Georgia Southern Eagles,FBS,home,59,20,28,755,446,20,30,14.9,309,33,9.4,5,9,55.55555555555555555555555556,0,0,,8,93,1,1,0,30:12,1812
401752816,2025,2,2,2025-09-06T23:30Z,103,Boston College Eagles,BC,FBS,127,Michigan State Spartans,FBS,away,40,42,25,457,390,34,45,8.7,67,25,2.7,5,11,45.45454545454545454545454545,0,0,,8,59,1,1,0,30:12,1812
401752816,2025,2,2,2025-09-06T23:30Z,127,Michigan State Spartans,MSU,FBS,103,Boston College Eagles,FBS,home,42,40,21,380,231,19,29,8.0,149,35,4.3,5,12,41.66666666666666666666666667,1,2,50,6,60,1,1,0,29:48,1788
401752819,2025,2,2,2025-09-06T23:30Z,79,Southern Illinois Salukis,SIU,FCS,2509,Purdue Boilermakers,FBS,away,17,34,20,283,202,20,34,5.9,81,26,3.1,5,11,45.45454545454545454545454545,1,2,50,5,66,0,0,0,23:14,1394
401752819,2025,2,2,2025-09-06T23:30Z,2509,Purdue Boilermakers,PUR,FBS,79,Southern Illinois Salukis,FCS,home,34,17,29,384,170,14,23,7.4,214,53,4.0,9,14,64.28571428571428571428571429,2,3,66.66666666666666666666666667,2,30,1,0,1,36:46,2206
401761597,2025,2,2,2025-09-06T23:30Z,2127,Charleston Southern Buccaneers,CHSO,FCS,324,Coastal Carolina Chanticleers,FBS,away,0,13,10,153,55,10,22,2.5,98,26,3.8,0,11,0,1,1,100,10,65,1,0,1,24:25,1465
401761597,2025,2,2,2025-09-06T23:30Z,324,Coastal Carolina Chanticleers,CCU,FBS,2127,Charleston Southern Buccaneers,FCS,home,13,0,27,384,139,16,27,5.1,245,51,4.8,7,14,50,1,1,100,8,80,3,0,3,35:35,2135
401752823,2025,2,2,2025-09-07T00:00Z,26,UCLA Bruins,UCLA,FBS,2439,UNLV Rebels,FBS,away,23,30,27,428,255,29,42,6.1,173,30,5.8,3,13,23.07692307692307692307692308,4,5,80,14,129,2,1,1,31:26,1886
401752823,2025,2,2,2025-09-07T00:00Z,2439,UNLV Rebels,UNLV,FBS,26,UCLA Bruins,FBS,home,30,23,20,351,203,15,21,9.7,148,32,4.6,5,10,50,1,1,100,13,130,0,0,0,28:34,1714
401761600,2025,2,2,2025-09-07T00:00Z,2377,McNeese Cowboys,MCN,FCS,309,Louisiana Ragin' Cajuns,FBS,away,10,34,14,238,191,19,30,6.4,47,26,1.8,4,12,33.33333333333333333333333333,2,3,66.66666666666666666666666667,8,105,2,1,1,25:43,1543
401761600,2025,2,2,2025-09-07T00:00Z,309,Louisiana Ragin' Cajuns,UL,FBS,2377,McNeese Cowboys,FCS,home,34,10,25,401,86,14,22,3.9,315,45,7.0,4,11,36.36363636363636363636363636,2,3,66.66666666666666666666666667,6,55,0,0,0,34:17,2057
401757229,2025,2,2,2025-09-07T01:00Z,202,Tulsa Golden Hurricane,TLSA,FBS,166,New Mexico State Aggies,FBS,away,14,21,24,375,234,27,40,5.9,141,37,3.8,6,15,40,2,4,50,6,40,3,1,2,29:10,1750
401757229,2025,2,2,2025-09-07T01:00Z,166,New Mexico State Aggies,NMSU,FBS,202,Tulsa Golden Hurricane,FBS,home,21,14,19,291,252,28,45,5.6,39,26,1.5,10,19,52.63157894736842105263157895,1,1,100,8,65,1,1,0,30:50,1850
401757231,2025,2,2,2025-09-07T01:00Z,2630,UT Martin Skyhawks,UTM,FCS,2638,UTEP Miners,FBS,away,17,42,19,371,295,24,36,8.2,76,40,1.9,4,17,23.52941176470588235294117647,2,6,33.33333333333333333333333333,6,35,1,1,0,38:48,2328
401757231,2025,2,2,2025-09-07T01:00Z,2638,UTEP Miners,UTEP,FBS,2630,UT Martin Skyhawks,FCS,home,42,17,14,472,278,15,29,9.6,194,25,7.8,4,10,40,0,0,,4,40,1,1,0,21:12,1272
401756879,2025,2,2,2025-09-07T02:00Z,2692,Weber State Wildcats,WEB,FCS,12,Arizona Wildcats,FBS,away,3,48,11,184,68,10,24,2.8,116,31,3.7,2,13,15.38461538461538461538461538,0,0,,7,68,2,0,2,27:21,1641
401756879,2025,2,2,2025-09-07T02:00Z,12,Arizona Wildcats,ARIZ,FBS,2692,Weber State Wildcats,FCS,home,48,3,31,556,406,20,28,14.5,150,39,3.8,5,10,50,1,1,100,10,80,0,0,0,32:39,1959
401752948,2025,2,2,2025-09-07T02:15Z,21,San Diego State Aztecs,SDSU,FBS,265,Washington State Cougars,FBS,away,13,36,10,215,133,15,30,4.4,82,30,2.7,2,13,15.38461538461538461538461538,1,4,25,6,38,0,0,0,24:54,1494
401752948,2025,2,2,2025-09-07T02:15Z,265,Washington State Cougars,WSU,FBS,21,San Diego State Aztecs,FBS,home,36,13,19,396,257,28,42,6.1,139,36,3.9,5,18,27.77777777777777777777777778,2,3,66.66666666666666666666666667,8,55,0,0,0,35:06,2106
401754526,2025,2,2,2025-09-07T02:15Z,24,Stanford Cardinal,STAN,FBS,252,BYU Cougars,FBS,away,3,27,12,161,142,17,32,4.4,19,24,0.8,2,13,15.38461538461538461538461538,2,3,66.66666666666666666666666667,6,45,3,1,2,25:04,1504
401754526,2025,2,2,2025-09-07T02:15Z,252,BYU Cougars,BYU,FBS,24,Stanford Cardinal,FBS,home,27,3,18,332,175,17,27,6.5,157,41,3.8,5,14,35.71428571428571428571428571,1,2,50,4,35,0,0,0,34:56,2096
401752821,2025,2,2,2025-09-07T03:00Z,302,UC Davis Aggies,UCD,FCS,264,Washington Huskies,FBS,away,10,70,13,218,142,14,28,5.1,76,24,3.2,4,12,33.33333333333333333333333333,1,1,100,9,65,1,0,1,24:52,1492
401752821,2025,2,2,2025-09-07T03:00Z,264,Washington Huskies,WASH,FBS,302,UC Davis Aggies,FCS,home,70,10,34,628,304,19,30,10.1,324,46,7.0,11,13,84.61538461538461538461538462,2,2,100,5,65,0,0,0,35:08,2108
401757230,2025,2,2,2025-09-07T03:59Z,2534,Sam Houston Bearkats,SHSU,FBS,62,Hawai'i Rainbow Warriors,FBS,away,20,37,19,238,159,18,28,5.7,79,32,2.5,2,11,18.18181818181818181818181818,0,1,0,9,95,1,0,1,27:07,1627
401757230,2025,2,2,2025-09-07T03:59Z,62,Hawai'i Rainbow Warriors,HAW,FBS,2534,Sam Houston Bearkats,FBS,home,37,20,24,417,294,27,43,6.8,123,34,3.6,6,17,35.29411764705882352941176471,3,3,100,6,73,2,1,1,32:53,1973
401754531,2025,3,2,2025-09-11T23:30Z,152,NC State Wolfpack,NCSU,FBS,154,Wake Forest Demon Deacons,FBS,away,34,24,24,406,201,23,32,6.3,205,44,4.7,7,18,38.88888888888888888888888889,2,2,100,10,94,0,0,0,38:05,2285
401754531,2025,3,2,2025-09-11T23:30Z,154,Wake Forest Demon Deacons,WAKE,FBS,152,NC State Wolfpack,FBS,home,24,34,12,311,252,21,35,7.2,59,22,2.7,6,15,40,1,2,50,8,82,2,0,2,21:55,1315
401752836,2025,3,2,2025-09-12T22:30Z,282,Indiana State Sycamores,INST,FCS,84,Indiana Hoosiers,FBS,away,0,73,5,77,38,11,20,1.9,39,31,1.3,2,14,14.28571428571428571428571429,0,2,0,0,0,0,0,0,26:08,1568
401752836,2025,3,2,2025-09-12T22:30Z,84,Indiana Hoosiers,IU,FBS,282,Indiana State Sycamores,FCS,home,73,0,33,680,379,26,30,12.6,301,37,8.1,6,8,75,0,0,,6,45,0,0,0,33:37,2017
401754532,2025,3,2,2025-09-12T23:00Z,2142,Colgate Raiders,COLG,FCS,183,Syracuse Orange,FBS,away,24,66,25,408,301,30,54,5.6,107,29,3.7,8,18,44.44444444444444444444444444,0,2,0,6,42,3,1,2,33:21,2001
401754532,2025,3,2,2025-09-12T23:00Z,183,Syracuse Orange,SYR,FBS,2142,Colgate Raiders,FCS,home,66,24,32,620,447,27,37,12.1,173,35,4.9,7,10,70,0,0,,6,65,2,1,1,26:39,1599
401756893,2025,3,2,2025-09-12T23:30Z,38,Colorado Buffaloes,COLO,FBS,248,Houston Cougars,FBS,away,20,36,15,300,204,19,35,5.8,96,23,4.2,4,14,28.57142857142857142857142857,1,2,50,6,45,2,0,2,23:15,1395
401756893,2025,3,2,2025-09-12T23:30Z,248,Houston Cougars,HOU,FBS,38,Colorado Buffaloes,FBS,home,36,20,21,431,222,15,24,9.3,209,53,3.9,7,18,38.88888888888888888888888889,2,3,66.66666666666666666666666667,4,35,0,0,0,36:45,2205
401756888,2025,3,2,2025-09-13T01:00Z,2306,Kansas State Wildcats,KSU,FBS,12,Arizona Wildcats,FBS,away,17,23,8,193,88,13,29,3.0,105,24,4.4,3,13,23.07692307692307692307692308,0,4,0,2,30,1,1,0,23:05,1385
401756888,2025,3,2,2025-09-13T01:00Z,12,Arizona Wildcats,ARIZ,FBS,2306,Kansas State Wildcats,FBS,home,23,17,21,412,178,16,34,5.2,234,45,5.2,8,18,44.44444444444444444444444444,1,2,50,7,56,2,1,1,36:55,2215
401752837,2025,3,2,2025-09-13T02:00Z,167,New Mexico Lobos,UNM,FBS,26,UCLA Bruins,FBS,away,35,10,22,450,152,12,17,8.9,298,46,6.5,4,10,40,2,4,50,4,29,2,2,0,36:38,2198
401752837,2025,3,2,2025-09-13T02:00Z,26,UCLA Bruins,UCLA,FBS,167,New Mexico Lobos,FBS,home,10,35,15,326,217,22,34,6.4,109,22,5.0,3,11,27.27272727272727272727272727,0,1,0,13,116,1,0,1,23:22,1402
401752827,2025,3,2,2025-09-13T23:00Z,195,Ohio Bobcats,OHIO,FBS,194,Ohio State Buckeyes,FBS,away,9,37,9,181,113,10,21,5.4,68,34,2.0,3,15,20,2,3,66.66666666666666666666666667,3,25,1,1,0,27:17,1637
401752827,2025,3,2,2025-09-13T23:00Z,194,Ohio State Buckeyes,OSU,FBS,195,Ohio Bobcats,FBS,home,37,9,28,572,347,25,32,10.8,225,31,7.3,5,9,55.55555555555555555555555556,0,1,0,6,50,2,0,2,32:43,1963
401752835,2025,3,2,2025-09-13T19:30Z,222,Villanova Wildcats,VILL,FCS,213,Penn State Nittany Lions,FBS,away,6,52,11,179,96,13,27,3.6,83,36,2.3,6,17,35.29411764705882352941176471,2,2,100,4,29,2,0,2,31:44,1904
401752835,2025,3,2,2025-09-13T19:30Z,213,Penn State Nittany Lions,PSU,FBS,222,Villanova Wildcats,FCS,home,52,6,28,465,228,17,31,7.4,237,38,6.2,5,11,45.45454545454545454545454545,1,1,100,5,25,1,0,1,28:16,1696
401752699,2025,3,2,2025-09-13T23:30Z,57,Florida Gators,FLA,FBS,99,LSU Tigers,FBS,away,10,20,23,366,287,33,49,5.9,79,27,2.9,6,17,35.29411764705882352941176471,1,1,100,7,57,5,0,5,37:46,2266
401752699,2025,3,2,2025-09-13T23:30Z,99,LSU Tigers,LSU,FBS,57,Florida Gators,FBS,home,20,10,10,316,220,15,27,8.1,96,25,3.8,4,14,28.57142857142857142857142857,0,0,,7,68,1,0,1,22:14,1334
401752831,2025,3,2,2025-09-13T16:00Z,2483,Oregon Ducks,ORE,FBS,77,Northwestern Wildcats,FBS,away,34,14,21,373,197,19,26,7.6,176,30,5.9,7,11,63.63636363636363636363636364,0,0,,0,0,1,0,1,27:42,1662
401752831,2025,3,2,2025-09-13T16:00Z,77,Northwestern Wildcats,NU,FBS,2483,Oregon Ducks,FBS,home,14,34,15,313,135,11,22,6.1,178,37,4.8,3,11,27.27272727272727272727272727,2,4,50,4,27,2,0,2,32:18,1938
401754535,2025,3,2,2025-09-13T20:30Z,58,South Florida Bulls,USF,FBS,2390,Miami Hurricanes,FBS,away,12,49,15,332,292,24,41,7.1,40,27,1.5,7,19,36.84210526315789473684210526,0,2,0,2,15,2,1,1,23:59,1439
401754535,2025,3,2,2025-09-13T20:30Z,2390,Miami Hurricanes,MIA,FBS,58,South Florida Bulls,FBS,home,49,12,27,576,371,25,30,12.4,205,38,5.4,7,11,63.63636363636363636363636364,1,1,100,9,69,2,0,2,36:01,2161
401752705,2025,3,2,2025-09-13T19:30Z,61,Georgia Bulldogs,UGA,FBS,2633,Tennessee Volunteers,FBS,away,44,41,28,502,304,23,32,9.5,198,55,3.6,8,17,47.05882352941176470588235294,2,2,100,5,39,2,1,1,38:28,2308
401752705,2025,3,2,2025-09-13T19:30Z,2633,Tennessee Volunteers,TENN,FBS,61,Georgia Bulldogs,FBS,home,41,44,23,496,371,24,36,10.3,125,34,3.7,5,12,41.66666666666666666666666667,0,0,,10,82,2,0,2,21:32,1292
401752706,2025,3,2,2025-09-13T20:15Z,2638,UTEP Miners,UTEP,FBS,251,Texas Longhorns,FBS,away,10,27,13,259,209,24,36,5.8,50,23,2.2,4,15,26.66666666666666666666666667,0,3,0,6,33,2,0,2,23:13,1393
401752706,2025,3,2,2025-09-13T20:15Z,251,Texas Longhorns,TEX,FBS,2638,UTEP Miners,FBS,home,27,10,23,340,114,11,25,4.6,226,56,4.0,5,16,31.25,2,5,40,7,78,1,0,1,36:47,2207
401752707,2025,3,2,2025-09-13T23:30Z,245,Texas A&M Aggies,TA&M,FBS,87,Notre Dame Fighting Irish,FBS,away,41,40,24,488,360,17,37,9.7,128,32,4.0,4,11,36.36363636363636363636363636,1,1,100,13,86,1,0,1,26:53,1613
401752707,2025,3,2,2025-09-13T23:30Z,87,Notre Dame Fighting Irish,ND,FBS,245,Texas A&M Aggies,FBS,home,40,41,23,429,293,20,32,9.2,136,39,3.5,7,15,46.66666666666666666666666667,2,4,50,5,31,1,0,1,33:07,1987
401752829,2025,3,2,2025-09-13T23:00Z,2711,Western Michigan Broncos,WMU,FBS,356,Illinois Fighting Illini,FBS,away,0,38,12,204,91,13,24,3.8,113,34,3.3,3,14,21.42857142857142857142857143,0,2,0,6,65,0,0,0,28:27,1707
401752829,2025,3,2,2025-09-13T23:00Z,356,Illinois Fighting Illini,ILL,FBS,2711,Western Michigan Broncos,FBS,home,38,0,20,358,196,17,26,7.5,162,37,4.4,7,12,58.33333333333333333333333333,0,0,,5,46,0,0,0,31:33,1893
401752704,2025,3,2,2025-09-13T23:45Z,238,Vanderbilt Commodores,VAN,FBS,2579,South Carolina Gamecocks,FBS,away,31,7,22,323,177,18,26,6.8,146,37,3.9,6,12,50,1,1,100,5,55,1,0,1,35:43,2143
401752704,2025,3,2,2025-09-13T23:45Z,2579,South Carolina Gamecocks,SC,FBS,238,Vanderbilt Commodores,FBS,home,7,31,20,328,242,24,34,7.1,86,29,3.0,4,12,33.33333333333333333333333333,1,3,33.33333333333333333333333333,8,85,4,2,2,24:17,1457
401754623,2025,3,2,2025-09-13T16:00Z,228,Clemson Tigers,CLEM,FBS,59,Georgia Tech Yellow Jackets,FBS,away,21,24,17,381,207,15,26,8.0,174,35,5.0,7,12,58.33333333333333333333333333,1,1,100,2,25,2,1,1,27:55,1675
401754623,2025,3,2,2025-09-13T16:00Z,59,Georgia Tech Yellow Jackets,GT,FBS,228,Clemson Tigers,FBS,home,24,21,18,358,211,20,28,7.5,147,42,3.5,8,15,53.33333333333333333333333333,0,2,0,3,16,0,0,0,32:05,1925
401752703,2025,3,2,2025-09-13T16:00Z,201,Oklahoma Sooners,OU,FBS,218,Temple Owls,FBS,away,42,3,29,515,287,21,37,7.8,228,42,5.4,6,13,46.15384615384615384615384615,0,0,,3,25,1,0,1,32:16,1936
401752703,2025,3,2,2025-09-13T16:00Z,218,Temple Owls,TEM,FBS,201,Oklahoma Sooners,FBS,home,3,42,7,104,78,14,27,2.9,26,27,1.0,3,16,18.75,0,0,,3,35,0,0,0,27:44,1664
401756890,2025,3,2,2025-09-13T20:00Z,66,Iowa State Cyclones,ISU,FBS,2032,Arkansas State Red Wolves,FBS,away,24,16,20,452,265,14,25,10.6,187,34,5.5,5,11,45.45454545454545454545454545,0,0,,3,31,1,0,1,25:19,1519
401756890,2025,3,2,2025-09-13T20:00Z,2032,Arkansas State Red Wolves,ARST,FBS,66,Iowa State Cyclones,FBS,home,16,24,20,382,222,19,33,6.7,160,40,4.0,7,16,43.75,1,2,50,10,90,1,0,1,34:41,2081
401752700,2025,3,2,2025-09-13T23:00Z,8,Arkansas Razorbacks,ARK,FBS,145,Ole Miss Rebels,FBS,away,35,41,29,526,305,22,35,8.7,221,37,6.0,9,12,75,0,0,,7,68,1,1,0,33:11,1991
401752700,2025,3,2,2025-09-13T23:00Z,145,Ole Miss Rebels,MISS,FBS,8,Arkansas Razorbacks,FBS,home,41,35,25,475,357,22,30,11.9,118,40,3.0,8,12,66.66666666666666666666666667,0,0,,7,63,0,0,0,26:49,1609
401752696,2025,3,2,2025-09-13T16:00Z,275,Wisconsin Badgers,WIS,FBS,333,Alabama Crimson Tide,FBS,away,14,38,14,209,117,11,17,6.9,92,34,2.7,6,11,54.54545454545454545454545455,1,1,100,6,65,2,0,2,31:04,1864
401752696,2025,3,2,2025-09-13T16:00Z,333,Alabama Crimson Tide,ALA,FBS,275,Wisconsin Badgers,FBS,home,38,14,22,454,382,24,30,12.7,72,22,3.3,2,8,25,1,2,50,7,57,0,0,0,28:56,1736
401756895,2025,3,2,2025-09-14T00:00Z,254,Utah Utes,UTAH,FBS,2751,Wyoming Cowboys,FBS,away,31,6,31,541,230,27,41,5.6,311,45,6.9,9,15,60,1,1,100,10,100,1,1,0,35:30,2130
401756895,2025,3,2,2025-09-14T00:00Z,2751,Wyoming Cowboys,WYO,FBS,254,Utah Utes,FBS,home,6,31,15,229,108,12,23,4.7,121,34,3.6,3,12,25,2,2,100,5,45,2,1,1,24:30,1470
401752938,2025,3,2,2025-09-13T19:30Z,204,Oregon State Beavers,ORST,FBS,2641,Texas Tech Red Raiders,FBS,away,14,45,17,289,281,25,46,6.1,8,22,0.4,7,17,41.17647058823529411764705882,2,2,100,4,23,2,0,2,29:00,1740
401752938,2025,3,2,2025-09-13T19:30Z,2641,Texas Tech Red Raiders,TTU,FBS,204,Oregon State Beavers,FBS,home,45,14,30,599,478,27,41,11.7,121,40,3.0,9,15,60,0,1,0,9,75,2,0,2,31:00,1860
401752839,2025,3,2,2025-09-13T16:00Z,2117,Central Michigan Chippewas,CMU,FBS,130,Michigan Wolverines,FBS,away,3,63,8,139,60,11,20,3.0,79,33,2.4,6,15,40,0,2,0,1,6,2,1,1,26:53,1613
401752839,2025,3,2,2025-09-13T16:00Z,130,Michigan Wolverines,MICH,FBS,2117,Central Michigan Chippewas,FBS,home,63,3,35,616,235,16,25,9.4,381,55,6.9,8,11,72.72727272727272727272727273,1,2,50,4,45,1,0,1,33:07,1987
401752697,2025,3,2,2025-09-13T16:45Z,6,South Alabama Jaguars,USA,FBS,2,Auburn Tigers,FBS,away,15,31,20,310,170,18,26,6.5,140,42,3.3,7,16,43.75,3,4,75,5,35,2,1,1,31:27,1887
401752697,2025,3,2,2025-09-13T16:45Z,2,Auburn Tigers,AUB,FBS,6,South Alabama Jaguars,FBS,home,31,15,19,337,142,13,24,5.9,195,39,5.0,7,13,53.84615384615384615384615385,3,3,100,4,43,0,0,0,28:33,1713
401752702,2025,3,2,2025-09-13T17:00Z,309,Louisiana Ragin' Cajuns,UL,FBS,142,Missouri Tigers,FBS,away,10,52,4,121,4,2,14,0.3,117,22,5.3,1,11,9.090909090909090909090909091,0,0,,6,32,0,0,0,17:09,1029
401752702,2025,3,2,2025-09-13T17:00Z,142,Missouri Tigers,MIZ,FBS,309,Louisiana Ragin' Cajuns,FBS,home,52,10,32,606,179,17,24,7.5,427,62,6.9,9,13,69.23076923076923076923076923,1,1,100,3,35,1,0,1,42:51,2571
401752828,2025,3,2,2025-09-13T16:00Z,2277,Houston Christian Huskies,HCU,FCS,158,Nebraska Cornhuskers,FBS,away,7,59,11,160,67,11,18,3.7,93,35,2.7,4,14,28.57142857142857142857142857,2,2,100,9,70,2,2,0,29:43,1783
401752828,2025,3,2,2025-09-13T16:00Z,158,Nebraska Cornhuskers,NEB,FBS,2277,Houston Christian Huskies,FCS,home,59,7,30,554,362,23,29,12.5,192,38,5.1,5,9,55.55555555555555555555555556,1,2,50,4,45,0,0,0,30:17,1817
401752838,2025,3,2,2025-09-13T16:00Z,119,Towson Tigers,TOW,FCS,120,Maryland Terrapins,FBS,away,17,44,14,281,230,14,29,7.9,51,26,2.0,1,13,7.692307692307692307692307692,1,2,50,2,11,2,1,1,23:54,1434
401752838,2025,3,2,2025-09-13T16:00Z,120,Maryland Terrapins,MD,FBS,119,Towson Tigers,FCS,home,44,17,21,428,276,21,29,9.5,152,42,3.6,5,14,35.71428571428571428571428571,2,2,100,8,75,1,0,1,36:06,2166
401754619,2025,3,2,2025-09-13T16:00Z,2729,William & Mary Tribe,W&M,FCS,258,Virginia Cavaliers,FBS,away,16,55,7,263,204,13,25,8.2,59,24,2.5,2,13,15.38461538461538461538461538,0,2,0,2,11,0,0,0,22:24,1344
401754619,2025,3,2,2025-09-13T16:00Z,258,Virginia Cavaliers,UVA,FBS,2729,William & Mary Tribe,FCS,home,55,16,30,700,321,23,35,9.2,379,52,7.3,9,16,56.25,2,4,50,5,35,1,0,1,37:36,2256
401756891,2025,3,2,2025-09-13T16:00Z,2535,Samford Bulldogs,SAM,FCS,239,Baylor Bears,FBS,away,7,42,10,195,100,13,25,4.0,95,33,2.9,4,15,26.66666666666666666666666667,0,0,,4,43,4,1,3,25:54,1554
401756891,2025,3,2,2025-09-13T16:00Z,239,Baylor Bears,BAY,FBS,2535,Samford Bulldogs,FCS,home,42,7,29,468,245,28,44,5.6,223,43,5.2,4,13,30.76923076923076923076923077,2,3,66.66666666666666666666666667,4,45,2,0,2,34:06,2046
401761608,2025,3,2,2025-09-13T16:00Z,235,Memphis Tigers,MEM,FBS,2653,Troy Trojans,FBS,away,28,7,22,430,213,17,27,7.9,217,45,4.8,6,15,40,1,2,50,7,65,1,1,0,36:55,2215
401761608,2025,3,2,2025-09-13T16:00Z,2653,Troy Trojans,TROY,FBS,235,Memphis Tigers,FBS,home,7,28,12,112,72,12,32,2.3,40,23,1.7,4,15,26.66666666666666666666666667,0,0,,4,20,1,0,1,23:05,1385
401762817,2025,3,2,2025-09-13T16:00Z,2084,Buffalo Bulls,BUFF,FBS,2309,Kent State Golden Flashes,FBS,away,31,28,23,457,318,28,40,8.0,139,29,4.8,4,12,33.33333333333333333333333333,1,3,33.33333333333333333333333333,4,42,2,1,1,22:38,1358
401762817,2025,3,2,2025-09-13T16:00Z,2309,Kent State Golden Flashes,KENT,FBS,2084,Buffalo Bulls,FBS,home,28,31,20,423,279,22,33,8.5,144,44,3.3,8,20,40,3,5,60,7,42,1,1,0,37:22,2242
401762818,2025,3,2,2025-09-13T18:00Z,160,New Hampshire Wildcats,UNH,FCS,2050,Ball State Cardinals,FBS,away,29,34,22,391,259,25,45,5.8,132,34,3.9,8,17,47.05882352941176470588235294,1,2,50,6,62,0,0,0,38:05,2285
401762818,2025,3,2,2025-09-13T18:00Z,2050,Ball State Cardinals,BALL,FBS,160,New Hampshire Wildcats,FCS,home,34,29,21,413,105,9,15,7.0,308,36,8.6,7,10,70,0,0,,6,56,2,1,1,21:55,1315
401757168,2025,3,2,2025-09-13T19:00Z,41,UConn Huskies,CONN,FBS,48,Delaware Blue Hens,FBS,away,41,44,29,521,346,28,39,8.9,175,32,5.5,5,13,38.46153846153846153846153846,1,2,50,7,67,0,0,0,27:35,1655
401757168,2025,3,2,2025-09-13T19:00Z,48,Delaware Blue Hens,DEL,FBS,41,UConn Huskies,FBS,home,44,41,29,512,265,23,34,7.8,247,45,5.5,6,15,40,3,3,100,6,60,0,0,0,32:25,1945
401752833,2025,3,2,2025-09-13T19:30Z,2450,Norfolk State Spartans,NORF,FCS,164,Rutgers Scarlet Knights,FBS,away,10,60,12,220,92,9,23,4.0,128,27,4.7,2,10,20,0,0,,6,47,2,1,1,23:55,1435
401752833,2025,3,2,2025-09-13T19:30Z,164,Rutgers Scarlet Knights,RUTG,FBS,2450,Norfolk State Spartans,FCS,home,60,10,33,563,378,23,35,10.8,185,46,4.0,9,14,64.28571428571428571428571429,3,4,75,5,45,0,0,0,36:05,2165
401752834,2025,3,2,2025-09-13T19:30Z,2754,Youngstown State Penguins,YSU,FCS,127,Michigan State Spartans,FBS,away,24,41,14,339,242,24,35,6.9,97,26,3.7,6,14,42.85714285714285714285714286,3,3,100,3,22,1,0,1,29:54,1794
401752834,2025,3,2,2025-09-13T19:30Z,127,Michigan State Spartans,MSU,FBS,2754,Youngstown State Penguins,FCS,home,41,24,23,444,270,22,29,9.3,174,33,5.3,6,10,60,1,2,50,2,10,1,0,1,30:06,1806
401752949,2025,3,2,2025-09-13T19:30Z,265,Washington State Cougars,WSU,FBS,249,North Texas Mean Green,FBS,away,10,59,17,275,211,23,35,6.0,64,28,2.3,8,14,57.14285714285714285714285714,1,1,100,6,54,5,2,3,31:26,1886
401752949,2025,3,2,2025-09-13T19:30Z,249,North Texas Mean Green,UNT,FBS,265,Washington State Cougars,FBS,home,59,10,25,410,247,29,34,7.3,163,29,5.6,4,8,50,1,1,100,4,45,0,0,0,28:34,1714
401754615,2025,3,2,2025-09-13T19:30Z,2567,SMU Mustangs,SMU,FBS,2623,Missouri State Bears,FBS,away,28,10,24,448,281,24,36,7.8,167,34,4.9,7,15,46.66666666666666666666666667,0,0,,12,130,2,1,1,28:30,1710
401754615,2025,3,2,2025-09-13T19:30Z,2623,Missouri State Bears,MOST,FBS,2567,SMU Mustangs,FBS,home,10,28,19,328,275,23,38,7.2,53,27,2.0,0,12,0,0,1,0,7,72,3,0,3,31:30,1890
401754638,2025,3,2,2025-09-13T19:30Z,221,Pittsburgh Panthers,PITT,FBS,277,West Virginia Mountaineers,FBS,away,24,31,15,349,303,22,38,8.0,46,34,1.4,4,17,23.52941176470588235294117647,1,2,50,14,118,1,0,1,28:59,1739
401754638,2025,3,2,2025-09-13T19:30Z,277,West Virginia Mountaineers,WVU,FBS,221,Pittsburgh Panthers,FBS,home,31,24,28,434,260,22,32,8.1,174,58,3.0,5,17,29.41176470588235294117647059,2,3,66.66666666666666666666666667,6,60,2,0,2,31:01,1861
401754639,2025,3,2,2025-09-13T19:30Z,257,Richmond Spiders,RICH,FCS,153,North Carolina Tar Heels,FBS,away,6,41,15,199,75,9,15,5.0,124,48,2.6,5,13,38.46153846153846153846153846,1,3,33.33333333333333333333333333,2,8,3,2,1,37:59,2279
401754639,2025,3,2,2025-09-13T19:30Z,153,North Carolina Tar Heels,UNC,FBS,257,Richmond Spiders,FCS,home,41,6,16,312,119,10,19,6.3,193,31,6.2,6,11,54.54545454545454545454545455,0,0,,4,50,1,0,1,21:59,1319
401756892,2025,3,2,2025-09-13T19:30Z,2466,Northwestern State Demons,NWST,FCS,2132,Cincinnati Bearcats,FBS,away,0,70,6,102,34,10,16,2.1,68,35,1.9,0,12,0,1,2,50,5,42,1,1,0,39:15,2355
401756892,2025,3,2,2025-09-13T19:30Z,2132,Cincinnati Bearcats,CIN,FBS,2466,Northwestern State Demons,FCS,home,70,0,26,605,362,21,23,15.7,243,26,9.3,2,4,50,0,0,,6,65,0,0,0,20:45,1245
401762467,2025,3,2,2025-09-13T19:30Z,2916,Incarnate Word Cardinals,UIW,FCS,2636,UTSA Roadrunners,FBS,away,20,48,23,357,324,31,45,7.2,33,27,1.2,6,14,42.85714285714285714285714286,0,1,0,8,88,4,2,2,25:48,1548
401762467,2025,3,2,2025-09-13T19:30Z,2636,UTSA Roadrunners,UTSA,FBS,2916,Incarnate Word Cardinals,FCS,home,48,20,22,442,243,30,36,6.8,199,34,5.9,8,16,50,1,1,100,6,60,0,0,0,34:12,2052
401762819,2025,3,2,2025-09-13T19:30Z,2415,Morgan State Bears,MORG,FCS,2649,Toledo Rockets,FBS,away,0,60,4,56,20,9,16,1.3,36,32,1.1,0,12,0,0,0,,5,19,1,1,0,26:01,1561
401762819,2025,3,2,2025-09-13T19:30Z,2649,Toledo Rockets,TOL,FBS,2415,Morgan State Bears,FCS,home,60,0,31,557,297,27,37,8.0,260,47,5.5,7,14,50,0,1,0,7,65,1,1,0,33:59,2039
401757256,2025,3,2,2025-09-13T21:00Z,2335,Liberty Flames,LIB,FBS,189,Bowling Green Falcons,FBS,away,13,23,17,346,194,13,25,7.8,152,39,3.9,5,13,38.46153846153846153846153846,1,3,33.33333333333333333333333333,6,48,4,2,2,28:51,1731
401757256,2025,3,2,2025-09-13T21:00Z,189,Bowling Green Falcons,BGSU,FBS,2335,Liberty Flames,FBS,home,23,13,17,304,146,16,32,4.6,158,36,4.4,6,17,35.29411764705882352941176471,1,1,100,13,106,0,0,0,31:09,1869
401757258,2025,3,2,2025-09-13T21:00Z,2393,Middle Tennessee Blue Raiders,MTSU,FBS,2440,Nevada Wolf Pack,FBS,away,14,13,23,352,247,27,45,5.5,105,30,3.5,7,17,41.17647058823529411764705882,0,1,0,7,50,1,0,1,31:10,1870
401757258,2025,3,2,2025-09-13T21:00Z,2440,Nevada Wolf Pack,NEV,FBS,2393,Middle Tennessee Blue Raiders,FBS,home,13,14,16,369,166,14,25,6.6,203,35,5.8,3,13,23.07692307692307692307692308,1,1,100,4,55,2,0,2,28:50,1730
401752701,2025,3,2,2025-09-13T22:00Z,2016,Alcorn State Braves,ALCN,FCS,344,Mississippi State Bulldogs,FBS,away,0,63,9,161,93,13,21,4.4,68,27,2.5,3,12,25,0,0,,9,70,3,2,1,26:49,1609
401752701,2025,3,2,2025-09-13T22:00Z,344,Mississippi State Bulldogs,MSST,FBS,2016,Alcorn State Braves,FCS,home,63,0,22,514,232,13,18,12.9,282,36,7.8,4,6,66.66666666666666666666666667,2,2,100,10,74,1,0,1,21:44,1304
401757235,2025,3,2,2025-09-13T22:00Z,2771,Merrimack Warriors,MRMK,FCS,338,Kennesaw State Owls,FBS,away,13,27,16,294,215,13,25,8.6,79,38,2.1,8,16,50,1,3,33.33333333333333333333333333,12,83,0,0,0,36:48,2208
401757235,2025,3,2,2025-09-13T22:00Z,338,Kennesaw State Owls,KENN,FBS,2771,Merrimack Warriors,FCS,home,27,13,21,369,196,21,31,6.3,173,32,5.4,5,12,41.66666666666666666666666667,2,2,100,12,102,1,0,1,23:47,1427
401761606,2025,3,2,2025-09-13T22:00Z,2198,Eastern Kentucky Colonels,EKU,FCS,276,Marshall Thundering Herd,FBS,away,7,38,10,102,91,8,24,3.8,11,28,0.4,2,13,15.38461538461538461538461538,0,0,,7,67,2,0,2,25:56,1556
401761606,2025,3,2,2025-09-13T22:00Z,276,Marshall Thundering Herd,MRSH,FBS,2198,Eastern Kentucky Colonels,FCS,home,38,7,21,377,114,8,14,8.1,263,57,4.6,6,16,37.5,1,2,50,8,75,2,2,0,34:04,2044
401762464,2025,3,2,2025-09-13T22:00Z,2405,Monmouth Hawks,MONM,FCS,2429,Charlotte 49ers,FBS,away,35,42,28,458,410,36,49,8.4,48,23,2.1,5,12,41.66666666666666666666666667,1,4,25,6,65,0,0,0,26:52,1612
401762464,2025,3,2,2025-09-13T22:00Z,2429,Charlotte 49ers,CLT,FBS,2405,Monmouth Hawks,FCS,home,42,35,29,563,382,26,30,12.7,181,42,4.3,8,12,66.66666666666666666666666667,1,2,50,11,103,3,2,1,33:08,1988
401752832,2025,3,2,2025-09-13T22:45Z,30,USC Trojans,USC,FBS,2509,Purdue Boilermakers,FBS,away,33,17,22,460,282,17,28,10.1,178,40,4.5,4,13,30.76923076923076923076923077,4,4,100,9,103,0,0,0,34:07,2047
401752832,2025,3,2,2025-09-13T22:45Z,2509,Purdue Boilermakers,PUR,FBS,30,USC Trojans,FBS,home,17,33,23,357,305,24,39,7.8,52,28,1.9,7,14,50,1,1,100,5,60,3,0,3,25:53,1553
401754536,2025,3,2,2025-09-13T23:00Z,295,Old Dominion Monarchs,ODU,FBS,259,Virginia Tech Hokies,FBS,away,45,26,29,526,276,16,22,12.5,250,40,6.3,4,9,44.44444444444444444444444444,0,0,,8,85,1,1,0,29:56,1796
401754536,2025,3,2,2025-09-13T23:00Z,259,Virginia Tech Hokies,VT,FBS,295,Old Dominion Monarchs,FBS,home,26,45,24,433,266,26,39,6.8,167,34,4.9,6,13,46.15384615384615384615384615,0,1,0,12,113,2,1,1,30:04,1804
401757234,2025,3,2,2025-09-13T23:00Z,55,Jacksonville State Gamecocks,JVST,FBS,290,Georgia Southern Eagles,FBS,away,34,41,22,396,183,17,25,7.3,213,42,5.1,7,14,50,0,1,0,3,15,1,0,1,30:30,1830
401757234,2025,3,2,2025-09-13T23:00Z,290,Georgia Southern Eagles,GASO,FBS,55,Jacksonville State Gamecocks,FBS,home,41,34,24,410,191,16,24,8.0,219,42,5.2,7,11,63.63636363636363636363636364,0,0,,5,59,1,1,0,29:30,1770
401761605,2025,3,2,2025-09-13T23:00Z,93,Murray State Racers,MUR,FCS,2247,Georgia State Panthers,FBS,away,21,37,22,282,159,19,30,5.3,123,42,2.9,4,14,28.57142857142857142857142857,1,3,33.33333333333333333333333333,2,25,1,1,0,29:05,1745
401761605,2025,3,2,2025-09-13T23:00Z,2247,Georgia State Panthers,GAST,FBS,93,Murray State Racers,FCS,home,37,21,18,454,288,21,30,9.6,166,32,5.2,5,11,45.45454545454545454545454545,2,2,100,13,132,3,1,2,30:55,1855
401761607,2025,3,2,2025-09-13T23:00Z,2026,App State Mountaineers,APP,FBS,2572,Southern Miss Golden Eagles,FBS,away,22,38,27,470,375,31,52,7.2,95,38,2.5,6,18,33.33333333333333333333333333,2,4,50,7,65,3,0,3,36:36,2196
401761607,2025,3,2,2025-09-13T23:00Z,2572,Southern Miss Golden Eagles,USM,FBS,2026,App State Mountaineers,FBS,home,38,22,18,389,279,22,31,9.0,110,25,4.4,4,9,44.44444444444444444444444444,0,0,,9,74,1,0,1,23:24,1404
401762466,2025,3,2,2025-09-13T23:00Z,2504,Prairie View A&M Panthers,PV,FCS,242,Rice Owls,FBS,away,17,38,18,251,151,13,28,5.4,100,32,3.1,7,15,46.66666666666666666666666667,0,1,0,7,54,0,0,0,23:38,1418
401762466,2025,3,2,2025-09-13T23:00Z,242,Rice Owls,RICE,FBS,2504,Prairie View A&M Panthers,FCS,home,38,17,28,461,114,12,19,6.0,347,60,5.8,6,14,42.85714285714285714285714286,3,4,75,6,58,0,0,0,36:22,2182
401752698,2025,3,2,2025-09-13T23:30Z,2199,Eastern Michigan Eagles,EMU,FBS,96,Kentucky Wildcats,FBS,away,23,48,21,461,330,25,43,7.7,131,30,4.4,4,14,28.57142857142857142857142857,1,4,25,7,45,1,0,1,30:04,1804
401752698,2025,3,2,2025-09-13T23:30Z,96,Kentucky Wildcats,UK,FBS,2199,Eastern Michigan Eagles,FBS,home,48,23,25,492,240,12,21,11.4,252,46,5.5,5,11,45.45454545454545454545454545,0,0,,7,68,0,0,0,29:56,1796
401752830,2025,3,2,2025-09-13T23:30Z,113,Massachusetts Minutemen,MASS,FBS,2294,Iowa Hawkeyes,FBS,away,7,47,8,119,93,13,22,4.2,26,27,1.0,0,10,0,0,2,0,1,5,0,0,0,27:56,1676
401752830,2025,3,2,2025-09-13T23:30Z,2294,Iowa Hawkeyes,IOWA,FBS,113,Massachusetts Minutemen,FBS,home,47,7,22,435,234,21,31,7.5,201,40,5.0,10,16,62.5,1,2,50,1,5,0,0,0,32:04,1924
401757257,2025,3,2,2025-09-13T23:30Z,166,New Mexico State Aggies,NMSU,FBS,2348,Louisiana Tech Bulldogs,FBS,away,14,49,13,309,283,17,33,8.6,26,17,1.5,1,9,11.11111111111111111111111111,0,0,,7,76,3,1,2,24:30,1470
401757257,2025,3,2,2025-09-13T23:30Z,2348,Louisiana Tech Bulldogs,LT,FBS,166,New Mexico State Aggies,FBS,home,49,14,28,574,221,11,20,11.1,353,65,5.4,11,19,57.89473684210526315789473684,0,0,,11,101,1,0,1,35:30,2130
401761604,2025,3,2,2025-09-13T23:30Z,151,East Carolina Pirates,ECU,FBS,324,Coastal Carolina Chanticleers,FBS,away,38,0,29,497,293,28,37,7.9,204,49,4.2,9,16,56.25,1,3,33.33333333333333333333333333,6,50,1,0,1,33:55,2035
401761604,2025,3,2,2025-09-13T23:30Z,324,Coastal Carolina Chanticleers,CCU,FBS,151,East Carolina Pirates,FBS,home,0,38,18,239,172,19,39,4.4,67,26,2.6,5,14,35.71428571428571428571428571,0,1,0,7,55,5,3,2,26:05,1565
401754534,2025,3,2,2025-09-14T00:00Z,150,Duke Blue Devils,DUKE,FBS,2655,Tulane Green Wave,FBS,away,27,34,27,452,313,30,51,6.1,139,24,5.8,6,14,42.85714285714285714285714286,1,3,33.33333333333333333333333333,9,85,1,0,1,26:43,1603
401754534,2025,3,2,2025-09-14T00:00Z,2655,Tulane Green Wave,TULN,FBS,150,Duke Blue Devils,FBS,home,34,27,22,426,270,17,25,10.8,156,38,4.1,5,13,38.46153846153846153846153846,1,2,50,8,100,1,1,0,33:17,1997
401756894,2025,3,2,2025-09-14T00:00Z,2000,Abilene Christian Wildcats,ACU,FCS,2628,TCU Horned Frogs,FBS,away,21,42,27,453,276,22,29,9.5,177,46,3.8,12,17,70.58823529411764705882352941,0,0,,3,35,0,0,0,36:43,2203
401756894,2025,3,2,2025-09-14T00:00Z,2628,TCU Horned Frogs,TCU,FBS,2000,Abilene Christian Wildcats,FCS,home,42,21,24,489,361,25,32,11.3,128,28,4.6,9,11,81.81818181818181818181818182,1,1,100,4,46,1,0,1,23:17,1397
401762465,2025,3,2,2025-09-14T00:00Z,2426,Navy Midshipmen,NAVY,FBS,202,Tulsa Golden Hurricane,FBS,away,42,23,25,461,94,6,10,9.4,367,63,5.8,8,13,61.53846153846153846153846154,2,3,66.66666666666666666666666667,4,39,3,1,2,35:24,2124
401762465,2025,3,2,2025-09-14T00:00Z,202,Tulsa Golden Hurricane,TLSA,FBS,2426,Navy Midshipmen,FBS,home,23,42,23,329,189,22,37,5.1,140,33,4.2,4,13,30.76923076923076923076923077,2,4,50,4,29,2,1,1,24:36,1476
401757233,2025,3,2,2025-09-14T00:30Z,2226,Florida Atlantic Owls,FAU,FBS,2229,Florida International Panthers,FBS,away,28,38,23,478,343,33,51,6.7,135,31,4.4,9,19,47.36842105263157894736842105,2,6,33.33333333333333333333333333,11,92,3,0,3,26:05,1565
401757233,2025,3,2,2025-09-14T00:30Z,2229,Florida International Panthers,FIU,FBS,2226,Florida Atlantic Owls,FBS,home,38,28,17,408,184,18,24,7.7,224,40,5.6,3,12,25,0,1,0,6,50,1,1,0,33:55,2035
401762463,2025,3,2,2025-09-14T00:30Z,2006,Akron Zips,AKR,FBS,5,UAB Blazers,FBS,away,28,31,21,441,282,19,35,8.1,159,43,3.7,6,16,37.5,1,3,33.33333333333333333333333333,5,44,0,0,0,29:58,1798
401762463,2025,3,2,2025-09-14T00:30Z,5,UAB Blazers,UAB,FBS,2006,Akron Zips,FBS,home,31,28,26,421,341,30,44,7.8,80,32,2.5,3,12,25,1,3,33.33333333333333333333333333,4,29,1,1,0,30:02,1802
401760368,2025,3,2,2025-09-14T01:45Z,2005,Air Force Falcons,AFA,FBS,328,Utah State Aggies,FBS,away,30,49,23,445,179,11,23,7.8,266,61,4.4,8,18,44.44444444444444444444444444,5,5,100,4,35,3,1,2,38:11,2291
401760368,2025,3,2,2025-09-14T01:45Z,328,Utah State Aggies,USU,FBS,2005,Air Force Falcons,FBS,home,49,30,22,473,287,17,22,13.0,186,34,5.5,4,9,44.44444444444444444444444444,0,0,,5,28,0,0,0,21:49,1309
401760369,2025,3,2,2025-09-14T02:00Z,2582,Southern Jaguars,SOU,FCS,278,Fresno State Bulldogs,FBS,away,7,56,7,142,131,10,18,7.3,11,27,0.4,3,12,25,0,0,,12,91,0,0,0,25:14,1514
401760369,2025,3,2,2025-09-14T02:00Z,278,Fresno State Bulldogs,FRES,FBS,2582,Southern Jaguars,FCS,home,56,7,31,507,282,25,30,9.4,225,41,5.5,8,10,80,0,0,,6,50,1,1,0,34:46,2086
401752840,2025,3,2,2025-09-14T02:30Z,135,Minnesota Golden Gophers,MINN,FBS,25,California Golden Bears,FBS,away,14,27,19,335,205,19,32,6.4,130,37,3.5,7,15,46.66666666666666666666666667,0,2,0,8,85,2,1,1,33:56,2036
401752840,2025,3,2,2025-09-14T02:30Z,25,California Golden Bears,CAL,FBS,135,Minnesota Golden Gophers,FBS,home,27,14,19,340,279,24,39,7.2,61,24,2.5,6,13,46.15384615384615384615384615,0,1,0,8,59,0,0,0,26:04,1564
401754533,2025,3,2,2025-09-14T02:30Z,103,Boston College Eagles,BC,FBS,24,Stanford Cardinal,FBS,away,20,30,19,389,333,30,44,7.6,56,23,2.4,5,13,38.46153846153846153846153846,0,1,0,5,30,3,2,1,28:16,1696
401754533,2025,3,2,2025-09-14T02:30Z,24,Stanford Cardinal,STAN,FBS,103,Boston College Eagles,FBS,home,30,20,15,399,186,13,22,8.5,213,37,5.8,5,14,35.71428571428571428571428571,0,1,0,4,30,0,0,0,31:44,1904
401756889,2025,3,2,2025-09-14T02:30Z,326,Texas State Bobcats,TXST,FBS,9,Arizona State Sun Devils,FBS,away,15,34,21,303,184,25,36,5.1,119,42,2.8,5,16,31.25,4,6,66.66666666666666666666666667,1,10,2,2,0,29:17,1757
401756889,2025,3,2,2025-09-14T02:30Z,9,Arizona State Sun Devils,ASU,FBS,326,Texas State Bobcats,FBS,home,34,15,21,433,188,15,25,7.5,245,42,5.8,5,13,38.46153846153846153846153846,2,3,66.66666666666666666666666667,5,40,0,0,0,30:43,1843
401760370,2025,3,2,2025-09-14T03:59Z,2502,Portland State Vikings,PRST,FCS,62,Hawai'i Rainbow Warriors,FBS,away,3,23,16,230,189,23,35,5.4,41,23,1.8,4,13,30.76923076923076923076923077,0,3,0,7,65,1,0,1,25:53,1553
401760370,2025,3,2,2025-09-14T03:59Z,62,Hawai'i Rainbow Warriors,HAW,FBS,2502,Portland State Vikings,FCS,home,23,3,18,357,250,27,45,5.6,107,29,3.7,9,19,47.36842105263157894736842105,1,1,100,13,138,0,0,0,34:07,2047
401762468,2025,4,2,2025-09-18T23:30Z,242,Rice Owls,RICE,FBS,2429,Charlotte 49ers,FBS,away,28,17,17,353,98,9,12,8.2,255,46,5.5,5,12,41.66666666666666666666666667,0,0,,7,82,0,0,0,30:12,1812
401762468,2025,4,2,2025-09-18T23:30Z,2429,Charlotte 49ers,CLT,FBS,242,Rice Owls,FBS,home,17,28,22,334,259,23,44,5.9,75,32,2.3,8,18,44.44444444444444444444444444,1,1,100,5,43,1,1,0,29:48,1788
401756900,2025,4,2,2025-09-19T23:30Z,202,Tulsa Golden Hurricane,TLSA,FBS,197,Oklahoma State Cowboys,FBS,away,19,12,21,424,219,23,36,6.1,205,43,4.8,7,19,36.84210526315789473684210526,3,3,100,4,34,1,1,0,34:45,2085
401756900,2025,4,2,2025-09-19T23:30Z,197,Oklahoma State Cowboys,OKST,FBS,202,Tulsa Golden Hurricane,FBS,home,12,19,24,403,218,26,42,5.2,185,33,5.6,4,15,26.66666666666666666666666667,1,4,25,3,30,0,0,0,25:15,1515
401752844,2025,4,2,2025-09-20T00:00Z,2294,Iowa Hawkeyes,IOWA,FBS,164,Rutgers Scarlet Knights,FBS,away,38,28,22,346,186,12,18,10.3,160,38,4.2,3,8,37.5,0,0,,2,30,0,0,0,28:54,1734
401752844,2025,4,2,2025-09-20T00:00Z,164,Rutgers Scarlet Knights,RUTG,FBS,2294,Iowa Hawkeyes,FBS,home,28,38,20,400,330,24,40,8.3,70,30,2.3,6,13,46.15384615384615384615384615,0,1,0,6,50,1,0,1,31:06,1866
401752710,2025,4,2,2025-09-20T23:45Z,2545,SE Louisiana Lions,SELA,FCS,99,LSU Tigers,FBS,away,10,56,10,204,116,11,21,5.5,88,26,3.4,1,10,10,0,1,0,5,55,0,0,0,25:16,1516
401752710,2025,4,2,2025-09-20T23:45Z,99,LSU Tigers,LSU,FBS,2545,SE Louisiana Lions,FCS,home,56,10,31,530,395,35,43,9.2,135,35,3.9,9,14,64.28571428571428571428571429,3,3,100,7,50,0,0,0,34:44,2084
401752709,2025,4,2,2025-09-20T23:30Z,57,Florida Gators,FLA,FBS,2390,Miami Hurricanes,FBS,away,7,26,7,141,61,12,23,2.7,80,29,2.8,0,13,0,3,6,50,3,20,0,0,0,23:30,1410
401752709,2025,4,2,2025-09-20T23:30Z,2390,Miami Hurricanes,MIA,FBS,57,Florida Gators,FBS,home,26,7,21,344,160,17,30,5.3,184,46,4.0,8,16,50,1,1,100,6,30,1,0,1,36:30,2190
401752841,2025,4,2,2025-09-20T19:00Z,204,Oregon State Beavers,ORST,FBS,2483,Oregon Ducks,FBS,away,7,41,8,147,80,7,22,3.6,67,26,2.6,4,12,33.33333333333333333333333333,0,0,,2,10,1,1,0,23:05,1385
401752841,2025,4,2,2025-09-20T19:00Z,2483,Oregon Ducks,ORE,FBS,204,Oregon State Beavers,FBS,home,41,7,29,585,305,21,31,9.8,280,46,6.1,4,10,40,1,2,50,5,40,0,0,0,36:55,2215
401754541,2025,4,2,2025-09-20T19:30Z,2309,Kent State Golden Flashes,KENT,FBS,52,Florida State Seminoles,FBS,away,10,66,12,206,163,13,27,6.0,43,28,1.5,3,14,21.42857142857142857142857143,1,2,50,5,32,1,0,1,25:29,1529
401754541,2025,4,2,2025-09-20T19:30Z,52,Florida State Seminoles,FSU,FBS,2309,Kent State Golden Flashes,FBS,home,66,10,37,775,277,16,24,11.5,498,54,9.2,9,10,90,0,1,0,5,59,1,0,1,34:31,2071
401752723,2025,4,2,2025-09-21T00:00Z,2534,Sam Houston Bearkats,SHSU,FBS,251,Texas Longhorns,FBS,away,0,55,7,113,86,13,25,3.4,27,26,1.0,2,14,14.28571428571428571428571429,0,2,0,6,40,1,0,1,26:09,1569
401752723,2025,4,2,2025-09-21T00:00Z,251,Texas Longhorns,TEX,FBS,2534,Sam Houston Bearkats,FBS,home,55,0,26,607,343,23,28,12.3,264,41,6.4,7,11,63.63636363636363636363636364,0,0,,9,70,0,0,0,33:51,2031
401752843,2025,4,2,2025-09-20T23:30Z,356,Illinois Fighting Illini,ILL,FBS,84,Indiana Hoosiers,FBS,away,10,63,9,161,159,16,25,6.4,2,20,0.1,1,10,10,0,0,,4,23,1,0,1,20:17,1217
401752843,2025,4,2,2025-09-20T23:30Z,84,Indiana Hoosiers,IU,FBS,356,Illinois Fighting Illini,FBS,home,63,10,31,579,267,21,23,11.6,312,49,6.4,8,11,72.72727272727272727272727273,1,1,100,2,10,0,0,0,39:43,2383
401752714,2025,4,2,2025-09-20T19:30Z,2,Auburn Tigers,AUB,FBS,201,Oklahoma Sooners,FBS,away,17,24,18,287,220,21,33,6.7,67,35,1.9,3,15,20,1,3,33.33333333333333333333333333,13,85,0,0,0,35:34,2134
401752714,2025,4,2,2025-09-20T19:30Z,201,Oklahoma Sooners,OU,FBS,2,Auburn Tigers,FBS,home,24,17,16,303,271,24,36,7.5,32,26,1.2,3,12,25,1,1,100,9,99,1,1,0,24:26,1466
401752711,2025,4,2,2025-09-20T19:30Z,2655,Tulane Green Wave,TULN,FBS,145,Ole Miss Rebels,FBS,away,10,45,18,282,104,10,29,3.6,178,39,4.6,6,15,40,0,3,0,4,30,1,0,1,32:29,1949
401752711,2025,4,2,2025-09-20T19:30Z,145,Ole Miss Rebels,MISS,FBS,2655,Tulane Green Wave,FBS,home,45,10,23,548,307,17,27,11.4,241,42,5.7,7,11,63.63636363636363636363636364,0,0,,3,35,1,1,0,27:31,1651
401752715,2025,4,2,2025-09-20T16:45Z,5,UAB Blazers,UAB,FBS,2633,Tennessee Volunteers,FBS,away,24,56,18,394,371,39,52,7.1,23,19,1.2,5,15,33.33333333333333333333333333,2,3,66.66666666666666666666666667,13,110,2,1,1,33:52,2032
401752715,2025,4,2,2025-09-20T16:45Z,2633,Tennessee Volunteers,TENN,FBS,5,UAB Blazers,FBS,home,56,24,28,510,275,18,30,9.2,235,43,5.5,7,13,53.84615384615384615384615385,1,1,100,5,50,2,1,1,26:08,1568
401756901,2025,4,2,2025-09-20T16:00Z,2641,Texas Tech Red Raiders,TTU,FBS,254,Utah Utes,FBS,away,34,10,20,484,311,25,35,8.9,173,37,4.7,9,17,52.94117647058823529411764706,0,0,,14,122,2,0,2,32:15,1935
401756901,2025,4,2,2025-09-20T16:00Z,254,Utah Utes,UTAH,FBS,2641,Texas Tech Red Raiders,FBS,home,10,34,16,263,162,25,38,4.3,101,31,3.3,4,14,28.57142857142857142857142857,0,2,0,2,10,4,2,2,27:45,1665
401754542,2025,4,2,2025-09-20T21:05Z,218,Temple Owls,TEM,FBS,59,Georgia Tech Yellow Jackets,FBS,away,24,45,19,328,144,17,37,3.9,184,44,4.2,6,19,31.57894736842105263157894737,3,4,75,8,75,0,0,0,37:29,2249
401754542,2025,4,2,2025-09-20T21:05Z,59,Georgia Tech Yellow Jackets,GT,FBS,218,Temple Owls,FBS,home,45,24,19,468,161,13,18,8.9,307,30,10.2,3,8,37.5,0,0,,6,55,1,1,0,22:31,1351
401752716,2025,4,2,2025-09-20T23:30Z,2247,Georgia State Panthers,GAST,FBS,238,Vanderbilt Commodores,FBS,away,21,70,18,290,258,31,48,5.4,32,20,1.6,6,16,37.5,2,2,100,15,109,1,1,0,30:11,1811
401752716,2025,4,2,2025-09-20T23:30Z,238,Vanderbilt Commodores,VAN,FBS,2247,Georgia State Panthers,FBS,home,70,21,30,635,349,23,34,10.3,286,37,7.7,6,10,60,1,3,33.33333333333333333333333333,10,99,0,0,0,29:49,1789
401752846,2025,4,2,2025-09-20T19:30Z,130,Michigan Wolverines,MICH,FBS,158,Nebraska Cornhuskers,FBS,away,30,27,16,391,105,12,23,4.6,286,33,8.7,4,12,33.33333333333333333333333333,0,0,,4,39,1,1,0,26:43,1603
401752846,2025,4,2,2025-09-20T19:30Z,158,Nebraska Cornhuskers,NEB,FBS,130,Michigan Wolverines,FBS,home,27,30,23,351,308,30,41,7.5,43,31,1.4,2,12,16.66666666666666666666666667,2,3,66.66666666666666666666666667,3,9,1,0,1,33:17,1997
401752713,2025,4,2,2025-09-20T23:00Z,2579,South Carolina Gamecocks,SC,FBS,142,Missouri Tigers,FBS,away,20,29,15,293,302,18,28,10.8,-9,22,-0.4,3,11,27.27272727272727272727272727,0,1,0,14,98,0,0,0,24:43,1483
401752713,2025,4,2,2025-09-20T23:00Z,142,Missouri Tigers,MIZ,FBS,2579,South Carolina Gamecocks,FBS,home,29,20,29,456,171,16,27,6.3,285,48,5.9,7,13,53.84615384615384615384615385,0,0,,5,54,1,0,1,35:17,2117
401752848,2025,4,2,2025-09-20T19:30Z,2509,Purdue Boilermakers,PUR,FBS,87,Notre Dame Fighting Irish,FBS,away,30,56,20,379,303,25,40,7.6,76,28,2.7,4,14,28.57142857142857142857142857,1,1,100,7,75,2,0,2,28:00,1680
401752848,2025,4,2,2025-09-20T19:30Z,87,Notre Dame Fighting Irish,ND,FBS,2509,Purdue Boilermakers,FBS,home,56,30,26,535,281,17,20,14.1,254,43,5.9,6,10,60,0,2,0,3,30,1,1,0,32:00,1920
401752847,2025,4,2,2025-09-21T03:00Z,127,Michigan State Spartans,MSU,FBS,30,USC Trojans,FBS,away,31,45,20,337,225,13,23,9.8,112,32,3.5,5,11,45.45454545454545454545454545,0,1,0,6,53,0,0,0,28:54,1734
401752847,2025,4,2,2025-09-21T03:00Z,30,USC Trojans,USC,FBS,127,Michigan State Spartans,FBS,home,45,31,27,523,234,20,26,9.0,289,40,7.2,8,12,66.66666666666666666666666667,1,2,50,11,82,1,1,0,31:06,1866
401752708,2025,4,2,2025-09-20T16:00Z,8,Arkansas Razorbacks,ARK,FBS,235,Memphis Tigers,FBS,away,31,32,23,500,325,18,34,9.6,175,32,5.5,3,10,30,0,0,,7,55,3,1,2,27:55,1675
401752708,2025,4,2,2025-09-20T16:00Z,235,Memphis Tigers,MEM,FBS,8,Arkansas Razorbacks,FBS,home,32,31,26,489,199,15,31,6.4,290,41,7.1,6,13,46.15384615384615384615384615,0,0,,4,20,2,0,2,32:05,1925
401752845,2025,4,2,2025-09-20T16:00Z,120,Maryland Terrapins,MD,FBS,275,Wisconsin Badgers,FBS,away,27,10,13,326,265,18,34,7.8,61,23,2.7,4,14,28.57142857142857142857142857,0,0,,4,50,0,0,0,22:53,1373
401752845,2025,4,2,2025-09-20T16:00Z,275,Wisconsin Badgers,WIS,FBS,120,Maryland Terrapins,FBS,home,10,27,21,296,235,22,35,6.7,61,42,1.5,3,17,17.64705882352941176470588235,2,3,66.66666666666666666666666667,2,20,1,0,1,37:07,2227
401754537,2025,4,2,2025-09-20T16:00Z,183,Syracuse Orange,SYR,FBS,228,Clemson Tigers,FBS,away,34,21,24,433,279,21,39,7.2,154,38,4.1,3,15,20,2,2,100,7,52,0,0,0,30:41,1841
401754537,2025,4,2,2025-09-20T16:00Z,228,Clemson Tigers,CLEM,FBS,183,Syracuse Orange,FBS,home,21,34,29,503,363,37,61,6.0,140,22,6.4,3,13,23.07692307692307692307692308,1,5,20,8,75,2,1,1,29:19,1759
401754617,2025,4,2,2025-09-20T16:00Z,2747,Wofford Terriers,WOF,FCS,259,Virginia Tech Hokies,FBS,away,6,38,8,141,142,16,27,5.3,-1,23,0.0,5,15,33.33333333333333333333333333,0,0,,7,73,1,0,1,25:31,1531
401754617,2025,4,2,2025-09-20T16:00Z,259,Virginia Tech Hokies,VT,FBS,2747,Wofford Terriers,FCS,home,38,6,28,461,307,27,34,9.0,154,37,4.2,6,11,54.54545454545454545454545455,0,1,0,8,74,1,1,0,34:29,2069
401754636,2025,4,2,2025-09-20T16:00Z,2567,SMU Mustangs,SMU,FBS,2628,TCU Horned Frogs,FBS,away,24,35,19,384,290,24,38,7.6,94,27,3.5,4,13,30.76923076923076923076923077,1,1,100,7,70,2,0,2,28:54,1734
401754636,2025,4,2,2025-09-20T16:00Z,2628,TCU Horned Frogs,TCU,FBS,2567,SMU Mustangs,FBS,home,35,24,24,517,379,22,40,9.5,138,37,3.7,9,17,52.94117647058823529411764706,3,4,75,9,65,1,0,1,31:06,1866
401754642,2025,4,2,2025-09-20T16:00Z,189,Bowling Green Falcons,BGSU,FBS,97,Louisville Cardinals,FBS,away,17,40,14,321,131,11,21,6.2,190,29,6.6,4,12,33.33333333333333333333333333,0,0,,6,43,2,0,2,26:08,1568
401754642,2025,4,2,2025-09-20T16:00Z,97,Louisville Cardinals,LOU,FBS,189,Bowling Green Falcons,FBS,home,40,17,21,439,313,24,33,9.5,126,29,4.3,4,11,36.36363636363636363636363636,0,0,,6,55,1,1,0,33:52,2032
401760376,2025,4,2,2025-09-20T16:00Z,2439,UNLV Rebels,UNLV,FBS,193,Miami (OH) RedHawks,FBS,away,41,38,30,515,293,29,43,6.8,222,43,5.2,12,17,70.58823529411764705882352941,0,1,0,6,35,2,0,2,38:08,2288
401760376,2025,4,2,2025-09-20T16:00Z,193,Miami (OH) RedHawks,M-OH,FBS,2439,UNLV Rebels,FBS,home,38,41,19,396,265,15,31,8.5,131,22,6.0,1,8,12.5,1,1,100,7,79,3,1,2,21:52,1312
401762469,2025,4,2,2025-09-20T16:00Z,249,North Texas Mean Green,UNT,FBS,349,Army Black Knights,FBS,away,45,38,26,478,249,26,36,6.9,229,42,5.5,7,12,58.33333333333333333333333333,1,3,33.33333333333333333333333333,7,50,1,1,0,27:59,1679
401762469,2025,4,2,2025-09-20T16:00Z,349,Army Black Knights,ARMY,FBS,249,North Texas Mean Green,FBS,home,38,45,26,488,101,6,14,7.2,387,68,5.7,8,16,50,3,5,60,1,15,3,2,1,32:01,1921
401762470,2025,4,2,2025-09-20T16:00Z,2569,South Carolina State Bulldogs,SCST,FCS,58,South Florida Bulls,FBS,away,14,63,20,305,235,25,42,5.6,70,38,1.8,7,18,38.88888888888888888888888889,1,2,50,9,55,1,0,1,43:07,2587
401762470,2025,4,2,2025-09-20T16:00Z,58,South Florida Bulls,USF,FBS,2569,South Carolina State Bulldogs,FCS,home,63,14,20,504,252,18,26,9.7,252,28,9.0,5,10,50,1,1,100,8,80,1,0,1,16:53,1013
401762822,2025,4,2,2025-09-20T17:00Z,2681,Wagner Seahawks,WAG,FCS,2117,Central Michigan Chippewas,FBS,away,10,49,6,113,41,12,20,2.1,72,35,2.1,2,14,14.28571428571428571428571429,1,2,50,3,25,2,1,1,27:37,1657
401762822,2025,4,2,2025-09-20T17:00Z,2117,Central Michigan Chippewas,CMU,FBS,2681,Wagner Seahawks,FCS,home,49,10,24,506,273,14,18,15.2,233,48,4.9,5,11,45.45454545454545454545454545,2,2,100,8,73,2,2,0,32:23,1943
401754640,2025,4,2,2025-09-20T19:30Z,153,North Carolina Tar Heels,UNC,FBS,2116,UCF Knights,FBS,away,9,34,14,217,154,22,33,4.7,63,25,2.5,5,13,38.46153846153846153846153846,3,4,75,5,50,2,0,2,26:13,1573
401754640,2025,4,2,2025-09-20T19:30Z,2116,UCF Knights,UCF,FBS,153,North Carolina Tar Heels,FBS,home,34,9,23,366,223,25,32,7.0,143,34,4.2,5,13,38.46153846153846153846153846,4,4,100,7,40,0,0,0,33:47,2027
401757169,2025,4,2,2025-09-20T19:30Z,2050,Ball State Cardinals,BALL,FBS,41,UConn Huskies,FBS,away,25,31,19,404,228,18,25,9.1,176,37,4.8,4,12,33.33333333333333333333333333,2,2,100,4,32,1,0,1,27:44,1664
401757169,2025,4,2,2025-09-20T19:30Z,41,UConn Huskies,CONN,FBS,2050,Ball State Cardinals,FBS,home,31,25,17,400,181,20,30,6.0,219,37,5.9,5,15,33.33333333333333333333333333,5,5,100,2,20,0,0,0,32:16,1936
401757262,2025,4,2,2025-09-20T19:30Z,256,James Madison Dukes,JMU,FBS,2335,Liberty Flames,FBS,away,31,13,24,440,213,17,25,8.5,227,42,5.4,6,10,60,0,0,,7,72,1,0,1,33:03,1983
401757262,2025,4,2,2025-09-20T19:30Z,2335,Liberty Flames,LIB,FBS,256,James Madison Dukes,FBS,home,13,31,16,233,75,7,21,3.6,158,42,3.8,3,14,21.42857142857142857142857143,3,4,75,6,44,0,0,0,26:57,1617
401761610,2025,4,2,2025-09-20T19:30Z,309,Louisiana Ragin' Cajuns,UL,FBS,2199,Eastern Michigan Eagles,FBS,away,31,34,22,451,237,21,35,6.8,214,32,6.7,6,15,40,0,1,0,10,85,2,0,2,29:59,1799
401761610,2025,4,2,2025-09-20T19:30Z,2199,Eastern Michigan Eagles,EMU,FBS,309,Louisiana Ragin' Cajuns,FBS,home,34,31,20,409,226,21,31,7.3,183,36,5.1,6,14,42.85714285714285714285714286,1,1,100,8,92,1,0,1,30:01,1801
401761613,2025,4,2,2025-09-20T19:30Z,2653,Troy Trojans,TROY,FBS,2084,Buffalo Bulls,FBS,away,21,17,22,365,202,19,36,5.6,163,47,3.5,10,21,47.61904761904761904761904762,3,4,75,5,60,2,1,1,32:52,1972
401761613,2025,4,2,2025-09-20T19:30Z,2084,Buffalo Bulls,BUFF,FBS,2653,Troy Trojans,FBS,home,17,21,14,278,153,14,28,5.5,125,34,3.7,6,17,35.29411764705882352941176471,0,1,0,5,30,0,0,0,27:08,1628
401762820,2025,4,2,2025-09-20T19:30Z,2649,Toledo Rockets,TOL,FBS,2711,Western Michigan Broncos,FBS,away,13,14,16,280,89,15,30,3.0,191,42,4.5,5,18,27.77777777777777777777777778,1,2,50,5,48,2,0,2,29:42,1782
401762820,2025,4,2,2025-09-20T19:30Z,2711,Western Michigan Broncos,WMU,FBS,2649,Toledo Rockets,FBS,home,14,13,17,291,201,16,33,6.1,90,37,2.4,6,15,40,1,3,33.33333333333333333333333333,2,20,3,2,1,30:18,1818
401762823,2025,4,2,2025-09-20T19:30Z,2241,Gardner-Webb Runnin' Bulldogs,GWEB,FCS,195,Ohio Bobcats,FBS,away,35,52,16,480,289,19,30,9.6,191,31,6.2,2,13,15.38461538461538461538461538,5,5,100,4,31,1,0,1,26:01,1561
401762823,2025,4,2,2025-09-20T19:30Z,195,Ohio Bobcats,OHIO,FBS,2241,Gardner-Webb Runnin' Bulldogs,FCS,home,52,35,33,608,290,18,27,10.7,318,48,6.6,5,9,55.55555555555555555555555556,0,1,0,4,35,0,0,0,33:59,2039
401754538,2025,4,2,2025-09-20T20:00Z,152,NC State Wolfpack,NCSU,FBS,150,Duke Blue Devils,FBS,away,33,45,26,535,364,29,39,9.3,171,35,4.9,7,12,58.33333333333333333333333333,1,4,25,6,49,4,1,3,32:29,1949
401754538,2025,4,2,2025-09-20T20:00Z,150,Duke Blue Devils,DUKE,FBS,152,NC State Wolfpack,FBS,home,45,33,22,418,269,19,28,9.6,149,35,4.3,5,12,41.66666666666666666666666667,2,2,100,8,103,0,0,0,27:31,1651
401752712,2025,4,2,2025-09-20T20:15Z,2459,Northern Illinois Huskies,NIU,FBS,344,Mississippi State Bulldogs,FBS,away,10,38,14,267,142,15,25,5.7,125,27,4.6,1,9,11.11111111111111111111111111,0,2,0,5,50,1,0,1,28:05,1685
401752712,2025,4,2,2025-09-20T20:15Z,344,Mississippi State Bulldogs,MSST,FBS,2459,Northern Illinois Huskies,FBS,home,38,10,23,452,160,12,20,8.0,292,49,6.0,5,13,38.46153846153846153846153846,4,4,100,11,103,0,0,0,31:55,1915
401760375,2025,4,2,2025-09-20T21:00Z,70,Idaho Vandals,IDHO,FCS,23,San José State Spartans,FBS,away,28,31,22,384,232,18,32,7.3,152,43,3.5,9,18,50,5,5,100,9,63,1,1,0,39:01,2341
401760375,2025,4,2,2025-09-20T21:00Z,23,San José State Spartans,SJSU,FBS,70,Idaho Vandals,FCS,home,31,28,15,420,222,13,21,10.6,198,26,7.6,7,10,70,0,0,,4,50,1,1,0,20:59,1259
401756899,2025,4,2,2025-09-20T22:00Z,277,West Virginia Mountaineers,WVU,FBS,2305,Kansas Jayhawks,FBS,away,10,41,18,323,142,17,31,4.6,181,41,4.4,3,15,20,0,2,0,5,30,2,1,1,26:10,1570
401756899,2025,4,2,2025-09-20T22:00Z,2305,Kansas Jayhawks,KU,FBS,277,West Virginia Mountaineers,FBS,home,41,10,19,388,146,13,26,5.6,242,41,5.9,5,14,35.71428571428571428571428571,1,2,50,4,40,0,0,0,33:50,2030
401757259,2025,4,2,2025-09-20T22:00Z,48,Delaware Blue Hens,DEL,FBS,2229,Florida International Panthers,FBS,away,38,16,24,358,218,23,35,6.2,140,31,4.5,11,16,68.75,1,2,50,2,10,1,0,1,30:31,1831
401757259,2025,4,2,2025-09-20T22:00Z,2229,Florida International Panthers,FIU,FBS,48,Delaware Blue Hens,FBS,home,16,38,14,363,203,22,35,5.8,160,34,4.7,5,17,29.41176470588235294117647059,4,5,80,7,68,2,0,2,29:29,1769
401757261,2025,4,2,2025-09-20T22:00Z,2032,Arkansas State Red Wolves,ARST,FBS,338,Kennesaw State Owls,FBS,away,21,28,18,318,226,25,41,5.5,92,28,3.3,4,15,26.66666666666666666666666667,1,2,50,6,45,1,1,0,26:35,1595
401757261,2025,4,2,2025-09-20T22:00Z,338,Kennesaw State Owls,KENN,FBS,2032,Arkansas State Red Wolves,FBS,home,28,21,30,497,308,25,34,9.1,189,49,3.9,7,13,53.84615384615384615384615385,1,2,50,7,68,3,3,0,33:25,2005
401762821,2025,4,2,2025-09-20T22:00Z,2184,Duquesne Dukes,DUQ,FCS,2006,Akron Zips,FBS,away,7,51,12,230,52,9,25,2.1,178,40,4.5,6,16,37.5,0,2,0,2,10,3,1,2,33:18,1998
401762821,2025,4,2,2025-09-20T22:00Z,2006,Akron Zips,AKR,FBS,2184,Duquesne Dukes,FCS,home,51,7,26,514,249,16,32,7.8,265,35,7.6,5,11,45.45454545454545454545454545,0,0,,6,55,1,0,1,26:42,1602
401757260,2025,4,2,2025-09-20T23:00Z,93,Murray State Racers,MUR,FCS,55,Jacksonville State Gamecocks,FBS,away,10,45,16,233,141,21,33,4.3,92,35,2.6,5,16,31.25,0,2,0,8,45,2,0,2,29:28,1768
401757260,2025,4,2,2025-09-20T23:00Z,55,Jacksonville State Gamecocks,JVST,FBS,93,Murray State Racers,FCS,home,45,10,29,531,202,19,34,5.9,329,45,7.3,7,14,50,1,1,100,8,99,1,1,0,30:32,1832
401757264,2025,4,2,2025-09-20T23:00Z,276,Marshall Thundering Herd,MRSH,FBS,2393,Middle Tennessee Blue Raiders,FBS,away,42,28,27,448,261,18,22,11.9,187,49,3.8,7,12,58.33333333333333333333333333,0,0,,8,62,1,1,0,36:47,2207
401757264,2025,4,2,2025-09-20T23:00Z,2393,Middle Tennessee Blue Raiders,MTSU,FBS,276,Marshall Thundering Herd,FBS,home,28,42,14,373,299,19,33,9.1,74,15,4.9,3,10,30,0,1,0,12,111,1,0,1,23:13,1393
401757265,2025,4,2,2025-09-20T23:00Z,2630,UT Martin Skyhawks,UTM,FCS,2623,Missouri State Bears,FBS,away,10,42,14,221,150,23,32,4.7,71,25,2.8,5,14,35.71428571428571428571428571,1,1,100,3,35,3,2,1,29:32,1772
401757265,2025,4,2,2025-09-20T23:00Z,2623,Missouri State Bears,MOST,FBS,2630,UT Martin Skyhawks,FCS,home,42,10,22,417,287,22,32,9.0,130,29,4.5,5,10,50,1,1,100,11,84,1,1,0,30:28,1828
401757268,2025,4,2,2025-09-20T23:00Z,2440,Nevada Wolf Pack,NEV,FBS,98,Western Kentucky Hilltoppers,FBS,away,16,31,22,372,165,16,33,5.0,207,39,5.3,5,16,31.25,2,2,100,6,60,3,1,2,32:22,1942
401757268,2025,4,2,2025-09-20T23:00Z,98,Western Kentucky Hilltoppers,WKU,FBS,2440,Nevada Wolf Pack,FBS,home,31,16,22,361,216,22,33,6.5,145,33,4.4,5,12,41.66666666666666666666666667,1,1,100,8,85,2,1,1,27:44,1664
401760372,2025,4,2,2025-09-20T23:00Z,68,Boise State Broncos,BOIS,FBS,2005,Air Force Falcons,FBS,away,49,37,23,592,310,16,27,11.5,282,31,9.1,7,10,70,0,0,,12,107,1,0,1,23:40,1420
401760372,2025,4,2,2025-09-20T23:00Z,2005,Air Force Falcons,AFA,FBS,68,Boise State Broncos,FBS,home,37,49,24,514,246,13,20,12.3,268,55,4.9,8,14,57.14285714285714285714285714,2,3,66.66666666666666666666666667,6,45,1,0,1,36:20,2180
401761609,2025,4,2,2025-09-20T23:00Z,311,Maine Black Bears,ME,FCS,290,Georgia Southern Eagles,FBS,away,17,45,17,248,139,19,34,4.1,109,30,3.6,1,12,8.333333333333333333333333333,2,6,33.33333333333333333333333333,3,12,2,1,1,31:30,1890
401761609,2025,4,2,2025-09-20T23:00Z,290,Georgia Southern Eagles,GASO,FBS,311,Maine Black Bears,FCS,home,45,17,28,516,310,22,37,8.4,206,40,5.2,9,15,60,0,0,,8,70,2,1,1,28:30,1710
401761611,2025,4,2,2025-09-20T23:00Z,324,Coastal Carolina Chanticleers,CCU,FBS,6,South Alabama Jaguars,FBS,away,38,20,15,294,112,13,25,4.5,182,31,5.9,4,11,36.36363636363636363636363636,0,0,,8,55,0,0,0,23:19,1399
401761611,2025,4,2,2025-09-20T23:00Z,6,South Alabama Jaguars,USA,FBS,324,Coastal Carolina Chanticleers,FBS,home,20,38,22,420,197,22,36,5.5,223,44,5.1,8,18,44.44444444444444444444444444,1,3,33.33333333333333333333333333,8,70,3,1,2,36:41,2201
401752842,2025,4,2,2025-09-20T23:30Z,264,Washington Huskies,WASH,FBS,265,Washington State Cougars,FBS,away,59,24,23,471,298,16,19,15.7,173,33,5.2,8,9,88.88888888888888888888888889,0,0,,5,50,0,0,0,24:14,1454
401752842,2025,4,2,2025-09-20T23:30Z,265,Washington State Cougars,WSU,FBS,264,Washington Huskies,FBS,home,24,59,21,304,279,26,37,7.5,25,28,0.9,6,13,46.15384615384615384615384615,2,3,66.66666666666666666666666667,2,10,3,1,2,35:46,2146
401754539,2025,4,2,2025-09-20T23:30Z,24,Stanford Cardinal,STAN,FBS,258,Virginia Cavaliers,FBS,away,20,48,15,321,286,20,29,9.9,35,31,1.1,6,14,42.85714285714285714285714286,1,1,100,4,40,1,1,0,25:12,1512
401754539,2025,4,2,2025-09-20T23:30Z,258,Virginia Cavaliers,UVA,FBS,24,Stanford Cardinal,FBS,home,48,20,29,590,384,24,32,12.0,206,42,4.9,7,13,53.84615384615384615384615385,1,1,100,7,55,0,0,0,34:48,2088
401756896,2025,4,2,2025-09-20T23:30Z,9,Arizona State Sun Devils,ASU,FBS,239,Baylor Bears,FBS,away,27,24,26,400,221,22,32,6.9,179,48,3.7,6,16,37.5,1,2,50,7,70,0,0,0,36:24,2184
401756896,2025,4,2,2025-09-20T23:30Z,239,Baylor Bears,BAY,FBS,9,Arizona State Sun Devils,FBS,home,24,27,18,357,250,25,39,6.4,107,23,4.7,5,12,41.66666666666666666666666667,2,3,66.66666666666666666666666667,7,86,3,2,1,23:36,1416
401756898,2025,4,2,2025-09-20T23:30Z,252,BYU Cougars,BYU,FBS,151,East Carolina Pirates,FBS,away,34,13,20,418,246,18,26,9.5,172,34,5.1,7,14,50,0,1,0,10,101,0,0,0,31:39,1899
401756898,2025,4,2,2025-09-20T23:30Z,151,East Carolina Pirates,ECU,FBS,252,BYU Cougars,FBS,home,13,34,24,404,285,25,42,6.8,119,35,3.4,6,15,40,1,3,33.33333333333333333333333333,11,76,2,0,2,28:21,1701
401757263,2025,4,2,2025-09-20T23:30Z,2572,Southern Miss Golden Eagles,USM,FBS,2348,Louisiana Tech Bulldogs,FBS,away,20,30,28,514,392,28,47,8.3,122,35,3.5,7,17,41.17647058823529411764705882,0,2,0,8,54,1,0,1,32:36,1956
401757263,2025,4,2,2025-09-20T23:30Z,2348,Louisiana Tech Bulldogs,LT,FBS,2572,Southern Miss Golden Eagles,FBS,home,30,20,14,339,238,15,21,11.3,101,38,2.7,2,13,15.38461538461538461538461538,2,2,100,8,76,0,0,0,27:24,1644
401760377,2025,4,2,2025-09-21T00:00Z,2377,McNeese Cowboys,MCN,FCS,328,Utah State Aggies,FBS,away,7,48,13,239,130,11,28,4.6,109,40,2.7,6,18,33.33333333333333333333333333,2,4,50,3,22,0,0,0,28:46,1726
401760377,2025,4,2,2025-09-21T00:00Z,328,Utah State Aggies,USU,FBS,2377,McNeese Cowboys,FCS,home,48,7,27,627,293,19,28,10.5,334,47,7.1,6,12,50,1,1,100,6,55,2,1,1,31:14,1874
401761612,2025,4,2,2025-09-21T00:00Z,2447,Nicholls Colonels,NICH,FCS,326,Texas State Bobcats,FBS,away,3,35,17,224,97,15,22,4.4,127,42,3.0,5,16,31.25,1,3,33.33333333333333333333333333,4,36,1,0,1,33:09,1989
401761612,2025,4,2,2025-09-21T00:00Z,326,Texas State Bobcats,TXST,FBS,2447,Nicholls Colonels,FCS,home,35,3,25,401,194,14,22,8.8,207,47,4.4,11,14,78.57142857142857142857142857,0,0,,6,67,1,1,0,26:51,1611
401757267,2025,4,2,2025-09-21T01:00Z,2433,UL Monroe Warhawks,ULM,FBS,2638,UTEP Miners,FBS,away,31,25,18,399,149,9,15,9.9,250,42,6.0,2,10,20,0,1,0,12,98,0,0,0,31:51,1911
401757267,2025,4,2,2025-09-21T01:00Z,2638,UTEP Miners,UTEP,FBS,2433,UL Monroe Warhawks,FBS,home,25,31,21,442,409,23,50,8.2,33,28,1.2,8,19,42.10526315789473684210526316,1,4,25,8,80,2,0,2,28:09,1689
401760373,2025,4,2,2025-09-21T01:30Z,2636,UTSA Roadrunners,UTSA,FBS,36,Colorado State Rams,FBS,away,17,16,13,345,173,14,27,6.4,172,33,5.2,6,15,40,0,2,0,9,80,2,0,2,26:27,1587
401760373,2025,4,2,2025-09-21T01:30Z,36,Colorado State Rams,CSU,FBS,2636,UTSA Roadrunners,FBS,home,16,17,20,407,254,24,38,6.7,153,37,4.1,7,18,38.88888888888888888888888889,1,2,50,11,115,0,0,0,33:33,2013
401756897,2025,4,2,2025-09-21T02:25Z,2751,Wyoming Cowboys,WYO,FBS,38,Colorado Buffaloes,FBS,away,20,37,20,347,182,12,26,7.0,165,41,4.0,5,13,38.46153846153846153846153846,1,1,100,7,80,0,0,0,32:04,1924
401756897,2025,4,2,2025-09-21T02:25Z,38,Colorado Buffaloes,COLO,FBS,2751,Wyoming Cowboys,FBS,home,37,20,23,497,304,18,28,10.9,193,31,6.2,5,10,50,0,0,,5,53,1,1,0,27:56,1676
401754540,2025,4,2,2025-09-21T02:30Z,25,California Golden Bears,CAL,FBS,21,San Diego State Aztecs,FBS,away,0,34,17,289,224,18,41,5.5,65,31,2.1,6,17,35.29411764705882352941176471,2,4,50,6,40,3,1,2,29:42,1782
401754540,2025,4,2,2025-09-21T02:30Z,21,San Diego State Aztecs,SDSU,FBS,25,California Golden Bears,FBS,home,34,0,15,321,186,15,18,10.3,135,35,3.9,3,11,27.27272727272727272727272727,0,0,,7,75,0,0,0,30:18,1818
401760374,2025,4,2,2025-09-21T03:59Z,278,Fresno State Bulldogs,FRES,FBS,62,Hawai'i Rainbow Warriors,FBS,away,23,21,16,301,230,22,29,7.9,71,32,2.2,7,14,50,0,0,,8,87,1,1,0,30:10,1810
401760374,2025,4,2,2025-09-21T03:59Z,62,Hawai'i Rainbow Warriors,HAW,FBS,278,Fresno State Bulldogs,FBS,home,21,23,20,308,219,28,47,4.7,89,27,3.3,7,17,41.17647058823529411764705882,2,3,66.66666666666666666666666667,7,41,4,1,3,29:50,1790
401762471,2025,5,2,2025-09-25T23:30Z,349,Army Black Knights,ARMY,FBS,151,East Carolina Pirates,FBS,away,6,28,12,290,49,6,12,4.1,241,53,4.5,2,15,13.33333333333333333333333333,4,9,44.44444444444444444444444444,3,19,1,1,0,34:02,2042
401762471,2025,5,2,2025-09-25T23:30Z,151,East Carolina Pirates,ECU,FBS,349,Army Black Knights,FBS,home,28,6,23,431,251,15,22,11.4,180,50,3.6,7,12,58.33333333333333333333333333,1,3,33.33333333333333333333333333,2,15,2,1,1,25:58,1558
401754543,2025,5,2,2025-09-26T23:00Z,52,Florida State Seminoles,FSU,FBS,258,Virginia Cavaliers,FBS,away,38,46,24,514,258,19,33,7.8,256,48,5.3,6,15,40,3,5,60,5,49,3,1,2,28:03,1683
401754543,2025,5,2,2025-09-26T23:00Z,258,Virginia Cavaliers,UVA,FBS,52,Florida State Seminoles,FBS,home,46,38,27,440,229,26,36,6.4,211,48,4.4,7,13,53.84615384615384615384615385,2,2,100,4,25,3,0,3,31:57,1917
401756902,2025,5,2,2025-09-27T01:00Z,2628,TCU Horned Frogs,TCU,FBS,9,Arizona State Sun Devils,FBS,away,24,27,15,269,259,21,33,7.8,10,25,0.4,5,12,41.66666666666666666666666667,0,0,,8,72,3,1,2,24:13,1453
401756902,2025,5,2,2025-09-27T01:00Z,9,Arizona State Sun Devils,ASU,FBS,2628,TCU Horned Frogs,FBS,home,27,24,25,498,291,27,39,7.5,207,44,4.7,5,16,31.25,2,4,50,7,56,1,1,0,35:47,2147
401752939,2025,5,2,2025-09-27T02:35Z,248,Houston Cougars,HOU,FBS,204,Oregon State Beavers,FBS,away,27,24,17,352,270,20,36,7.5,82,30,2.7,6,15,40,1,1,100,8,60,1,0,1,24:37,1477
401752939,2025,5,2,2025-09-27T02:35Z,204,Oregon State Beavers,ORST,FBS,248,Houston Cougars,FBS,home,24,27,22,390,201,20,33,6.1,189,49,3.9,7,17,41.17647058823529411764705882,0,1,0,5,27,0,0,0,35:23,2123
401752852,2025,5,2,2025-09-27T19:30Z,194,Ohio State Buckeyes,OSU,FBS,264,Washington Huskies,FBS,away,24,6,23,357,208,22,28,7.4,149,34,4.4,6,10,60,1,2,50,5,60,1,1,0,31:55,1915
401752852,2025,5,2,2025-09-27T19:30Z,264,Washington Huskies,WASH,FBS,194,Ohio State Buckeyes,FBS,home,6,24,15,234,173,18,23,7.5,61,30,2.0,1,11,9.090909090909090909090909091,1,3,33.33333333333333333333333333,6,49,0,0,0,28:05,1685
401752854,2025,5,2,2025-09-27T23:30Z,2483,Oregon Ducks,ORE,FBS,213,Penn State Nittany Lions,FBS,away,30,24,20,424,248,29,39,6.4,176,39,4.5,6,18,33.33333333333333333333333333,5,7,71.42857142857142857142857143,4,34,0,0,0,33:52,2032
401752854,2025,5,2,2025-09-27T23:30Z,213,Penn State Nittany Lions,PSU,FBS,2483,Oregon Ducks,FBS,home,24,30,15,276,137,14,25,5.5,139,35,4.0,6,15,40,3,3,100,2,10,1,0,1,26:08,1568
401752719,2025,5,2,2025-09-27T19:30Z,99,LSU Tigers,LSU,FBS,145,Ole Miss Rebels,FBS,away,19,24,16,254,197,21,34,5.8,57,22,2.6,2,11,18.18181818181818181818181818,2,2,100,7,78,1,0,1,27:38,1658
401752719,2025,5,2,2025-09-27T19:30Z,145,Ole Miss Rebels,MISS,FBS,99,LSU Tigers,FBS,home,24,19,28,480,314,23,39,8.1,166,45,3.7,8,16,50,2,2,100,14,109,2,1,1,32:22,1942
401752718,2025,5,2,2025-09-27T23:30Z,333,Alabama Crimson Tide,ALA,FBS,61,Georgia Bulldogs,FBS,away,24,21,25,397,280,25,39,7.2,117,38,3.1,13,19,68.42105263157894736842105263,0,1,0,4,16,0,0,0,35:36,2136
401752718,2025,5,2,2025-09-27T23:30Z,61,Georgia Bulldogs,UGA,FBS,333,Alabama Crimson Tide,FBS,home,21,24,17,357,130,13,20,6.5,227,33,6.9,2,8,25,0,1,0,6,68,1,1,0,24:24,1464
401752724,2025,5,2,2025-09-27T19:30Z,2,Auburn Tigers,AUB,FBS,245,Texas A&M Aggies,FBS,away,10,16,9,177,125,18,33,3.8,52,24,2.2,0,13,0,0,2,0,10,69,0,0,0,25:54,1554
401752724,2025,5,2,2025-09-27T19:30Z,245,Texas A&M Aggies,TA&M,FBS,2,Auburn Tigers,FBS,home,16,10,21,414,207,15,22,9.4,207,47,4.4,3,14,21.42857142857142857142857143,0,0,,13,119,1,0,1,34:06,2046
401752853,2025,5,2,2025-09-27T19:30Z,84,Indiana Hoosiers,IU,FBS,2294,Iowa Hawkeyes,FBS,away,20,15,18,337,233,13,23,10.1,104,39,2.7,6,15,40,0,3,0,4,30,1,0,1,27:18,1638
401752853,2025,5,2,2025-09-27T19:30Z,2294,Iowa Hawkeyes,IOWA,FBS,84,Indiana Hoosiers,FBS,home,15,20,17,284,192,24,38,5.1,92,31,3.0,6,16,37.5,1,2,50,2,25,2,0,2,32:42,1962
401756904,2025,5,2,2025-09-27T23:00Z,12,Arizona Wildcats,ARIZ,FBS,66,Iowa State Cyclones,FBS,away,14,39,20,360,253,32,48,5.3,107,24,4.5,4,13,30.76923076923076923076923077,1,3,33.33333333333333333333333333,2,30,2,0,2,28:55,1735
401756904,2025,5,2,2025-09-27T23:00Z,66,Iowa State Cyclones,ISU,FBS,12,Arizona Wildcats,FBS,home,39,14,19,399,288,15,22,13.1,111,47,2.4,6,13,46.15384615384615384615384615,2,2,100,1,5,1,0,1,31:05,1865
401752720,2025,5,2,2025-09-27T20:15Z,2633,Tennessee Volunteers,TENN,FBS,344,Mississippi State Bulldogs,FBS,away,41,34,24,466,335,24,40,8.4,131,32,4.1,5,14,35.71428571428571428571428571,2,2,100,6,60,3,1,2,27:37,1657
401752720,2025,5,2,2025-09-27T20:15Z,344,Mississippi State Bulldogs,MSST,FBS,2633,Tennessee Volunteers,FBS,home,34,41,23,378,175,18,29,6.0,203,57,3.6,8,19,42.10526315789473684210526316,1,2,50,6,71,2,1,1,32:23,1943
401754546,2025,5,2,2025-09-27T16:00Z,59,Georgia Tech Yellow Jackets,GT,FBS,154,Wake Forest Demon Deacons,FBS,away,30,29,27,411,248,29,43,5.8,163,42,3.9,7,16,43.75,0,2,0,4,23,1,1,0,32:46,1966
401754546,2025,5,2,2025-09-27T16:00Z,154,Wake Forest Demon Deacons,WAKE,FBS,59,Georgia Tech Yellow Jackets,FBS,home,29,30,20,443,233,14,31,7.5,210,40,5.3,9,18,50,0,0,,8,81,0,0,0,27:14,1634
401752725,2025,5,2,2025-09-27T16:45Z,328,Utah State Aggies,USU,FBS,238,Vanderbilt Commodores,FBS,away,35,55,21,393,274,28,38,7.2,119,25,4.8,5,14,35.71428571428571428571428571,0,1,0,3,30,1,1,0,26:43,1603
401752725,2025,5,2,2025-09-27T16:45Z,238,Vanderbilt Commodores,VAN,FBS,328,Utah State Aggies,FBS,home,55,35,31,543,321,26,35,9.2,222,30,7.4,5,8,62.5,0,0,,6,65,1,0,1,33:17,1997
401752721,2025,5,2,2025-09-27T23:30Z,113,Massachusetts Minutemen,MASS,FBS,142,Missouri Tigers,FBS,away,6,42,9,124,105,14,39,2.7,19,16,1.2,4,16,25,0,0,,3,10,1,0,1,21:17,1277
401752721,2025,5,2,2025-09-27T23:30Z,142,Missouri Tigers,MIZ,FBS,113,Massachusetts Minutemen,FBS,home,42,6,31,521,253,27,32,7.9,268,52,5.2,10,15,66.66666666666666666666666667,0,0,,1,5,1,0,1,38:43,2323
401752850,2025,5,2,2025-09-27T16:00Z,30,USC Trojans,USC,FBS,356,Illinois Fighting Illini,FBS,away,32,34,29,490,364,30,43,8.5,126,34,3.7,8,14,57.14285714285714285714285714,4,5,80,8,69,2,1,1,32:34,1954
401752850,2025,5,2,2025-09-27T16:00Z,356,Illinois Fighting Illini,ILL,FBS,30,USC Trojans,FBS,home,34,32,25,502,331,21,27,12.3,171,35,4.9,6,10,60,1,1,100,5,42,2,2,0,27:26,1646
401752717,2025,5,2,2025-09-27T16:00Z,87,Notre Dame Fighting Irish,ND,FBS,8,Arkansas Razorbacks,FBS,away,56,13,32,641,431,24,32,13.5,210,40,5.3,6,10,60,2,3,66.66666666666666666666666667,5,42,0,0,0,32:47,1967
401752717,2025,5,2,2025-09-27T16:00Z,8,Arkansas Razorbacks,ARK,FBS,87,Notre Dame Fighting Irish,FBS,home,13,56,15,365,207,17,32,6.5,158,30,5.3,7,15,46.66666666666666666666666667,1,3,33.33333333333333333333333333,6,60,2,1,1,27:13,1633
401756903,2025,5,2,2025-09-28T02:15Z,252,BYU Cougars,BYU,FBS,38,Colorado Buffaloes,FBS,away,24,21,27,387,179,19,29,6.2,208,36,5.8,4,11,36.36363636363636363636363636,2,3,66.66666666666666666666666667,6,34,0,0,0,33:35,2015
401756903,2025,5,2,2025-09-28T02:15Z,38,Colorado Buffaloes,COLO,FBS,252,BYU Cougars,FBS,home,21,24,17,291,119,11,16,7.4,172,37,4.6,3,9,33.33333333333333333333333333,0,1,0,6,67,1,0,1,26:25,1585
401752849,2025,5,2,2025-09-27T16:00Z,164,Rutgers Scarlet Knights,RUTG,FBS,135,Minnesota Golden Gophers,FBS,away,28,31,29,387,249,21,34,7.3,138,42,3.3,7,14,50,0,0,,5,41,1,0,1,31:05,1865
401752849,2025,5,2,2025-09-27T16:00Z,135,Minnesota Golden Gophers,MINN,FBS,164,Rutgers Scarlet Knights,FBS,home,31,28,20,359,324,31,41,7.9,35,18,1.9,5,11,45.45454545454545454545454545,0,1,0,3,30,0,0,0,28:55,1735
401754545,2025,5,2,2025-09-27T16:00Z,150,Duke Blue Devils,DUKE,FBS,183,Syracuse Orange,FBS,away,38,3,23,503,268,22,28,9.6,235,37,6.4,6,13,46.15384615384615384615384615,2,2,100,9,105,0,0,0,31:15,1875
401754545,2025,5,2,2025-09-27T16:00Z,183,Syracuse Orange,SYR,FBS,150,Duke Blue Devils,FBS,home,3,38,19,314,229,24,37,6.2,85,27,3.1,5,14,35.71428571428571428571428571,1,3,33.33333333333333333333333333,4,55,3,2,1,28:45,1725
401754547,2025,5,2,2025-09-27T16:00Z,97,Louisville Cardinals,LOU,FBS,221,Pittsburgh Panthers,FBS,away,34,27,23,392,339,33,51,6.6,53,34,1.6,9,19,47.36842105263157894736842105,0,0,,9,92,1,0,1,39:22,2362
401754547,2025,5,2,2025-09-27T16:00Z,221,Pittsburgh Panthers,PITT,FBS,97,Louisville Cardinals,FBS,home,27,34,14,339,259,17,32,8.1,80,23,3.5,1,10,10,1,4,25,6,38,5,2,3,20:38,1238
401756905,2025,5,2,2025-09-27T16:00Z,2132,Cincinnati Bearcats,CIN,FBS,2305,Kansas Jayhawks,FBS,away,37,34,29,603,388,29,44,8.8,215,37,5.8,7,16,43.75,3,3,100,9,68,0,0,0,34:36,2076
401756905,2025,5,2,2025-09-27T16:00Z,2305,Kansas Jayhawks,KU,FBS,2132,Cincinnati Bearcats,FBS,home,34,37,26,597,445,19,28,15.9,152,27,5.6,3,8,37.5,2,2,100,5,26,1,1,0,25:24,1524
401756906,2025,5,2,2025-09-27T16:00Z,2116,UCF Knights,UCF,FBS,2306,Kansas State Wildcats,FBS,away,20,34,13,402,197,13,26,7.6,205,33,6.2,3,13,23.07692307692307692307692308,0,2,0,6,45,3,1,2,27:51,1671
401756906,2025,5,2,2025-09-27T16:00Z,2306,Kansas State Wildcats,KSU,FBS,2116,UCF Knights,FBS,home,34,20,21,434,168,18,26,6.5,266,44,6.0,6,14,42.85714285714285714285714286,1,2,50,2,25,1,0,1,32:09,1929
401761617,2025,5,2,2025-09-27T16:00Z,6,South Alabama Jaguars,USA,FBS,249,North Texas Mean Green,FBS,away,22,36,18,396,192,18,35,5.5,204,45,4.5,7,19,36.84210526315789473684210526,3,5,60,8,80,1,0,1,32:28,1948
401761617,2025,5,2,2025-09-27T16:00Z,249,North Texas Mean Green,UNT,FBS,6,South Alabama Jaguars,FBS,home,36,22,20,429,234,14,26,9.0,195,39,5.0,4,13,30.76923076923076923076923077,2,3,66.66666666666666666666666667,5,41,1,1,0,27:32,1652
401762825,2025,5,2,2025-09-27T16:00Z,189,Bowling Green Falcons,BGSU,FBS,195,Ohio Bobcats,FBS,away,20,35,21,350,170,19,29,5.9,180,36,5.0,5,13,38.46153846153846153846153846,0,1,0,5,50,4,1,3,30:31,1831
401762825,2025,5,2,2025-09-27T16:00Z,195,Ohio Bobcats,OHIO,FBS,189,Bowling Green Falcons,FBS,home,35,20,24,439,208,17,25,8.3,231,39,5.9,4,10,40,1,2,50,4,35,3,2,1,29:29,1769
401762826,2025,5,2,2025-09-27T17:00Z,2199,Eastern Michigan Eagles,EMU,FBS,2117,Central Michigan Chippewas,FBS,away,13,24,19,298,175,17,28,6.3,123,29,4.2,7,14,50,0,0,,5,52,1,0,1,23:36,1416
401762826,2025,5,2,2025-09-27T17:00Z,2117,Central Michigan Chippewas,CMU,FBS,2199,Eastern Michigan Eagles,FBS,home,24,13,22,445,140,15,19,7.4,305,51,6.0,4,13,30.76923076923076923076923077,3,3,100,4,45,0,0,0,36:24,2184
401761614,2025,5,2,2025-09-27T17:30Z,290,Georgia Southern Eagles,GASO,FBS,256,James Madison Dukes,FBS,away,10,35,10,192,165,14,24,6.9,27,26,1.0,4,14,28.57142857142857142857142857,0,1,0,2,20,0,0,0,24:10,1450
401761614,2025,5,2,2025-09-27T17:30Z,256,James Madison Dukes,JMU,FBS,290,Georgia Southern Eagles,FBS,home,35,10,29,479,148,11,22,6.7,331,53,6.2,8,13,61.53846153846153846153846154,0,0,,7,60,0,0,0,35:50,2150
401761616,2025,5,2,2025-09-27T19:00Z,2032,Arkansas State Red Wolves,ARST,FBS,2433,UL Monroe Warhawks,FBS,away,16,28,22,297,285,30,47,6.1,12,27,0.4,3,15,20,5,7,71.42857142857142857142857143,2,18,2,1,1,29:39,1779
401761616,2025,5,2,2025-09-27T19:00Z,2433,UL Monroe Warhawks,ULM,FBS,2032,Arkansas State Red Wolves,FBS,home,28,16,18,384,185,17,26,7.1,199,32,6.2,6,13,46.15384615384615384615384615,0,0,,9,67,1,0,1,30:21,1821
401752851,2025,5,2,2025-09-27T19:30Z,26,UCLA Bruins,UCLA,FBS,77,Northwestern Wildcats,FBS,away,14,17,18,311,180,19,28,6.4,131,29,4.5,7,14,50,1,2,50,6,60,0,0,0,25:39,1539
401752851,2025,5,2,2025-09-27T19:30Z,77,Northwestern Wildcats,NU,FBS,26,UCLA Bruins,FBS,home,17,14,21,314,115,12,18,6.4,199,42,4.7,6,13,46.15384615384615384615384615,2,2,100,2,20,0,0,0,34:21,2061
401754544,2025,5,2,2025-09-27T19:30Z,25,California Golden Bears,CAL,FBS,103,Boston College Eagles,FBS,away,28,24,23,372,254,22,34,7.5,118,37,3.2,6,12,50,1,3,33.33333333333333333333333333,11,78,1,0,1,35:15,2115
401754544,2025,5,2,2025-09-27T19:30Z,103,Boston College Eagles,BC,FBS,25,California Golden Bears,FBS,home,24,28,20,375,197,21,37,5.3,178,21,8.5,4,11,36.36363636363636363636363636,2,2,100,15,109,2,0,2,24:45,1485
401756907,2025,5,2,2025-09-27T19:30Z,239,Baylor Bears,BAY,FBS,197,Oklahoma State Cowboys,FBS,away,45,27,29,612,393,24,35,11.2,219,39,5.6,7,14,50,1,2,50,8,60,1,1,0,31:52,1912
401756907,2025,5,2,2025-09-27T19:30Z,197,Oklahoma State Cowboys,OKST,FBS,239,Baylor Bears,FBS,home,27,45,22,448,291,27,46,6.3,157,32,4.9,6,16,37.5,0,2,0,8,100,0,0,0,28:08,1688
401756908,2025,5,2,2025-09-27T19:30Z,254,Utah Utes,UTAH,FBS,277,West Virginia Mountaineers,FBS,away,48,14,33,532,290,25,30,9.7,242,47,5.1,8,13,61.53846153846153846153846154,3,3,100,5,43,1,0,1,34:45,2085
401756908,2025,5,2,2025-09-27T19:30Z,277,West Virginia Mountaineers,WVU,FBS,254,Utah Utes,FBS,home,14,48,14,346,85,6,13,6.5,261,48,5.4,4,14,28.57142857142857142857142857,4,7,57.14285714285714285714285714,6,70,0,0,0,25:15,1515
401757170,2025,5,2,2025-09-27T19:30Z,41,UConn Huskies,CONN,FBS,2084,Buffalo Bulls,FBS,away,20,17,17,320,155,19,32,4.8,165,31,5.3,5,13,38.46153846153846153846153846,0,0,,0,0,0,0,0,26:10,1570
401757170,2025,5,2,2025-09-27T19:30Z,2084,Buffalo Bulls,BUFF,FBS,41,UConn Huskies,FBS,home,17,20,17,329,125,17,29,4.3,204,42,4.9,4,15,26.66666666666666666666666667,2,4,50,4,25,0,0,0,33:50,2030
401760380,2025,5,2,2025-09-27T19:30Z,21,San Diego State Aztecs,SDSU,FBS,2459,Northern Illinois Huskies,FBS,away,6,3,19,266,115,14,22,5.2,151,44,3.4,5,15,33.33333333333333333333333333,1,3,33.33333333333333333333333333,5,50,2,0,2,31:18,1878
401760380,2025,5,2,2025-09-27T19:30Z,2459,Northern Illinois Huskies,NIU,FBS,21,San Diego State Aztecs,FBS,home,3,6,10,169,57,7,16,3.6,112,41,2.7,4,15,26.66666666666666666666666667,1,2,50,7,60,1,0,1,28:42,1722
401762473,2025,5,2,2025-09-27T19:30Z,242,Rice Owls,RICE,FBS,2426,Navy Midshipmen,FBS,away,13,21,13,234,114,12,21,5.4,120,39,3.1,4,15,26.66666666666666666666666667,4,5,80,5,35,0,0,0,26:31,1591
401762473,2025,5,2,2025-09-27T19:30Z,2426,Navy Midshipmen,NAVY,FBS,242,Rice Owls,FBS,home,21,13,19,455,172,8,13,13.2,283,48,5.9,7,12,58.33333333333333333333333333,1,2,50,10,85,1,0,1,33:29,2009
401762824,2025,5,2,2025-09-27T19:30Z,2006,Akron Zips,AKR,FBS,2649,Toledo Rockets,FBS,away,3,45,11,134,79,14,25,3.2,55,35,1.6,2,15,13.33333333333333333333333333,2,3,66.66666666666666666666666667,3,16,1,1,0,28:53,1733
401762824,2025,5,2,2025-09-27T19:30Z,2649,Toledo Rockets,TOL,FBS,2006,Akron Zips,FBS,home,45,3,28,538,293,20,24,12.2,245,37,6.6,3,8,37.5,0,0,,7,83,0,0,0,31:07,1867
401762827,2025,5,2,2025-09-27T19:30Z,2815,Lindenwood Lions,LIN,FCS,193,Miami (OH) RedHawks,FBS,away,0,38,9,146,87,9,25,3.5,59,29,2.0,1,13,7.692307692307692307692307692,0,0,,4,30,2,0,2,23:07,1387
401762827,2025,5,2,2025-09-27T19:30Z,193,Miami (OH) RedHawks,M-OH,FBS,2815,Lindenwood Lions,FCS,home,38,0,23,472,208,13,23,9.0,264,49,5.4,4,13,30.76923076923076923076923077,2,3,66.66666666666666666666666667,6,50,0,0,0,36:53,2213
401757274,2025,5,2,2025-09-27T20:00Z,166,New Mexico State Aggies,NMSU,FBS,167,New Mexico Lobos,FBS,away,20,38,16,304,289,21,38,7.6,15,30,0.5,6,17,35.29411764705882352941176471,1,3,33.33333333333333333333333333,9,94,1,0,1,27:55,1675
401757274,2025,5,2,2025-09-27T20:00Z,167,New Mexico Lobos,UNM,FBS,166,New Mexico State Aggies,FBS,home,38,20,24,476,344,24,31,11.1,132,38,3.5,7,14,50,0,1,0,9,60,2,2,0,32:05,1925
401760378,2025,5,2,2025-09-27T20:00Z,62,Hawai'i Rainbow Warriors,HAW,FBS,2005,Air Force Falcons,FBS,away,44,35,26,535,457,35,47,9.7,78,31,2.5,14,19,73.68421052631578947368421053,0,1,0,4,17,0,0,0,37:24,2244
401760378,2025,5,2,2025-09-27T20:00Z,2005,Air Force Falcons,AFA,FBS,62,Hawai'i Rainbow Warriors,FBS,home,35,44,17,494,278,10,13,21.4,216,34,6.4,3,6,50,0,2,0,5,32,1,0,1,22:36,1356
401762474,2025,5,2,2025-09-27T20:00Z,2655,Tulane Green Wave,TULN,FBS,202,Tulsa Golden Hurricane,FBS,away,31,14,23,437,252,18,32,7.9,185,43,4.3,8,18,44.44444444444444444444444444,1,1,100,12,104,1,1,0,34:59,2099
401762474,2025,5,2,2025-09-27T20:00Z,202,Tulsa Golden Hurricane,TLSA,FBS,2655,Tulane Green Wave,FBS,home,14,31,16,337,245,18,36,6.8,92,38,2.4,5,16,31.25,0,2,0,6,54,2,1,1,25:01,1501
401757270,2025,5,2,2025-09-27T22:00Z,2393,Middle Tennessee Blue Raiders,MTSU,FBS,338,Kennesaw State Owls,FBS,away,16,24,24,460,305,28,42,7.3,155,37,4.2,4,14,28.57142857142857142857142857,2,4,50,7,65,2,1,1,38:59,2339
401757270,2025,5,2,2025-09-27T22:00Z,338,Kennesaw State Owls,KENN,FBS,2393,Middle Tennessee Blue Raiders,FBS,home,24,16,17,334,177,13,20,8.9,157,31,5.1,1,8,12.5,0,1,0,4,30,1,1,0,21:01,1261
401757271,2025,5,2,2025-09-27T22:00Z,2335,Liberty Flames,LIB,FBS,295,Old Dominion Monarchs,FBS,away,7,21,11,210,77,6,12,6.4,133,44,3.0,4,13,30.76923076923076923076923077,0,1,0,10,70,3,2,1,28:33,1713
401757271,2025,5,2,2025-09-27T22:00Z,295,Old Dominion Monarchs,ODU,FBS,2335,Liberty Flames,FBS,home,21,7,25,489,271,18,26,10.4,218,45,4.8,6,14,42.85714285714285714285714286,1,1,100,4,25,4,3,1,31:27,1887
401762828,2025,5,2,2025-09-27T22:30Z,227,Rhode Island Rams,URI,FCS,2711,Western Michigan Broncos,FBS,away,14,47,16,251,256,19,28,9.1,-5,23,-0.2,2,7,28.57142857142857142857142857,0,1,0,3,25,4,3,1,20:35,1235
401762828,2025,5,2,2025-09-27T22:30Z,2711,Western Michigan Broncos,WMU,FBS,227,Rhode Island Rams,FCS,home,47,14,25,372,156,17,24,6.5,216,53,4.1,8,16,50,2,3,66.66666666666666666666666667,3,30,2,1,1,39:25,2365
401754548,2025,5,2,2025-09-27T23:00Z,259,Virginia Tech Hokies,VT,FBS,152,NC State Wolfpack,FBS,away,23,21,18,406,177,20,34,5.2,229,31,7.4,7,15,46.66666666666666666666666667,1,1,100,7,55,0,0,0,29:49,1789
401754548,2025,5,2,2025-09-27T23:00Z,152,NC State Wolfpack,NCSU,FBS,259,Virginia Tech Hokies,FBS,home,21,23,18,299,240,26,34,7.1,59,32,1.8,6,14,42.85714285714285714285714286,1,3,33.33333333333333333333333333,2,5,0,0,0,30:11,1811
401757269,2025,5,2,2025-09-27T23:00Z,55,Jacksonville State Gamecocks,JVST,FBS,2572,Southern Miss Golden Eagles,FBS,away,25,42,21,390,128,13,25,5.1,262,54,4.9,8,16,50,1,2,50,6,53,4,2,2,30:58,1858
401757269,2025,5,2,2025-09-27T23:00Z,2572,Southern Miss Golden Eagles,USM,FBS,55,Jacksonville State Gamecocks,FBS,home,42,25,25,377,152,13,22,6.9,225,50,4.5,4,12,33.33333333333333333333333333,2,3,66.66666666666666666666666667,7,51,1,1,0,29:02,1742
401757273,2025,5,2,2025-09-27T23:00Z,98,Western Kentucky Hilltoppers,WKU,FBS,2623,Missouri State Bears,FBS,away,27,22,25,476,317,26,39,8.1,159,29,5.5,4,12,33.33333333333333333333333333,0,1,0,9,94,0,0,0,31:28,1888
401757273,2025,5,2,2025-09-27T23:00Z,2623,Missouri State Bears,MOST,FBS,98,Western Kentucky Hilltoppers,FBS,home,22,27,21,414,200,15,32,6.3,214,34,6.3,2,12,16.66666666666666666666666667,1,2,50,8,70,0,0,0,28:32,1712
401762472,2025,5,2,2025-09-27T23:00Z,235,Memphis Tigers,MEM,FBS,2226,Florida Atlantic Owls,FBS,away,55,26,24,492,196,13,19,10.3,296,46,6.4,6,13,46.15384615384615384615384615,1,2,50,3,25,1,1,0,31:12,1872
401762472,2025,5,2,2025-09-27T23:00Z,2226,Florida Atlantic Owls,FAU,FBS,235,Memphis Tigers,FBS,home,26,55,19,397,322,32,51,6.3,75,29,2.6,7,19,36.84210526315789473684210526,3,6,50,10,62,1,1,0,28:48,1728
401752950,2025,5,2,2025-09-27T23:30Z,265,Washington State Cougars,WSU,FBS,36,Colorado State Rams,FBS,away,20,3,19,347,189,16,28,6.8,158,33,4.8,5,12,41.66666666666666666666666667,0,0,,4,40,0,0,0,31:23,1883
401752950,2025,5,2,2025-09-27T23:30Z,36,Colorado State Rams,CSU,FBS,265,Washington State Cougars,FBS,home,3,20,20,334,188,19,28,6.7,146,37,3.9,5,13,38.46153846153846153846153846,1,4,25,7,60,1,1,0,28:37,1717
401754549,2025,5,2,2025-09-27T23:30Z,23,San José State Spartans,SJSU,FBS,24,Stanford Cardinal,FBS,away,29,30,27,524,473,36,58,8.2,51,14,3.6,4,12,33.33333333333333333333333333,0,1,0,8,54,1,1,0,30:53,1853
401754549,2025,5,2,2025-09-27T23:30Z,24,Stanford Cardinal,STAN,FBS,23,San José State Spartans,FBS,home,30,29,23,481,444,29,43,10.3,37,26,1.4,3,13,23.07692307692307692307692308,2,3,66.66666666666666666666666667,11,95,1,1,0,29:07,1747
401760379,2025,5,2,2025-09-27T23:30Z,2026,App State Mountaineers,APP,FBS,68,Boise State Broncos,FBS,away,14,47,9,184,65,12,28,2.3,119,29,4.1,2,13,15.38461538461538461538461538,1,1,100,11,94,4,1,3,21:50,1310
401760379,2025,5,2,2025-09-27T23:30Z,68,Boise State Broncos,BOIS,FBS,2026,App State Mountaineers,FBS,home,47,14,25,473,321,25,38,8.4,152,44,3.5,9,18,50,2,3,66.66666666666666666666666667,5,55,0,0,0,38:10,2290
401752722,2025,5,2,2025-09-27T23:45Z,96,Kentucky Wildcats,UK,FBS,2579,South Carolina Gamecocks,FBS,away,13,35,14,232,124,10,19,6.5,108,41,2.6,5,13,38.46153846153846153846153846,0,2,0,6,36,4,2,2,28:57,1737
401752722,2025,5,2,2025-09-27T23:45Z,2579,South Carolina Gamecocks,SC,FBS,96,Kentucky Wildcats,FBS,home,35,13,19,341,163,12,15,10.9,178,48,3.7,8,15,53.33333333333333333333333333,2,4,50,5,65,0,0,0,31:03,1863
401761615,2025,5,2,2025-09-28T00:00Z,276,Marshall Thundering Herd,MRSH,FBS,309,Louisiana Ragin' Cajuns,FBS,away,51,54,27,503,258,24,31,8.3,245,48,5.1,6,14,42.85714285714285714285714286,1,1,100,12,102,1,1,0,30:28,1828
401761615,2025,5,2,2025-09-28T00:00Z,309,Louisiana Ragin' Cajuns,UL,FBS,276,Marshall Thundering Herd,FBS,home,54,51,29,461,197,14,28,7.0,264,46,5.7,7,14,50,0,0,,1,5,2,0,2,29:32,1772
401757272,2025,5,2,2025-09-28T01:00Z,2348,Louisiana Tech Bulldogs,LT,FBS,2638,UTEP Miners,FBS,away,30,11,16,232,137,18,26,5.3,95,42,2.3,4,14,28.57142857142857142857142857,0,1,0,5,49,4,3,1,32:15,1935
401757272,2025,5,2,2025-09-28T01:00Z,2638,UTEP Miners,UTEP,FBS,2348,Louisiana Tech Bulldogs,FBS,home,11,30,15,273,147,22,44,3.3,126,29,4.3,6,17,35.29411764705882352941176471,1,3,33.33333333333333333333333333,5,50,5,0,5,27:45,1665
401757275,2025,6,2,2025-10-03T01:00Z,2534,Sam Houston Bearkats,SHSU,FBS,166,New Mexico State Aggies,FBS,away,10,37,18,313,244,27,39,6.3,69,26,2.7,3,13,23.07692307692307692307692308,2,3,66.66666666666666666666666667,5,55,3,2,1,30:11,1811
401757275,2025,6,2,2025-10-03T01:00Z,166,New Mexico State Aggies,NMSU,FBS,2534,Sam Houston Bearkats,FBS,home,37,10,20,350,255,19,26,9.8,95,31,3.1,9,13,69.23076923076923076923076923,0,0,,2,15,1,1,0,29:49,1789
401756909,2025,6,2,2025-10-04T02:30Z,277,West Virginia Mountaineers,WVU,FBS,252,BYU Cougars,FBS,away,24,38,18,291,135,10,18,7.5,156,47,3.3,7,15,46.66666666666666666666666667,0,2,0,3,26,2,0,2,27:50,1670
401756909,2025,6,2,2025-10-04T02:30Z,252,BYU Cougars,BYU,FBS,277,West Virginia Mountaineers,FBS,home,38,24,23,516,351,18,25,14.0,165,42,3.9,4,12,33.33333333333333333333333333,4,4,100,10,67,3,2,1,32:10,1930
401757276,2025,6,2,2025-10-03T23:00Z,98,Western Kentucky Hilltoppers,WKU,FBS,48,Delaware Blue Hens,FBS,away,27,24,16,338,230,23,31,7.4,108,26,4.2,9,14,64.28571428571428571428571429,0,0,,8,90,1,1,0,27:31,1651
401757276,2025,6,2,2025-10-03T23:00Z,48,Delaware Blue Hens,DEL,FBS,98,Western Kentucky Hilltoppers,FBS,home,24,27,27,435,314,28,46,6.8,121,34,3.6,9,16,56.25,2,3,66.66666666666666666666666667,1,15,2,1,1,32:29,1949
401762475,2025,6,2,2025-10-03T23:00Z,2429,Charlotte 49ers,CLT,FBS,58,South Florida Bulls,FBS,away,26,54,15,279,149,16,29,5.1,130,33,3.9,4,12,33.33333333333333333333333333,0,0,,11,81,4,2,2,28:14,1694
401762475,2025,6,2,2025-10-03T23:00Z,58,South Florida Bulls,USF,FBS,2429,Charlotte 49ers,FBS,home,54,26,36,631,224,20,35,6.4,407,62,6.6,9,17,52.94117647058823529411764706,2,3,66.66666666666666666666666667,7,60,4,2,2,31:46,1906
401760384,2025,6,2,2025-10-04T02:00Z,167,New Mexico Lobos,UNM,FBS,23,San José State Spartans,FBS,away,28,35,29,420,344,28,40,8.6,76,27,2.8,6,10,60,2,2,100,6,48,3,0,3,26:33,1593
401760384,2025,6,2,2025-10-04T02:00Z,23,San José State Spartans,SJSU,FBS,167,New Mexico Lobos,FBS,home,35,28,24,480,327,26,30,10.9,153,36,4.3,8,12,66.66666666666666666666666667,1,1,100,8,83,0,0,0,33:27,2007
401760382,2025,6,2,2025-10-04T02:30Z,36,Colorado State Rams,CSU,FBS,21,San Diego State Aztecs,FBS,away,24,45,22,355,206,18,30,6.9,149,35,4.3,4,14,28.57142857142857142857142857,3,4,75,1,5,0,0,0,25:58,1558
401760382,2025,6,2,2025-10-04T02:30Z,21,San Diego State Aztecs,SDSU,FBS,36,Colorado State Rams,FBS,home,45,24,24,540,259,14,18,14.4,281,48,5.9,7,11,63.63636363636363636363636364,1,1,100,9,89,0,0,0,34:02,2042
401752859,2025,6,2,2025-10-04T23:30Z,135,Minnesota Golden Gophers,MINN,FBS,194,Ohio State Buckeyes,FBS,away,3,42,11,162,94,15,26,3.6,68,25,2.7,1,11,9.090909090909090909090909091,0,1,0,2,15,0,0,0,28:08,1688
401752859,2025,6,2,2025-10-04T23:30Z,194,Ohio State Buckeyes,OSU,FBS,135,Minnesota Golden Gophers,FBS,home,42,3,21,474,341,24,28,12.2,133,30,4.4,7,10,70,0,0,,4,35,0,0,0,31:52,1912
401754553,2025,6,2,2025-10-04T23:30Z,2390,Miami Hurricanes,MIA,FBS,52,Florida State Seminoles,FBS,away,28,22,14,338,241,20,27,8.9,97,32,3.0,5,14,35.71428571428571428571428571,2,3,66.66666666666666666666666667,13,114,0,0,0,30:26,1826
401754553,2025,6,2,2025-10-04T23:30Z,52,Florida State Seminoles,FSU,FBS,2390,Miami Hurricanes,FBS,home,22,28,28,404,272,25,45,6.0,132,38,3.5,7,16,43.75,3,4,75,5,45,3,1,2,29:34,1774
401752729,2025,6,2,2025-10-04T20:00Z,2309,Kent State Golden Flashes,KENT,FBS,201,Oklahoma Sooners,FBS,away,0,44,7,135,118,10,19,6.2,17,33,0.5,2,13,15.38461538461538461538461538,1,3,33.33333333333333333333333333,4,19,2,1,1,28:58,1738
401752729,2025,6,2,2025-10-04T20:00Z,201,Oklahoma Sooners,OU,FBS,2309,Kent State Golden Flashes,FBS,home,44,0,23,355,170,15,27,6.3,185,41,4.5,7,13,53.84615384615384615384615385,0,0,,6,72,0,0,0,31:02,1862
401752730,2025,6,2,2025-10-04T23:30Z,344,Mississippi State Bulldogs,MSST,FBS,245,Texas A&M Aggies,FBS,away,9,31,14,219,142,15,20,7.1,77,31,2.5,1,10,10,0,0,,3,35,2,1,1,21:43,1303
401752730,2025,6,2,2025-10-04T23:30Z,245,Texas A&M Aggies,TA&M,FBS,344,Mississippi State Bulldogs,FBS,home,31,9,23,479,180,13,23,7.8,299,54,5.5,7,15,46.66666666666666666666666667,0,1,0,9,66,1,0,1,38:17,2297
401752855,2025,6,2,2025-10-04T19:30Z,213,Penn State Nittany Lions,PSU,FBS,26,UCLA Bruins,FBS,away,37,42,21,357,200,19,26,7.7,157,31,5.1,4,9,44.44444444444444444444444444,1,3,33.33333333333333333333333333,6,43,1,1,0,20:42,1242
401752855,2025,6,2,2025-10-04T19:30Z,26,UCLA Bruins,UCLA,FBS,213,Penn State Nittany Lions,FBS,home,42,37,22,435,166,17,24,6.9,269,53,5.1,10,16,62.5,0,2,0,5,35,0,0,0,39:18,2358
401752727,2025,6,2,2025-10-04T19:30Z,251,Texas Longhorns,TEX,FBS,57,Florida Gators,FBS,away,21,29,16,341,289,17,32,9.0,52,26,2.0,3,11,27.27272727272727272727272727,0,0,,10,70,2,0,2,25:53,1553
401752727,2025,6,2,2025-10-04T19:30Z,57,Florida Gators,FLA,FBS,251,Texas Longhorns,FBS,home,29,21,22,457,298,21,28,10.6,159,37,4.3,7,14,50,0,0,,7,50,2,1,1,34:07,2047
401752726,2025,6,2,2025-10-04T19:30Z,238,Vanderbilt Commodores,VAN,FBS,333,Alabama Crimson Tide,FBS,away,14,30,16,333,198,21,35,5.7,135,19,7.1,5,11,45.45454545454545454545454545,0,1,0,5,52,2,1,1,22:37,1357
401752726,2025,6,2,2025-10-04T19:30Z,333,Alabama Crimson Tide,ALA,FBS,238,Vanderbilt Commodores,FBS,home,30,14,25,486,340,23,31,11.0,146,38,3.8,7,15,46.66666666666666666666666667,2,3,66.66666666666666666666666667,3,30,1,0,1,37:23,2243
401756913,2025,6,2,2025-10-04T23:00Z,2641,Texas Tech Red Raiders,TTU,FBS,248,Houston Cougars,FBS,away,35,11,27,552,345,28,40,8.6,207,50,4.1,9,18,50,1,1,100,8,65,1,1,0,37:58,2278
401756913,2025,6,2,2025-10-04T23:00Z,248,Houston Cougars,HOU,FBS,2641,Texas Tech Red Raiders,FBS,home,11,35,12,267,164,10,25,6.6,103,30,3.4,1,12,8.333333333333333333333333333,2,5,40,5,55,3,1,2,22:02,1322
401752728,2025,6,2,2025-10-04T16:00Z,96,Kentucky Wildcats,UK,FBS,61,Georgia Bulldogs,FBS,away,14,35,19,270,225,25,42,5.4,45,22,2.0,3,11,27.27272727272727272727272727,2,3,66.66666666666666666666666667,7,41,2,1,1,26:22,1582
401752728,2025,6,2,2025-10-04T16:00Z,61,Georgia Bulldogs,UGA,FBS,96,Kentucky Wildcats,FBS,home,35,14,26,425,245,18,27,9.1,180,44,4.1,9,12,75,0,1,0,7,58,2,0,2,33:38,2018
401756912,2025,6,2,2025-10-04T16:00Z,66,Iowa State Cyclones,ISU,FBS,2132,Cincinnati Bearcats,FBS,away,30,38,29,470,314,30,48,6.5,156,37,4.2,4,16,25,4,7,57.14285714285714285714285714,8,60,0,0,0,34:56,2096
401756912,2025,6,2,2025-10-04T16:00Z,2132,Cincinnati Bearcats,CIN,FBS,66,Iowa State Cyclones,FBS,home,38,30,20,474,214,13,25,8.6,260,34,7.6,4,11,36.36363636363636363636363636,1,2,50,13,128,1,1,0,25:04,1504
401752856,2025,6,2,2025-10-04T16:00Z,275,Wisconsin Badgers,WIS,FBS,130,Michigan Wolverines,FBS,away,10,24,13,252,177,18,29,6.1,75,28,2.7,4,14,28.57142857142857142857142857,1,1,100,5,35,1,0,1,30:57,1857
401752856,2025,6,2,2025-10-04T16:00Z,130,Michigan Wolverines,MICH,FBS,275,Wisconsin Badgers,FBS,home,24,10,19,445,270,19,28,9.6,175,34,5.1,5,12,41.66666666666666666666666667,0,1,0,1,10,0,0,0,29:03,1743
401757165,2025,6,2,2025-10-04T19:30Z,68,Boise State Broncos,BOIS,FBS,87,Notre Dame Fighting Irish,FBS,away,7,28,23,315,215,22,37,5.8,100,34,2.9,6,15,40,1,3,33.33333333333333333333333333,13,112,4,0,4,35:46,2146
401757165,2025,6,2,2025-10-04T19:30Z,87,Notre Dame Fighting Irish,ND,FBS,68,Boise State Broncos,FBS,home,28,7,19,389,189,15,23,8.2,200,31,6.5,4,9,44.44444444444444444444444444,0,2,0,11,112,0,0,0,24:14,1454
401752861,2025,6,2,2025-10-04T16:00Z,356,Illinois Fighting Illini,ILL,FBS,2509,Purdue Boilermakers,FBS,away,43,27,22,507,390,19,22,17.7,117,41,2.9,2,11,18.18181818181818181818181818,0,1,0,4,31,0,0,0,34:32,2072
401752861,2025,6,2,2025-10-04T16:00Z,2509,Purdue Boilermakers,PUR,FBS,356,Illinois Fighting Illini,FBS,home,27,43,25,453,302,30,50,6.0,151,25,6.0,5,13,38.46153846153846153846153846,2,3,66.66666666666666666666666667,8,61,2,2,0,25:28,1528
401754554,2025,6,2,2025-10-04T19:30Z,258,Virginia Cavaliers,UVA,FBS,97,Louisville Cardinals,FBS,away,30,27,14,237,149,19,31,4.8,88,32,2.8,6,15,40,2,3,66.66666666666666666666666667,7,68,0,0,0,27:41,1661
401754554,2025,6,2,2025-10-04T19:30Z,97,Louisville Cardinals,LOU,FBS,258,Virginia Cavaliers,FBS,home,27,30,25,383,329,34,48,6.9,54,27,2.0,7,17,41.17647058823529411764705882,1,2,50,5,60,2,1,1,32:19,1939
401754550,2025,6,2,2025-10-04T16:00Z,103,Boston College Eagles,BC,FBS,221,Pittsburgh Panthers,FBS,away,7,48,11,216,189,14,30,6.3,27,24,1.1,4,12,33.33333333333333333333333333,0,1,0,5,57,3,2,1,20:52,1252
401754550,2025,6,2,2025-10-04T16:00Z,221,Pittsburgh Panthers,PITT,FBS,103,Boston College Eagles,FBS,home,48,7,31,503,331,32,45,7.4,172,43,4.0,9,17,52.94117647058823529411764706,3,3,100,8,70,0,0,0,39:08,2348
401754552,2025,6,2,2025-10-04T16:00Z,228,Clemson Tigers,CLEM,FBS,153,North Carolina Tar Heels,FBS,away,38,10,23,488,399,30,39,10.2,89,31,2.9,4,12,33.33333333333333333333333333,3,4,75,7,85,1,1,0,32:25,1945
401754552,2025,6,2,2025-10-04T16:00Z,153,North Carolina Tar Heels,UNC,FBS,228,Clemson Tigers,FBS,home,10,38,19,265,208,26,42,5.0,57,18,3.2,2,11,18.18181818181818181818181818,0,1,0,8,75,0,0,0,27:35,1655
401756911,2025,6,2,2025-10-04T16:00Z,2306,Kansas State Wildcats,KSU,FBS,239,Baylor Bears,FBS,away,34,35,31,506,344,29,46,7.5,162,36,4.5,8,15,53.33333333333333333333333333,1,1,100,3,40,1,0,1,37:47,2267
401756911,2025,6,2,2025-10-04T16:00Z,239,Baylor Bears,BAY,FBS,2306,Kansas State Wildcats,FBS,home,35,34,25,443,345,25,39,8.8,98,25,3.9,3,9,33.33333333333333333333333333,0,1,0,7,69,2,1,1,22:13,1333
401760381,2025,6,2,2025-10-04T16:00Z,2005,Air Force Falcons,AFA,FBS,2426,Navy Midshipmen,FBS,away,31,34,23,460,249,12,20,12.5,211,45,4.7,7,13,53.84615384615384615384615385,1,1,100,3,35,1,1,0,32:28,1948
401760381,2025,6,2,2025-10-04T16:00Z,2426,Navy Midshipmen,NAVY,FBS,2005,Air Force Falcons,FBS,home,34,31,18,517,339,20,26,13.0,178,29,6.1,5,11,45.45454545454545454545454545,2,2,100,8,49,1,1,0,27:32,1652
401762476,2025,6,2,2025-10-04T16:00Z,349,Army Black Knights,ARMY,FBS,5,UAB Blazers,FBS,away,31,13,17,295,48,2,5,9.6,247,61,4.0,5,13,38.46153846153846153846153846,3,4,75,7,50,0,0,0,36:51,2211
401762476,2025,6,2,2025-10-04T16:00Z,5,UAB Blazers,UAB,FBS,349,Army Black Knights,FBS,home,13,31,16,362,259,24,42,6.2,103,18,5.7,6,14,42.85714285714285714285714286,2,4,50,11,73,2,1,1,23:09,1389
401762830,2025,6,2,2025-10-04T16:00Z,195,Ohio Bobcats,OHIO,FBS,2050,Ball State Cardinals,FBS,away,14,20,18,356,188,16,29,6.5,168,37,4.5,7,14,50,0,2,0,8,90,0,0,0,28:09,1689
401762830,2025,6,2,2025-10-04T16:00Z,2050,Ball State Cardinals,BALL,FBS,195,Ohio Bobcats,FBS,home,20,14,20,357,185,17,33,5.6,172,42,4.1,9,20,45,1,2,50,2,15,0,0,0,31:51,1911
401754556,2025,6,2,2025-10-04T17:00Z,154,Wake Forest Demon Deacons,WAKE,FBS,259,Virginia Tech Hokies,FBS,away,30,23,19,347,256,24,40,6.4,91,32,2.8,6,17,35.29411764705882352941176471,1,1,100,11,85,1,0,1,32:40,1960
401754556,2025,6,2,2025-10-04T17:00Z,259,Virginia Tech Hokies,VT,FBS,154,Wake Forest Demon Deacons,FBS,home,23,30,16,263,111,14,28,4.0,152,35,4.3,7,17,41.17647058823529411764705882,0,1,0,6,74,1,0,1,27:20,1640
401762479,2025,6,2,2025-10-04T17:00Z,2636,UTSA Roadrunners,UTSA,FBS,218,Temple Owls,FBS,away,21,27,19,304,234,25,37,6.3,70,30,2.3,4,12,33.33333333333333333333333333,1,3,33.33333333333333333333333333,9,83,2,0,2,32:19,1939
401762479,2025,6,2,2025-10-04T17:00Z,218,Temple Owls,TEM,FBS,2636,UTSA Roadrunners,FBS,home,27,21,15,309,180,15,24,7.5,129,33,3.9,6,15,40,0,0,,6,52,0,0,0,27:41,1661
401754557,2025,6,2,2025-10-04T18:00Z,2097,Campbell Fighting Camels,CAM,FCS,152,NC State Wolfpack,FBS,away,10,56,13,188,121,20,32,3.8,67,33,2.0,4,16,25,0,2,0,7,65,1,1,0,33:00,1980
401754557,2025,6,2,2025-10-04T18:00Z,152,NC State Wolfpack,NCSU,FBS,2097,Campbell Fighting Camels,FCS,home,56,10,28,607,371,25,34,10.9,236,26,9.1,3,7,42.85714285714285714285714286,0,1,0,7,76,2,1,1,27:00,1620
401762832,2025,6,2,2025-10-04T18:30Z,2711,Western Michigan Broncos,WMU,FBS,113,Massachusetts Minutemen,FBS,away,21,3,23,380,163,18,25,6.5,217,42,5.2,4,11,36.36363636363636363636363636,1,1,100,5,44,2,2,0,32:26,1946
401762832,2025,6,2,2025-10-04T18:30Z,113,Massachusetts Minutemen,MASS,FBS,2711,Western Michigan Broncos,FBS,home,3,21,14,260,203,20,35,5.8,57,29,2.0,5,15,33.33333333333333333333333333,0,2,0,5,47,1,0,1,27:34,1654
401756910,2025,6,2,2025-10-04T19:00Z,197,Oklahoma State Cowboys,OKST,FBS,12,Arizona Wildcats,FBS,away,13,41,7,158,69,13,28,2.5,89,31,2.9,3,17,17.64705882352941176470588235,1,3,33.33333333333333333333333333,4,45,2,1,1,25:30,1530
401756910,2025,6,2,2025-10-04T19:00Z,12,Arizona Wildcats,ARIZ,FBS,197,Oklahoma State Cowboys,FBS,home,41,13,28,478,433,31,43,10.1,45,33,1.4,5,12,41.66666666666666666666666667,1,1,100,3,30,3,1,2,34:30,2070
401752857,2025,6,2,2025-10-04T19:30Z,264,Washington Huskies,WASH,FBS,120,Maryland Terrapins,FBS,away,24,20,28,390,275,28,41,6.7,115,36,3.2,5,12,41.66666666666666666666666667,1,3,33.33333333333333333333333333,7,64,1,0,1,30:59,1859
401752857,2025,6,2,2025-10-04T19:30Z,120,Maryland Terrapins,MD,FBS,264,Washington Huskies,FBS,home,20,24,18,274,219,30,49,4.5,55,20,2.8,9,17,52.94117647058823529411764706,1,2,50,5,39,1,0,1,29:01,1741
401752858,2025,6,2,2025-10-04T19:30Z,2433,UL Monroe Warhawks,ULM,FBS,77,Northwestern Wildcats,FBS,away,7,42,18,273,186,12,23,8.1,87,30,2.9,3,10,30,0,1,0,5,67,0,0,0,24:18,1458
401752858,2025,6,2,2025-10-04T19:30Z,77,Northwestern Wildcats,NU,FBS,2433,UL Monroe Warhawks,FBS,home,42,7,26,515,269,21,33,8.2,246,38,6.5,11,17,64.70588235294117647058823529,2,2,100,6,49,0,0,0,35:42,2142
401752940,2025,6,2,2025-10-04T19:30Z,204,Oregon State Beavers,ORST,FBS,2026,App State Mountaineers,FBS,away,23,27,27,456,358,30,45,8.0,98,25,3.9,4,11,36.36363636363636363636363636,0,1,0,4,27,3,1,2,31:22,1882
401752940,2025,6,2,2025-10-04T19:30Z,2026,App State Mountaineers,APP,FBS,204,Oregon State Beavers,FBS,home,27,23,18,354,218,13,28,7.8,136,36,3.8,4,12,33.33333333333333333333333333,1,1,100,6,49,0,0,0,28:38,1718
401754555,2025,6,2,2025-10-04T19:30Z,183,Syracuse Orange,SYR,FBS,2567,SMU Mustangs,FBS,away,18,31,18,389,279,22,45,6.2,110,33,3.3,6,16,37.5,2,5,40,6,60,3,0,3,31:25,1885
401754555,2025,6,2,2025-10-04T19:30Z,2567,SMU Mustangs,SMU,FBS,183,Syracuse Orange,FBS,home,31,18,21,370,294,30,36,8.2,76,28,2.7,5,12,41.66666666666666666666666667,1,2,50,2,15,1,0,1,28:35,1715
401757171,2025,6,2,2025-10-04T19:30Z,2229,Florida International Panthers,FIU,FBS,41,UConn Huskies,FBS,away,10,51,18,304,174,22,36,4.8,130,36,3.6,3,15,20,1,2,50,4,45,5,2,3,30:27,1827
401757171,2025,6,2,2025-10-04T19:30Z,41,UConn Huskies,CONN,FBS,2229,Florida International Panthers,FBS,home,51,10,22,527,377,24,34,11.1,150,33,4.5,6,13,46.15384615384615384615384615,0,0,,6,48,1,1,0,29:33,1773
401761618,2025,6,2,2025-10-04T19:30Z,256,James Madison Dukes,JMU,FBS,2247,Georgia State Panthers,FBS,away,14,7,19,285,74,11,22,3.4,211,43,4.9,4,14,28.57142857142857142857142857,2,3,66.66666666666666666666666667,11,100,0,0,0,31:53,1913
401761618,2025,6,2,2025-10-04T19:30Z,2247,Georgia State Panthers,GAST,FBS,256,James Madison Dukes,FBS,home,7,14,14,249,212,22,32,6.6,37,22,1.7,7,14,50,0,1,0,15,114,0,0,0,28:07,1687
401762829,2025,6,2,2025-10-04T19:30Z,2117,Central Michigan Chippewas,CMU,FBS,2006,Akron Zips,FBS,away,22,28,20,374,136,14,25,5.4,238,40,6.0,4,12,33.33333333333333333333333333,0,0,,9,65,0,0,0,27:42,1662
401762829,2025,6,2,2025-10-04T19:30Z,2006,Akron Zips,AKR,FBS,2117,Central Michigan Chippewas,FBS,home,28,22,20,417,255,20,31,8.2,162,37,4.4,9,15,60,1,1,100,8,69,1,0,1,32:18,1938
401762831,2025,6,2,2025-10-04T19:30Z,2199,Eastern Michigan Eagles,EMU,FBS,2084,Buffalo Bulls,FBS,away,30,31,25,395,168,19,31,5.4,227,54,4.2,8,20,40,2,2,100,9,80,0,0,0,37:05,2225
401762831,2025,6,2,2025-10-04T19:30Z,2084,Buffalo Bulls,BUFF,FBS,2199,Eastern Michigan Eagles,FBS,home,31,30,21,387,272,19,39,7.0,115,31,3.7,7,15,46.66666666666666666666666667,0,1,0,6,69,1,1,0,22:55,1375
401762873,2025,6,2,2025-10-04T19:30Z,193,Miami (OH) RedHawks,M-OH,FBS,2459,Northern Illinois Huskies,FBS,away,25,14,22,367,170,14,26,6.5,197,50,3.9,8,18,44.44444444444444444444444444,2,2,100,7,50,0,0,0,39:06,2346
401762873,2025,6,2,2025-10-04T19:30Z,2459,Northern Illinois Huskies,NIU,FBS,193,Miami (OH) RedHawks,FBS,home,14,25,11,220,106,13,28,3.8,114,23,5.0,4,14,28.57142857142857142857142857,2,2,100,6,42,2,1,1,20:54,1254
401752860,2025,6,2,2025-10-04T20:00Z,127,Michigan State Spartans,MSU,FBS,158,Nebraska Cornhuskers,FBS,away,27,38,17,240,156,15,30,5.2,84,38,2.2,2,14,14.28571428571428571428571429,4,5,80,5,45,3,1,2,33:21,2001
401752860,2025,6,2,2025-10-04T20:00Z,158,Nebraska Cornhuskers,NEB,FBS,127,Michigan State Spartans,FBS,home,38,27,15,261,194,16,24,8.1,67,31,2.2,5,13,38.46153846153846153846153846,0,2,0,6,44,1,0,1,26:39,1599
401761620,2025,6,2,2025-10-04T20:00Z,326,Texas State Bobcats,TXST,FBS,2032,Arkansas State Red Wolves,FBS,away,30,31,23,521,232,18,26,8.9,289,46,6.3,5,13,38.46153846153846153846153846,0,1,0,9,75,0,0,0,30:13,1813
401761620,2025,6,2,2025-10-04T20:00Z,2032,Arkansas State Red Wolves,ARST,FBS,326,Texas State Bobcats,FBS,home,31,30,22,398,248,27,35,7.1,150,34,4.4,6,14,42.85714285714285714285714286,0,0,,7,65,0,0,0,29:47,1787
401761619,2025,6,2,2025-10-04T22:00Z,324,Coastal Carolina Chanticleers,CCU,FBS,295,Old Dominion Monarchs,FBS,away,7,47,12,189,108,19,30,3.6,81,37,2.2,7,17,41.17647058823529411764705882,1,3,33.33333333333333333333333333,6,50,2,1,1,30:26,1826
401761619,2025,6,2,2025-10-04T22:00Z,295,Old Dominion Monarchs,ODU,FBS,324,Coastal Carolina Chanticleers,FBS,home,47,7,29,619,317,18,34,9.3,302,43,7.0,7,14,50,0,0,,6,50,1,1,0,29:34,1774
401760385,2025,6,2,2025-10-04T23:00Z,2439,UNLV Rebels,UNLV,FBS,2751,Wyoming Cowboys,FBS,away,31,17,15,255,102,11,20,5.1,153,39,3.9,5,13,38.46153846153846153846153846,2,2,100,7,67,1,1,0,30:22,1822
401760385,2025,6,2,2025-10-04T23:00Z,2751,Wyoming Cowboys,WYO,FBS,2439,UNLV Rebels,FBS,home,17,31,21,356,254,25,46,5.5,102,26,3.9,3,12,25,1,3,33.33333333333333333333333333,6,46,3,2,1,29:38,1778
401761621,2025,6,2,2025-10-04T23:00Z,6,South Alabama Jaguars,USA,FBS,2653,Troy Trojans,FBS,away,24,31,18,369,104,10,15,6.9,265,56,4.7,8,17,47.05882352941176470588235294,1,3,33.33333333333333333333333333,7,45,0,0,0,30:11,1811
401761621,2025,6,2,2025-10-04T23:00Z,2653,Troy Trojans,TROY,FBS,6,South Alabama Jaguars,FBS,home,31,24,20,420,203,13,21,9.7,217,45,4.8,5,15,33.33333333333333333333333333,3,4,75,3,15,2,1,1,29:49,1789
401762477,2025,6,2,2025-10-04T23:00Z,2226,Florida Atlantic Owls,FAU,FBS,242,Rice Owls,FBS,away,27,21,20,393,290,23,33,8.8,103,33,3.1,8,14,57.14285714285714285714285714,2,2,100,6,55,2,1,1,28:46,1726
401762477,2025,6,2,2025-10-04T23:00Z,242,Rice Owls,RICE,FBS,2226,Florida Atlantic Owls,FBS,home,21,27,18,350,137,12,17,8.1,213,48,4.4,10,16,62.5,0,1,0,4,54,0,0,0,31:14,1874
401756914,2025,6,2,2025-10-04T23:30Z,38,Colorado Buffaloes,COLO,FBS,2628,TCU Horned Frogs,FBS,away,21,35,20,343,217,18,30,7.2,126,35,3.6,9,14,64.28571428571428571428571429,1,1,100,6,43,4,1,3,31:32,1892
401756914,2025,6,2,2025-10-04T23:30Z,2628,TCU Horned Frogs,TCU,FBS,38,Colorado Buffaloes,FBS,home,35,21,23,369,275,23,33,8.3,94,35,2.7,7,15,46.66666666666666666666666667,2,3,66.66666666666666666666666667,7,85,0,0,0,28:28,1708
401756915,2025,6,2,2025-10-04T23:30Z,2305,Kansas Jayhawks,KU,FBS,2116,UCF Knights,FBS,away,27,20,15,356,235,18,26,9.0,121,32,3.8,3,11,27.27272727272727272727272727,1,2,50,8,41,0,0,0,30:01,1801
401756915,2025,6,2,2025-10-04T23:30Z,2116,UCF Knights,UCF,FBS,2305,Kansas Jayhawks,FBS,home,20,27,21,375,176,22,37,4.8,199,39,5.1,4,16,25,2,4,50,6,45,1,1,0,29:59,1799
401762478,2025,6,2,2025-10-05T00:00Z,202,Tulsa Golden Hurricane,TLSA,FBS,235,Memphis Tigers,FBS,away,7,45,15,246,175,20,34,5.1,71,24,3.0,4,14,28.57142857142857142857142857,1,2,50,1,5,4,1,3,20:49,1249
401762478,2025,6,2,2025-10-05T00:00Z,235,Memphis Tigers,MEM,FBS,202,Tulsa Golden Hurricane,FBS,home,45,7,28,457,266,22,30,8.9,191,48,4.0,5,13,38.46153846153846153846153846,2,2,100,4,45,2,0,2,39:11,2351
401754551,2025,6,2,2025-10-05T02:30Z,150,Duke Blue Devils,DUKE,FBS,25,California Golden Bears,FBS,away,45,21,24,443,265,22,30,8.8,178,37,4.8,5,11,45.45454545454545454545454545,1,1,100,7,63,0,0,0,31:03,1863
401754551,2025,6,2,2025-10-05T02:30Z,25,California Golden Bears,CAL,FBS,150,Duke Blue Devils,FBS,home,21,45,20,286,245,20,32,7.7,41,29,1.4,5,11,45.45454545454545454545454545,0,0,,6,43,4,0,4,28:57,1737
401760383,2025,6,2,2025-10-05T02:30Z,2440,Nevada Wolf Pack,NEV,FBS,278,Fresno State Bulldogs,FBS,away,17,20,13,246,117,12,21,5.6,129,34,3.8,7,14,50,1,1,100,1,10,4,1,3,27:11,1631
401760383,2025,6,2,2025-10-05T02:30Z,278,Fresno State Bulldogs,FRES,FBS,2440,Nevada Wolf Pack,FBS,home,20,17,16,342,190,18,26,7.3,152,36,4.2,3,13,23.07692307692307692307692308,0,1,0,6,55,1,0,1,32:49,1969
401757278,2025,7,2,2025-10-08T23:30Z,2623,Missouri State Bears,MOST,FBS,2393,Middle Tennessee Blue Raiders,FBS,away,22,20,19,348,278,16,31,9.0,70,35,2.0,4,15,26.66666666666666666666666667,0,1,0,3,41,0,0,0,30:42,1842
401757278,2025,7,2,2025-10-08T23:30Z,2393,Middle Tennessee Blue Raiders,MTSU,FBS,2623,Missouri State Bears,FBS,home,20,22,22,353,267,30,43,6.2,86,25,3.4,7,16,43.75,0,2,0,6,54,1,1,0,29:18,1758
401757277,2025,7,2,2025-10-09T00:00Z,2335,Liberty Flames,LIB,FBS,2638,UTEP Miners,FBS,away,19,8,22,403,243,19,33,7.4,160,50,3.2,3,18,16.66666666666666666666666667,4,5,80,6,57,0,0,0,39:57,2397
401757277,2025,7,2,2025-10-09T00:00Z,2638,UTEP Miners,UTEP,FBS,2335,Liberty Flames,FBS,home,8,19,9,167,111,13,27,4.1,56,25,2.2,3,15,20,1,2,50,3,40,2,0,2,20:03,1203
401757280,2025,7,2,2025-10-09T23:00Z,2348,Louisiana Tech Bulldogs,LT,FBS,338,Kennesaw State Owls,FBS,away,7,35,21,305,169,18,35,4.8,136,40,3.4,8,17,47.05882352941176470588235294,0,2,0,6,57,2,0,2,29:09,1749
401757280,2025,7,2,2025-10-09T23:00Z,338,Kennesaw State Owls,KENN,FBS,2348,Louisiana Tech Bulldogs,FBS,home,35,7,21,400,290,27,36,8.1,110,27,4.1,9,14,64.28571428571428571428571429,0,0,,7,52,0,0,0,30:51,1851
401762480,2025,7,2,2025-10-09T23:30Z,151,East Carolina Pirates,ECU,FBS,2655,Tulane Green Wave,FBS,away,19,26,22,340,180,19,30,6.0,160,43,3.7,10,19,52.63157894736842105263157895,0,1,0,7,60,0,0,0,30:37,1837
401762480,2025,7,2,2025-10-09T23:30Z,2655,Tulane Green Wave,TULN,FBS,151,East Carolina Pirates,FBS,home,26,19,24,458,362,27,37,9.8,96,25,3.8,3,10,30,0,1,0,11,96,1,1,0,29:23,1763
401757279,2025,7,2,2025-10-10T00:00Z,55,Jacksonville State Gamecocks,JVST,FBS,2534,Sam Houston Bearkats,FBS,away,29,27,26,499,129,13,17,7.6,370,63,5.9,4,14,28.57142857142857142857142857,3,4,75,7,76,1,1,0,35:13,2113
401757279,2025,7,2,2025-10-10T00:00Z,2534,Sam Houston Bearkats,SHSU,FBS,55,Jacksonville State Gamecocks,FBS,home,27,29,15,286,136,12,19,7.2,150,33,4.5,4,12,33.33333333333333333333333333,0,0,,5,41,1,1,0,24:47,1487
401761622,2025,7,2,2025-10-10T00:00Z,2572,Southern Miss Golden Eagles,USM,FBS,290,Georgia Southern Eagles,FBS,away,38,35,25,421,237,19,28,8.5,184,48,3.8,6,15,40,0,0,,8,68,1,1,0,30:57,1857
401761622,2025,7,2,2025-10-10T00:00Z,290,Georgia Southern Eagles,GASO,FBS,2572,Southern Miss Golden Eagles,FBS,home,35,38,24,395,313,24,43,7.3,82,34,2.4,7,15,46.66666666666666666666666667,2,2,100,12,104,3,0,3,29:03,1743
401762481,2025,7,2,2025-10-10T23:30Z,58,South Florida Bulls,USF,FBS,249,North Texas Mean Green,FBS,away,63,36,32,580,274,23,29,9.4,306,57,5.4,7,11,63.63636363636363636363636364,1,1,100,6,70,3,2,1,29:05,1745
401762481,2025,7,2,2025-10-10T23:30Z,249,North Texas Mean Green,UNT,FBS,58,South Florida Bulls,FBS,home,36,63,26,443,336,30,47,7.1,107,29,3.7,9,18,50,3,4,75,5,35,5,2,3,30:55,1855
401752862,2025,7,2,2025-10-11T01:00Z,164,Rutgers Scarlet Knights,RUTG,FBS,264,Washington Huskies,FBS,away,19,38,25,493,386,31,50,7.7,107,27,4.0,5,15,33.33333333333333333333333333,3,5,60,4,31,1,0,1,30:12,1812
401752862,2025,7,2,2025-10-11T01:00Z,264,Washington Huskies,WASH,FBS,164,Rutgers Scarlet Knights,FBS,home,38,19,26,579,402,21,27,14.9,177,32,5.5,4,9,44.44444444444444444444444444,1,1,100,9,83,1,1,0,29:48,1788
401760388,2025,7,2,2025-10-11T01:00Z,278,Fresno State Bulldogs,FRES,FBS,36,Colorado State Rams,FBS,away,21,49,28,469,350,28,49,7.1,119,31,3.8,4,12,33.33333333333333333333333333,1,4,25,13,117,4,1,3,34:48,2088
401760388,2025,7,2,2025-10-11T01:00Z,36,Colorado State Rams,CSU,FBS,278,Fresno State Bulldogs,FBS,home,49,21,15,334,144,12,18,8.0,190,35,5.4,4,12,33.33333333333333333333333333,1,1,100,7,95,0,0,0,25:12,1512
401752865,2025,7,2,2025-10-11T16:00Z,194,Ohio State Buckeyes,OSU,FBS,356,Illinois Fighting Illini,FBS,away,34,16,17,272,166,19,27,6.1,106,37,2.9,8,15,53.33333333333333333333333333,1,1,100,7,59,0,0,0,33:11,1991
401752865,2025,7,2,2025-10-11T16:00Z,356,Illinois Fighting Illini,ILL,FBS,194,Ohio State Buckeyes,FBS,home,16,34,22,295,248,30,44,5.6,47,27,1.7,4,14,28.57142857142857142857142857,3,5,60,4,19,3,2,1,26:49,1609
401752870,2025,7,2,2025-10-11T19:30Z,84,Indiana Hoosiers,IU,FBS,2483,Oregon Ducks,FBS,away,30,20,23,326,215,20,31,6.9,111,37,3.0,5,14,35.71428571428571428571428571,0,1,0,8,45,1,0,1,33:10,1990
401752870,2025,7,2,2025-10-11T19:30Z,2483,Oregon Ducks,ORE,FBS,84,Indiana Hoosiers,FBS,home,20,30,14,267,186,21,34,5.5,81,30,2.7,3,14,21.42857142857142857142857143,3,4,75,7,64,2,0,2,26:50,1610
401752733,2025,7,2,2025-10-11T16:45Z,265,Washington State Cougars,WSU,FBS,145,Ole Miss Rebels,FBS,away,21,24,21,345,218,24,31,7.0,127,28,4.5,2,10,20,1,1,100,8,70,0,0,0,32:42,1962
401752733,2025,7,2,2025-10-11T16:45Z,145,Ole Miss Rebels,MISS,FBS,265,Washington State Cougars,FBS,home,24,21,25,439,253,20,29,8.7,186,41,4.5,7,15,46.66666666666666666666666667,1,2,50,8,99,1,1,0,27:18,1638
401752737,2025,7,2,2025-10-11T23:00Z,57,Florida Gators,FLA,FBS,245,Texas A&M Aggies,FBS,away,17,34,15,319,245,21,37,6.6,74,24,3.1,1,10,10,0,1,0,6,54,2,2,0,26:18,1578
401752737,2025,7,2,2025-10-11T23:00Z,245,Texas A&M Aggies,TA&M,FBS,57,Florida Gators,FBS,home,34,17,19,417,234,16,26,9.0,183,42,4.4,9,17,52.94117647058823529411764706,0,0,,3,30,1,0,1,33:42,2022
401752736,2025,7,2,2025-10-11T19:30Z,201,Oklahoma Sooners,OU,FBS,251,Texas Longhorns,FBS,away,6,23,16,258,210,21,39,5.4,48,30,1.6,6,17,35.29411764705882352941176471,2,4,50,5,35,3,0,3,29:02,1742
401752736,2025,7,2,2025-10-11T19:30Z,251,Texas Longhorns,TEX,FBS,201,Oklahoma Sooners,FBS,home,23,6,15,302,166,21,27,6.1,136,35,3.9,10,17,58.82352941176470588235294118,0,0,,4,31,0,0,0,30:58,1858
401752734,2025,7,2,2025-10-11T16:00Z,333,Alabama Crimson Tide,ALA,FBS,142,Missouri Tigers,FBS,away,27,24,22,325,200,23,31,6.5,125,44,2.8,6,15,40,3,3,100,5,30,1,1,0,38:33,2313
401752734,2025,7,2,2025-10-11T16:00Z,142,Missouri Tigers,MIZ,FBS,333,Alabama Crimson Tide,FBS,home,24,27,14,325,162,16,28,5.8,163,28,5.8,1,11,9.090909090909090909090909091,2,3,66.66666666666666666666666667,4,45,2,0,2,21:27,1287
401756921,2025,7,2,2025-10-11T23:30Z,2305,Kansas Jayhawks,KU,FBS,2641,Texas Tech Red Raiders,FBS,away,17,42,23,319,272,30,39,7.0,47,38,1.2,6,17,35.29411764705882352941176471,1,2,50,6,45,1,1,0,36:12,2172
401756921,2025,7,2,2025-10-11T23:30Z,2641,Texas Tech Red Raiders,TTU,FBS,2305,Kansas Jayhawks,FBS,home,42,17,22,505,133,14,28,4.8,372,40,9.3,6,14,42.85714285714285714285714286,0,0,,7,77,1,0,1,23:48,1428
401752731,2025,7,2,2025-10-11T23:30Z,61,Georgia Bulldogs,UGA,FBS,2,Auburn Tigers,FBS,away,20,10,21,296,217,24,38,5.7,79,31,2.5,5,14,35.71428571428571428571428571,2,3,66.66666666666666666666666667,6,60,0,0,0,30:12,1812
401752731,2025,7,2,2025-10-11T23:30Z,2,Auburn Tigers,AUB,FBS,61,Georgia Bulldogs,FBS,home,10,20,18,277,137,19,31,4.4,140,36,3.9,8,17,47.05882352941176470588235294,1,3,33.33333333333333333333333333,11,103,1,1,0,29:48,1788
401752732,2025,7,2,2025-10-11T23:45Z,2579,South Carolina Gamecocks,SC,FBS,99,LSU Tigers,FBS,away,10,20,20,317,124,15,27,4.6,193,45,4.3,6,16,37.5,0,2,0,13,65,2,1,1,31:45,1905
401752732,2025,7,2,2025-10-11T23:45Z,99,LSU Tigers,LSU,FBS,2579,South Carolina Gamecocks,FBS,home,20,10,22,420,254,20,33,7.7,166,30,5.5,4,11,36.36363636363636363636363636,0,0,,5,54,3,1,2,28:15,1695
401752735,2025,7,2,2025-10-11T20:15Z,8,Arkansas Razorbacks,ARK,FBS,2633,Tennessee Volunteers,FBS,away,31,34,29,496,256,21,31,8.3,240,45,5.3,7,13,53.84615384615384615384615385,1,2,50,1,10,3,3,0,34:55,2095
401752735,2025,7,2,2025-10-11T20:15Z,2633,Tennessee Volunteers,TENN,FBS,8,Arkansas Razorbacks,FBS,home,34,31,22,485,221,16,25,8.8,264,40,6.6,2,9,22.22222222222222222222222222,0,0,,10,78,0,0,0,25:05,1505
401754560,2025,7,2,2025-10-11T19:30Z,259,Virginia Tech Hokies,VT,FBS,59,Georgia Tech Yellow Jackets,FBS,away,20,35,20,367,181,13,21,8.6,186,34,5.5,0,8,0,3,4,75,10,82,1,0,1,28:06,1686
401754560,2025,7,2,2025-10-11T19:30Z,59,Georgia Tech Yellow Jackets,GT,FBS,259,Virginia Tech Hokies,FBS,home,35,20,28,481,213,20,24,8.9,268,42,6.4,7,12,58.33333333333333333333333333,1,1,100,6,70,0,0,0,31:54,1914
401752868,2025,7,2,2025-10-11T23:30Z,130,Michigan Wolverines,MICH,FBS,30,USC Trojans,FBS,away,13,31,17,316,207,15,26,8.0,109,31,3.5,2,9,22.22222222222222222222222222,0,2,0,4,37,2,0,2,26:38,1598
401752868,2025,7,2,2025-10-11T23:30Z,30,USC Trojans,USC,FBS,130,Michigan Wolverines,FBS,home,31,13,24,489,265,25,32,8.3,224,36,6.2,6,12,50,1,1,100,3,31,2,1,1,33:22,2002
401754562,2025,7,2,2025-10-11T19:30Z,152,NC State Wolfpack,NCSU,FBS,87,Notre Dame Fighting Irish,FBS,away,7,36,12,233,182,18,31,5.9,51,28,1.8,5,16,31.25,1,3,33.33333333333333333333333333,5,60,3,0,3,28:47,1727
401754562,2025,7,2,2025-10-11T19:30Z,87,Notre Dame Fighting Irish,ND,FBS,152,NC State Wolfpack,FBS,home,36,7,24,485,342,19,32,10.7,143,39,3.7,6,14,42.85714285714285714285714286,1,3,33.33333333333333333333333333,6,55,2,1,1,31:13,1873
401756916,2025,7,2,2025-10-12T00:00Z,252,BYU Cougars,BYU,FBS,12,Arizona Wildcats,FBS,away,33,27,24,430,172,12,29,5.9,258,51,5.1,8,16,50,2,3,66.66666666666666666666666667,5,42,2,0,2,32:47,1967
401756916,2025,7,2,2025-10-12T00:00Z,12,Arizona Wildcats,ARIZ,FBS,252,BYU Cougars,FBS,home,27,33,23,383,219,25,45,4.9,164,34,4.8,4,17,23.52941176470588235294117647,4,6,66.66666666666666666666666667,4,28,1,0,1,27:13,1633
401756922,2025,7,2,2025-10-12T02:25Z,9,Arizona State Sun Devils,ASU,FBS,254,Utah Utes,FBS,away,10,42,23,273,124,18,38,3.3,149,40,3.7,7,18,38.88888888888888888888888889,4,5,80,7,57,0,0,0,36:26,2186
401756922,2025,7,2,2025-10-12T02:25Z,254,Utah Utes,UTAH,FBS,9,Arizona State Sun Devils,FBS,home,42,10,23,412,136,8,13,10.5,276,42,6.6,4,8,50,2,2,100,4,45,0,0,0,23:34,1414
401756918,2025,7,2,2025-10-11T19:30Z,66,Iowa State Cyclones,ISU,FBS,38,Colorado Buffaloes,FBS,away,17,24,22,441,205,18,33,6.2,236,37,6.4,2,12,16.66666666666666666666666667,0,1,0,7,59,1,0,1,29:57,1797
401756918,2025,7,2,2025-10-11T19:30Z,38,Colorado Buffaloes,COLO,FBS,66,Iowa State Cyclones,FBS,home,24,17,16,395,255,16,25,10.2,140,39,3.6,7,15,46.66666666666666666666666667,0,1,0,6,43,0,0,0,30:03,1803
401754559,2025,7,2,2025-10-11T16:00Z,221,Pittsburgh Panthers,PITT,FBS,52,Florida State Seminoles,FBS,away,34,31,23,476,321,21,29,11.1,155,42,3.7,5,14,35.71428571428571428571428571,3,3,100,5,55,2,0,2,32:35,1955
401754559,2025,7,2,2025-10-11T16:00Z,52,Florida State Seminoles,FSU,FBS,221,Pittsburgh Panthers,FBS,home,31,34,21,415,245,16,23,10.7,170,40,4.3,6,12,50,0,0,,8,72,1,1,0,27:25,1645
401752863,2025,7,2,2025-10-11T16:00Z,26,UCLA Bruins,UCLA,FBS,127,Michigan State Spartans,FBS,away,38,13,20,418,180,16,24,7.5,238,43,5.5,6,13,46.15384615384615384615384615,3,3,100,8,60,0,0,0,36:24,2184
401752863,2025,7,2,2025-10-11T16:00Z,127,Michigan State Spartans,MSU,FBS,26,UCLA Bruins,FBS,home,13,38,14,253,166,16,35,4.7,87,25,3.5,8,15,53.33333333333333333333333333,0,4,0,2,14,1,1,0,23:36,1416
401754561,2025,7,2,2025-10-11T16:00Z,24,Stanford Cardinal,STAN,FBS,2567,SMU Mustangs,FBS,away,10,34,23,353,278,22,41,6.8,75,33,2.3,5,16,31.25,2,3,66.66666666666666666666666667,10,95,2,1,1,36:30,2190
401754561,2025,7,2,2025-10-11T16:00Z,2567,SMU Mustangs,SMU,FBS,24,Stanford Cardinal,FBS,home,34,10,17,369,247,22,30,8.2,122,24,5.1,3,11,27.27272727272727272727272727,2,2,100,7,53,0,0,0,23:30,1410
401756917,2025,7,2,2025-10-11T16:00Z,2116,UCF Knights,UCF,FBS,2132,Cincinnati Bearcats,FBS,away,11,20,26,413,222,28,49,4.5,191,41,4.7,7,18,38.88888888888888888888888889,3,6,50,10,75,1,1,0,39:44,2384
401756917,2025,7,2,2025-10-11T16:00Z,2132,Cincinnati Bearcats,CIN,FBS,2116,UCF Knights,FBS,home,20,11,14,306,191,12,21,9.1,115,27,4.3,2,9,22.22222222222222222222222222,0,0,,7,80,0,0,0,20:16,1216
401756920,2025,7,2,2025-10-11T16:00Z,248,Houston Cougars,HOU,FBS,197,Oklahoma State Cowboys,FBS,away,39,17,26,485,319,24,34,9.4,166,45,3.7,5,15,33.33333333333333333333333333,2,3,66.66666666666666666666666667,8,69,0,0,0,36:28,2188
401756920,2025,7,2,2025-10-11T16:00Z,197,Oklahoma State Cowboys,OKST,FBS,248,Houston Cougars,FBS,home,17,39,10,225,180,9,20,9.0,45,31,1.5,5,14,35.71428571428571428571428571,1,2,50,11,89,1,0,1,23:32,1412
401761625,2025,7,2,2025-10-11T16:00Z,309,Louisiana Ragin' Cajuns,UL,FBS,256,James Madison Dukes,FBS,away,14,24,11,288,243,14,29,8.4,45,28,1.6,3,14,21.42857142857142857142857143,0,0,,6,53,1,0,1,23:09,1389
401761625,2025,7,2,2025-10-11T16:00Z,256,James Madison Dukes,JMU,FBS,309,Louisiana Ragin' Cajuns,FBS,home,24,14,21,477,290,26,40,7.3,187,41,4.6,8,17,47.05882352941176470588235294,0,1,0,10,102,3,2,1,36:51,2211
401762483,2025,7,2,2025-10-11T16:00Z,2429,Charlotte 49ers,CLT,FBS,349,Army Black Knights,FBS,away,7,24,11,178,110,16,26,4.2,68,29,2.3,5,14,35.71428571428571428571428571,2,5,40,2,20,1,1,0,22:06,1326
401762483,2025,7,2,2025-10-11T16:00Z,349,Army Black Knights,ARMY,FBS,2429,Charlotte 49ers,FBS,home,24,7,20,354,50,2,6,8.3,304,64,4.8,8,14,57.14285714285714285714285714,2,3,66.66666666666666666666666667,1,15,1,1,0,37:54,2274
401762833,2025,7,2,2025-10-11T16:00Z,193,Miami (OH) RedHawks,M-OH,FBS,2006,Akron Zips,FBS,away,20,7,20,350,203,14,26,7.8,147,41,3.6,4,12,33.33333333333333333333333333,1,2,50,4,30,1,0,1,34:12,2052
401762833,2025,7,2,2025-10-11T16:00Z,2006,Akron Zips,AKR,FBS,193,Miami (OH) RedHawks,FBS,home,7,20,17,273,211,21,39,5.4,62,25,2.5,6,14,42.85714285714285714285714286,0,2,0,10,60,1,0,1,25:48,1548
401762835,2025,7,2,2025-10-11T16:00Z,2649,Toledo Rockets,TOL,FBS,189,Bowling Green Falcons,FBS,away,23,28,23,429,264,19,30,8.8,165,43,3.8,3,13,23.07692307692307692307692308,0,2,0,13,109,2,1,1,34:08,2048
401762835,2025,7,2,2025-10-11T16:00Z,189,Bowling Green Falcons,BGSU,FBS,2649,Toledo Rockets,FBS,home,28,23,10,226,165,10,17,9.7,61,36,1.7,2,12,16.66666666666666666666666667,0,1,0,7,55,1,0,1,25:52,1552
401762836,2025,7,2,2025-10-11T17:00Z,2459,Northern Illinois Huskies,NIU,FBS,2199,Eastern Michigan Eagles,FBS,away,10,16,15,332,94,11,26,3.6,238,39,6.1,4,16,25,3,5,60,0,0,1,0,1,29:54,1794
401762836,2025,7,2,2025-10-11T17:00Z,2199,Eastern Michigan Eagles,EMU,FBS,2459,Northern Illinois Huskies,FBS,home,16,10,17,296,147,19,32,4.6,149,38,3.9,6,16,37.5,1,1,100,6,40,1,0,1,30:06,1806
401762837,2025,7,2,2025-10-11T18:30Z,113,Massachusetts Minutemen,MASS,FBS,2309,Kent State Golden Flashes,FBS,away,6,42,21,271,227,26,49,4.6,44,33,1.3,6,20,30,0,3,0,10,83,2,0,2,30:31,1831
401762837,2025,7,2,2025-10-11T18:30Z,2309,Kent State Golden Flashes,KENT,FBS,113,Massachusetts Minutemen,FBS,home,42,6,17,330,179,12,20,9.0,151,42,3.6,3,12,25,1,2,50,7,75,0,0,0,29:29,1769
401752866,2025,7,2,2025-10-11T19:30Z,77,Northwestern Wildcats,NU,FBS,213,Penn State Nittany Lions,FBS,away,22,21,23,282,163,17,26,6.3,119,42,2.8,5,12,41.66666666666666666666666667,0,0,,2,10,1,1,0,34:46,2086
401752866,2025,7,2,2025-10-11T19:30Z,213,Penn State Nittany Lions,PSU,FBS,77,Northwestern Wildcats,FBS,home,21,22,13,274,137,13,20,6.9,137,31,4.4,6,11,54.54545454545454545454545455,1,2,50,6,71,2,1,1,25:14,1514
401752867,2025,7,2,2025-10-11T19:30Z,158,Nebraska Cornhuskers,NEB,FBS,120,Maryland Terrapins,FBS,away,34,31,23,453,260,20,29,9.0,193,30,6.4,3,7,42.85714285714285714285714286,0,1,0,6,49,3,0,3,28:33,1713
401752867,2025,7,2,2025-10-11T19:30Z,120,Maryland Terrapins,MD,FBS,158,Nebraska Cornhuskers,FBS,home,31,34,18,365,249,27,37,6.7,116,31,3.7,7,15,46.66666666666666666666666667,0,2,0,8,86,0,0,0,31:27,1887
401754563,2025,7,2,2025-10-11T19:30Z,154,Wake Forest Demon Deacons,WAKE,FBS,204,Oregon State Beavers,FBS,away,39,14,17,468,270,14,28,9.6,198,26,7.6,1,9,11.11111111111111111111111111,0,1,0,12,109,0,0,0,24:48,1488
401754563,2025,7,2,2025-10-11T19:30Z,204,Oregon State Beavers,ORST,FBS,154,Wake Forest Demon Deacons,FBS,home,14,39,22,309,175,19,42,4.2,134,38,3.5,5,17,29.41176470588235294117647059,1,3,33.33333333333333333333333333,9,70,2,1,1,35:12,2112
401756919,2025,7,2,2025-10-11T19:30Z,2628,TCU Horned Frogs,TCU,FBS,2306,Kansas State Wildcats,FBS,away,28,41,19,448,376,26,47,8.0,72,22,3.3,6,13,46.15384615384615384615384615,1,4,25,8,59,3,1,2,23:41,1421
401756919,2025,7,2,2025-10-11T19:30Z,2306,Kansas State Wildcats,KSU,FBS,2628,TCU Horned Frogs,FBS,home,41,28,20,343,198,16,26,7.6,145,45,3.2,7,16,43.75,2,2,100,5,40,0,0,0,36:19,2179
401760386,2025,7,2,2025-10-11T19:30Z,2005,Air Force Falcons,AFA,FBS,2439,UNLV Rebels,FBS,away,48,51,32,603,175,10,17,10.3,428,66,6.5,4,10,40,3,4,75,7,71,1,1,0,36:51,2211
401760386,2025,7,2,2025-10-11T19:30Z,2439,UNLV Rebels,UNLV,FBS,2005,Air Force Falcons,FBS,home,51,48,24,597,377,21,33,11.4,220,27,8.1,5,11,45.45454545454545454545454545,0,1,0,9,79,0,0,0,23:09,1389
401761624,2025,7,2,2025-10-11T19:30Z,2026,App State Mountaineers,APP,FBS,2247,Georgia State Panthers,FBS,away,41,20,23,435,311,23,38,8.2,124,36,3.4,5,15,33.33333333333333333333333333,1,2,50,3,30,0,0,0,31:47,1907
401761624,2025,7,2,2025-10-11T19:30Z,2247,Georgia State Panthers,GAST,FBS,2026,App State Mountaineers,FBS,home,20,41,24,381,303,32,61,5.0,78,23,3.4,9,19,47.36842105263157894736842105,0,4,0,2,30,1,0,1,28:13,1693
401761626,2025,7,2,2025-10-11T19:30Z,295,Old Dominion Monarchs,ODU,FBS,276,Marshall Thundering Herd,FBS,away,24,48,15,439,266,15,28,9.5,173,38,4.6,4,14,28.57142857142857142857142857,1,4,25,5,27,5,3,2,23:25,1405
401761626,2025,7,2,2025-10-11T19:30Z,276,Marshall Thundering Herd,MRSH,FBS,295,Old Dominion Monarchs,FBS,home,48,24,22,445,222,18,26,8.5,223,50,4.5,4,15,26.66666666666666666666666667,1,1,100,8,70,0,0,0,36:35,2195
401762834,2025,7,2,2025-10-11T19:30Z,2050,Ball State Cardinals,BALL,FBS,2711,Western Michigan Broncos,FBS,away,0,42,5,88,68,13,23,3.0,20,27,0.7,1,13,7.692307692307692307692307692,0,1,0,4,31,2,2,0,24:23,1463
401762834,2025,7,2,2025-10-11T19:30Z,2711,Western Michigan Broncos,WMU,FBS,2050,Ball State Cardinals,FBS,home,42,0,25,461,242,24,29,8.3,219,44,5.0,8,14,57.14285714285714285714285714,1,2,50,4,30,2,1,1,35:37,2137
401762484,2025,7,2,2025-10-11T20:00Z,2426,Navy Midshipmen,NAVY,FBS,218,Temple Owls,FBS,away,32,31,15,384,141,6,17,8.3,243,37,6.6,3,11,27.27272727272727272727272727,3,3,100,4,30,0,0,0,25:58,1558
401762484,2025,7,2,2025-10-11T20:00Z,218,Temple Owls,TEM,FBS,2426,Navy Midshipmen,FBS,home,31,32,27,518,345,25,36,9.6,173,40,4.3,6,12,50,2,2,100,2,25,1,1,0,34:02,2042
401762482,2025,7,2,2025-10-11T22:00Z,5,UAB Blazers,UAB,FBS,2226,Florida Atlantic Owls,FBS,away,33,53,19,329,261,29,41,6.4,68,28,2.4,7,17,41.17647058823529411764705882,2,3,66.66666666666666666666666667,15,128,0,0,0,35:13,2113
401762482,2025,7,2,2025-10-11T22:00Z,2226,Florida Atlantic Owls,FAU,FBS,5,UAB Blazers,FBS,home,53,33,24,482,341,22,32,10.7,141,33,4.3,3,10,30,4,5,80,5,56,1,0,1,24:47,1487
401752869,2025,7,2,2025-10-11T23:00Z,2294,Iowa Hawkeyes,IOWA,FBS,275,Wisconsin Badgers,FBS,away,37,0,18,319,109,18,25,4.4,210,36,5.8,5,12,41.66666666666666666666666667,1,1,100,2,10,1,0,1,31:15,1875
401752869,2025,7,2,2025-10-11T23:00Z,275,Wisconsin Badgers,WIS,FBS,2294,Iowa Hawkeyes,FBS,home,0,37,12,209,82,8,21,3.9,127,36,3.5,5,13,38.46153846153846153846153846,0,2,0,3,35,3,1,2,28:45,1725
401760391,2025,7,2,2025-10-11T23:00Z,23,San José State Spartans,SJSU,FBS,2751,Wyoming Cowboys,FBS,away,28,35,21,383,340,31,56,6.1,43,28,1.5,6,19,31.57894736842105263157894737,1,2,50,10,80,2,1,1,34:54,2094
401760391,2025,7,2,2025-10-11T23:00Z,2751,Wyoming Cowboys,WYO,FBS,23,San José State Spartans,FBS,home,35,28,21,413,304,23,40,7.6,109,25,4.4,4,12,33.33333333333333333333333333,1,3,33.33333333333333333333333333,6,60,3,1,2,25:06,1506
401761623,2025,7,2,2025-10-11T23:00Z,2433,UL Monroe Warhawks,ULM,FBS,324,Coastal Carolina Chanticleers,FBS,away,8,23,14,315,176,14,29,6.1,139,33,4.2,1,13,7.692307692307692307692307692,1,4,25,7,64,2,0,2,30:04,1804
401761623,2025,7,2,2025-10-11T23:00Z,324,Coastal Carolina Chanticleers,CCU,FBS,2433,UL Monroe Warhawks,FBS,home,23,8,16,378,92,8,19,4.8,286,51,5.6,5,16,31.25,1,2,50,3,25,1,1,0,29:56,1796
401752864,2025,7,2,2025-10-11T23:30Z,2509,Purdue Boilermakers,PUR,FBS,135,Minnesota Golden Gophers,FBS,away,20,27,25,456,203,21,42,4.8,253,40,6.3,6,15,40,2,3,66.66666666666666666666666667,9,71,4,1,3,34:30,2070
401752864,2025,7,2,2025-10-11T23:30Z,135,Minnesota Golden Gophers,MINN,FBS,2509,Purdue Boilermakers,FBS,home,27,20,17,262,232,21,45,5.2,30,18,1.7,5,15,33.33333333333333333333333333,1,1,100,3,20,1,0,1,25:30,1530
401754558,2025,7,2,2025-10-11T23:30Z,228,Clemson Tigers,CLEM,FBS,103,Boston College Eagles,FBS,away,41,10,28,504,278,23,33,8.4,226,43,5.3,6,12,50,3,4,75,3,28,3,1,2,37:21,2241
401754558,2025,7,2,2025-10-11T23:30Z,103,Boston College Eagles,BC,FBS,228,Clemson Tigers,FBS,home,10,41,15,221,136,15,29,4.7,85,32,2.7,3,12,25,1,4,25,3,40,2,1,1,22:39,1359
401762485,2025,7,2,2025-10-11T23:30Z,242,Rice Owls,RICE,FBS,2636,UTSA Roadrunners,FBS,away,13,61,12,269,79,10,19,4.2,190,50,3.8,6,18,33.33333333333333333333333333,1,4,25,6,65,2,1,1,32:35,1955
401762485,2025,7,2,2025-10-11T23:30Z,2636,UTSA Roadrunners,UTSA,FBS,242,Rice Owls,FBS,home,61,13,21,437,246,16,25,9.8,191,34,5.6,4,10,40,1,2,50,6,50,0,0,0,27:25,1645
401761627,2025,7,2,2025-10-12T00:00Z,2653,Troy Trojans,TROY,FBS,326,Texas State Bobcats,FBS,away,48,41,27,458,415,30,41,10.1,43,32,1.3,5,14,35.71428571428571428571428571,3,3,100,5,35,0,0,0,28:59,1739
401761627,2025,7,2,2025-10-12T00:00Z,326,Texas State Bobcats,TXST,FBS,2653,Troy Trojans,FBS,home,41,48,21,574,248,19,22,11.3,326,53,6.2,10,17,58.82352941176470588235294118,3,4,75,10,79,0,0,0,31:01,1861
401760387,2025,7,2,2025-10-12T01:45Z,167,New Mexico Lobos,UNM,FBS,68,Boise State Broncos,FBS,away,25,41,11,231,182,15,30,6.1,49,24,2.0,4,13,30.76923076923076923076923077,2,3,66.66666666666666666666666667,8,69,3,1,2,19:25,1165
401760387,2025,7,2,2025-10-12T01:45Z,68,Boise State Broncos,BOIS,FBS,167,New Mexico Lobos,FBS,home,41,25,27,397,236,22,32,7.4,161,54,3.0,7,18,38.88888888888888888888888889,6,7,85.71428571428571428571428571,7,50,0,0,0,40:35,2435
401760390,2025,7,2,2025-10-12T02:30Z,21,San Diego State Aztecs,SDSU,FBS,2440,Nevada Wolf Pack,FBS,away,44,10,20,409,205,14,18,11.4,204,42,4.9,3,10,30,1,1,100,4,43,0,0,0,31:24,1884
401760390,2025,7,2,2025-10-12T02:30Z,2440,Nevada Wolf Pack,NEV,FBS,21,San Diego State Aztecs,FBS,home,10,44,15,254,194,15,30,6.5,60,33,1.8,3,14,21.42857142857142857142857143,1,2,50,2,10,2,0,2,28:36,1716
401760389,2025,7,2,2025-10-12T03:59Z,328,Utah State Aggies,USU,FBS,62,Hawai'i Rainbow Warriors,FBS,away,26,44,20,435,269,19,37,7.3,166,29,5.7,2,12,16.66666666666666666666666667,1,2,50,11,73,2,1,1,25:59,1559
401760389,2025,7,2,2025-10-12T03:59Z,62,Hawai'i Rainbow Warriors,HAW,FBS,328,Utah State Aggies,FBS,home,44,26,26,546,413,34,54,7.6,133,29,4.6,5,16,31.25,1,2,50,5,44,1,0,1,34:01,2041
401757282,2025,8,2,2025-10-14T23:00Z,166,New Mexico State Aggies,NMSU,FBS,2335,Liberty Flames,FBS,away,27,30,23,388,242,20,37,6.5,146,38,3.8,10,17,58.82352941176470588235294118,1,1,100,6,58,2,2,0,33:53,2033
401757282,2025,8,2,2025-10-14T23:00Z,2335,Liberty Flames,LIB,FBS,166,New Mexico State Aggies,FBS,home,30,27,19,293,179,20,30,6.0,114,30,3.8,3,10,30,0,0,,6,62,3,1,2,26:07,1567
401761628,2025,8,2,2025-10-14T23:30Z,2032,Arkansas State Red Wolves,ARST,FBS,6,South Alabama Jaguars,FBS,away,15,14,21,367,209,29,45,4.6,158,32,4.9,4,17,23.52941176470588235294117647,3,3,100,11,91,1,0,1,29:56,1796
401761628,2025,8,2,2025-10-14T23:30Z,6,South Alabama Jaguars,USA,FBS,2032,Arkansas State Red Wolves,FBS,home,14,15,16,278,118,18,23,5.1,160,36,4.4,4,14,28.57142857142857142857142857,0,0,,13,115,0,0,0,30:04,1804
401757281,2025,8,2,2025-10-15T00:00Z,2229,Florida International Panthers,FIU,FBS,98,Western Kentucky Hilltoppers,FBS,away,25,6,21,453,204,20,31,6.6,249,39,6.4,7,15,46.66666666666666666666666667,0,0,,9,75,0,0,0,34:38,2078
401757281,2025,8,2,2025-10-15T00:00Z,98,Western Kentucky Hilltoppers,WKU,FBS,2229,Florida International Panthers,FBS,home,6,25,18,341,225,27,41,5.5,116,23,5.0,6,15,40,0,0,,5,53,3,0,3,25:22,1522
401757283,2025,8,2,2025-10-15T23:00Z,48,Delaware Blue Hens,DEL,FBS,55,Jacksonville State Gamecocks,FBS,away,25,38,22,456,422,32,50,8.4,34,22,1.5,4,14,28.57142857142857142857142857,1,5,20,10,81,2,2,0,27:38,1658
401757283,2025,8,2,2025-10-15T23:00Z,55,Jacksonville State Gamecocks,JVST,FBS,48,Delaware Blue Hens,FBS,home,38,25,24,388,133,16,24,5.5,255,50,5.1,5,14,35.71428571428571428571428571,1,1,100,6,60,0,0,0,32:22,1942
401757284,2025,8,2,2025-10-15T23:00Z,2638,UTEP Miners,UTEP,FBS,2534,Sam Houston Bearkats,FBS,away,35,17,19,411,236,21,26,9.1,175,34,5.1,3,11,27.27272727272727272727272727,2,3,66.66666666666666666666666667,7,60,2,1,1,24:35,1475
401757284,2025,8,2,2025-10-15T23:00Z,2534,Sam Houston Bearkats,SHSU,FBS,2638,UTEP Miners,FBS,home,17,35,20,398,239,22,36,6.6,159,40,4.0,6,18,33.33333333333333333333333333,0,4,0,6,65,1,1,0,35:25,2125
401762486,2025,8,2,2025-10-16T23:30Z,202,Tulsa Golden Hurricane,TLSA,FBS,151,East Carolina Pirates,FBS,away,27,41,21,398,251,23,41,6.1,147,42,3.5,6,19,31.57894736842105263157894737,2,5,40,3,35,0,0,0,30:56,1856
401762486,2025,8,2,2025-10-16T23:30Z,151,East Carolina Pirates,ECU,FBS,202,Tulsa Golden Hurricane,FBS,home,41,27,27,568,300,21,38,7.9,268,53,5.1,9,18,50,1,3,33.33333333333333333333333333,6,50,0,0,0,29:04,1744
401754564,2025,8,2,2025-10-17T23:00Z,97,Louisville Cardinals,LOU,FBS,2390,Miami Hurricanes,FBS,away,24,21,21,367,248,23,37,6.7,119,31,3.8,5,14,35.71428571428571428571428571,1,1,100,6,64,1,1,0,31:16,1876
401754564,2025,8,2,2025-10-17T23:00Z,2390,Miami Hurricanes,MIA,FBS,97,Louisville Cardinals,FBS,home,21,24,15,334,271,25,35,7.7,63,24,2.6,5,12,41.66666666666666666666666667,1,2,50,9,67,4,0,4,28:44,1724
401752872,2025,8,2,2025-10-18T00:00Z,158,Nebraska Cornhuskers,NEB,FBS,135,Minnesota Golden Gophers,FBS,away,6,24,13,213,177,17,25,7.1,36,29,1.2,3,11,27.27272727272727272727272727,0,1,0,6,65,0,0,0,28:01,1681
401752872,2025,8,2,2025-10-18T00:00Z,135,Minnesota Golden Gophers,MINN,FBS,158,Nebraska Cornhuskers,FBS,home,24,6,18,339,153,16,20,7.7,186,35,5.3,5,12,41.66666666666666666666666667,0,0,,3,30,0,0,0,31:59,1919
401760396,2025,8,2,2025-10-18T01:00Z,23,San José State Spartans,SJSU,FBS,328,Utah State Aggies,FBS,away,25,30,23,534,340,27,50,6.8,194,27,7.2,9,17,52.94117647058823529411764706,1,4,25,8,65,1,1,0,30:13,1813
401760396,2025,8,2,2025-10-18T01:00Z,328,Utah State Aggies,USU,FBS,23,San José State Spartans,FBS,home,30,25,19,461,331,23,32,10.3,130,38,3.4,5,16,31.25,2,3,66.66666666666666666666666667,6,65,0,0,0,29:47,1787
401754371,2025,8,2,2025-10-18T02:30Z,153,North Carolina Tar Heels,UNC,FBS,25,California Golden Bears,FBS,away,18,21,18,287,167,19,35,4.8,120,29,4.1,5,14,35.71428571428571428571428571,2,2,100,4,46,3,3,0,31:10,1870
401754371,2025,8,2,2025-10-18T02:30Z,25,California Golden Bears,CAL,FBS,153,North Carolina Tar Heels,FBS,home,21,18,19,294,214,22,40,5.4,80,31,2.6,6,16,37.5,2,2,100,9,79,0,0,0,28:50,1730
401752877,2025,8,2,2025-10-18T19:30Z,194,Ohio State Buckeyes,OSU,FBS,275,Wisconsin Badgers,FBS,away,34,0,26,491,393,36,42,9.4,98,28,3.5,5,11,45.45454545454545454545454545,2,2,100,5,30,0,0,0,33:57,2037
401752877,2025,8,2,2025-10-18T19:30Z,275,Wisconsin Badgers,WIS,FBS,194,Ohio State Buckeyes,FBS,home,0,34,9,144,49,7,15,3.3,95,31,3.1,2,11,18.18181818181818181818181818,1,2,50,2,10,1,0,1,26:03,1563
401752878,2025,8,2,2025-10-18T19:30Z,127,Michigan State Spartans,MSU,FBS,84,Indiana Hoosiers,FBS,away,13,38,19,367,293,30,38,7.7,74,24,3.1,5,14,35.71428571428571428571428571,3,4,75,6,46,0,0,0,31:14,1874
401752878,2025,8,2,2025-10-18T19:30Z,84,Indiana Hoosiers,IU,FBS,127,Michigan State Spartans,FBS,home,38,13,24,464,332,24,28,11.9,132,28,4.7,5,8,62.5,1,2,50,1,5,0,0,0,28:46,1726
401752739,2025,8,2,2025-10-18T21:30Z,245,Texas A&M Aggies,TA&M,FBS,8,Arkansas Razorbacks,FBS,away,45,42,29,497,280,23,32,8.8,217,35,6.2,5,11,45.45454545454545454545454545,3,3,100,7,67,0,0,0,33:48,2028
401752739,2025,8,2,2025-10-18T21:30Z,8,Arkansas Razorbacks,ARK,FBS,245,Texas A&M Aggies,FBS,home,42,45,25,527,259,20,33,7.8,268,32,8.4,4,10,40,1,2,50,9,71,0,0,0,26:12,1572
401752742,2025,8,2,2025-10-18T19:30Z,145,Ole Miss Rebels,MISS,FBS,61,Georgia Bulldogs,FBS,away,35,43,21,351,263,19,36,7.3,88,24,3.7,5,9,55.55555555555555555555555556,1,2,50,4,40,0,0,0,22:21,1341
401752742,2025,8,2,2025-10-18T19:30Z,61,Georgia Bulldogs,UGA,FBS,145,Ole Miss Rebels,FBS,home,43,35,34,510,289,26,31,9.3,221,49,4.5,6,11,54.54545454545454545454545455,1,1,100,3,37,0,0,0,37:39,2259
401752738,2025,8,2,2025-10-18T23:30Z,2633,Tennessee Volunteers,TENN,FBS,333,Alabama Crimson Tide,FBS,away,20,37,27,410,268,28,44,6.1,142,33,4.3,5,13,38.46153846153846153846153846,4,5,80,10,66,1,0,1,28:56,1736
401752738,2025,8,2,2025-10-18T23:30Z,333,Alabama Crimson Tide,ALA,FBS,2633,Tennessee Volunteers,FBS,home,37,20,23,373,253,19,29,8.7,120,32,3.8,5,11,45.45454545454545454545454545,1,1,100,7,59,1,1,0,31:04,1864
401756923,2025,8,2,2025-10-18T20:00Z,2641,Texas Tech Red Raiders,TTU,FBS,9,Arizona State Sun Devils,FBS,away,22,26,16,276,167,22,38,4.4,109,27,4.0,6,16,37.5,1,3,33.33333333333333333333333333,5,39,1,0,1,22:48,1368
401756923,2025,8,2,2025-10-18T20:00Z,9,Arizona State Sun Devils,ASU,FBS,2641,Texas Tech Red Raiders,FBS,home,26,22,21,394,319,28,47,6.8,75,36,2.1,9,21,42.85714285714285714285714286,1,2,50,6,37,0,0,0,37:12,2232
401752876,2025,8,2,2025-10-18T22:30Z,2483,Oregon Ducks,ORE,FBS,164,Rutgers Scarlet Knights,FBS,away,56,10,29,750,335,18,24,14.0,415,37,11.2,8,11,72.72727272727272727272727273,0,0,,4,50,3,2,1,27:53,1673
401752876,2025,8,2,2025-10-18T22:30Z,164,Rutgers Scarlet Knights,RUTG,FBS,2483,Oregon Ducks,FBS,home,10,56,12,202,79,8,27,2.9,123,42,2.9,5,18,27.77777777777777777777777778,3,4,75,4,25,3,1,2,32:07,1927
401752745,2025,8,2,2025-10-18T16:00Z,99,LSU Tigers,LSU,FBS,238,Vanderbilt Commodores,FBS,away,24,31,14,325,225,19,28,8.0,100,21,4.8,5,11,45.45454545454545454545454545,0,0,,7,52,0,0,0,23:29,1409
401752745,2025,8,2,2025-10-18T16:00Z,238,Vanderbilt Commodores,VAN,FBS,99,LSU Tigers,FBS,home,31,24,20,399,160,14,22,7.3,239,45,5.3,6,13,46.15384615384615384615384615,2,3,66.66666666666666666666666667,4,35,0,0,0,36:31,2191
401754566,2025,8,2,2025-10-18T16:00Z,59,Georgia Tech Yellow Jackets,GT,FBS,150,Duke Blue Devils,FBS,away,27,18,21,376,205,14,21,9.8,171,36,4.8,6,12,50,0,0,,4,17,0,0,0,26:31,1591
401754566,2025,8,2,2025-10-18T16:00Z,150,Duke Blue Devils,DUKE,FBS,59,Georgia Tech Yellow Jackets,FBS,home,18,27,26,441,373,32,44,8.5,68,32,2.1,7,15,46.66666666666666666666666667,1,2,50,8,59,1,1,0,33:29,2009
401752871,2025,8,2,2025-10-18T23:30Z,30,USC Trojans,USC,FBS,87,Notre Dame Fighting Irish,FBS,away,24,34,23,396,328,22,42,7.8,68,29,2.3,6,14,42.85714285714285714285714286,0,2,0,1,5,3,1,2,27:02,1622
401752871,2025,8,2,2025-10-18T23:30Z,87,Notre Dame Fighting Irish,ND,FBS,30,USC Trojans,FBS,home,34,24,23,442,136,16,26,5.2,306,44,7.0,3,11,27.27272727272727272727272727,1,2,50,8,96,1,0,1,32:58,1978
401752744,2025,8,2,2025-10-18T16:45Z,201,Oklahoma Sooners,OU,FBS,2579,South Carolina Gamecocks,FBS,away,26,7,20,319,148,19,27,5.5,171,40,4.3,8,16,50,0,0,,10,98,0,0,0,33:38,2018
401752744,2025,8,2,2025-10-18T16:45Z,2579,South Carolina Gamecocks,SC,FBS,201,Oklahoma Sooners,FBS,home,7,26,15,224,170,21,33,5.2,54,34,1.6,3,15,20,4,7,57.14285714285714285714285714,4,35,2,0,2,26:22,1582
401756924,2025,8,2,2025-10-19T00:00Z,254,Utah Utes,UTAH,FBS,252,BYU Cougars,FBS,away,21,24,24,470,244,20,36,6.8,226,37,6.1,5,12,41.66666666666666666666666667,1,5,20,12,77,2,1,1,28:53,1733
401756924,2025,8,2,2025-10-19T00:00Z,252,BYU Cougars,BYU,FBS,254,Utah Utes,FBS,home,24,21,22,368,166,13,24,6.9,202,42,4.8,3,12,25,1,3,33.33333333333333333333333333,5,42,0,0,0,31:07,1867
401752740,2025,8,2,2025-10-18T23:45Z,142,Missouri Tigers,MIZ,FBS,2,Auburn Tigers,FBS,away,23,17,26,343,252,23,40,6.3,91,44,2.1,8,17,47.05882352941176470588235294,0,0,,4,50,2,0,2,32:47,1967
401752740,2025,8,2,2025-10-18T23:45Z,2,Auburn Tigers,AUB,FBS,142,Missouri Tigers,FBS,home,17,23,19,357,207,18,30,6.9,150,41,3.7,6,16,37.5,0,1,0,4,40,1,0,1,27:13,1633
401752951,2025,8,2,2025-10-18T22:30Z,265,Washington State Cougars,WSU,FBS,258,Virginia Cavaliers,FBS,away,20,22,18,318,183,18,27,6.8,135,35,3.9,3,12,25,1,1,100,7,33,2,0,2,34:14,2054
401752951,2025,8,2,2025-10-18T22:30Z,258,Virginia Cavaliers,UVA,FBS,265,Washington State Cougars,FBS,home,22,20,13,301,179,15,25,7.2,122,32,3.8,5,15,33.33333333333333333333333333,0,1,0,7,65,0,0,0,25:46,1546
401762490,2025,8,2,2025-10-18T23:30Z,2226,Florida Atlantic Owls,FAU,FBS,58,South Florida Bulls,FBS,away,13,48,25,312,289,41,58,5.0,23,30,0.8,6,21,28.57142857142857142857142857,7,8,87.5,9,75,1,0,1,31:26,1886
401762490,2025,8,2,2025-10-18T23:30Z,58,South Florida Bulls,USF,FBS,2226,Florida Atlantic Owls,FBS,home,48,13,26,522,263,15,25,10.5,259,51,5.1,9,18,50,2,2,100,7,80,0,0,0,28:34,1714
401752743,2025,8,2,2025-10-18T23:00Z,251,Texas Longhorns,TEX,FBS,96,Kentucky Wildcats,FBS,away,16,13,8,179,132,12,27,4.9,47,28,1.7,5,16,31.25,0,0,,7,50,0,0,0,20:37,1237
401752743,2025,8,2,2025-10-18T23:00Z,96,Kentucky Wildcats,UK,FBS,251,Texas Longhorns,FBS,home,13,16,26,395,258,31,40,6.5,137,46,3.0,7,18,38.88888888888888888888888889,1,3,33.33333333333333333333333333,3,25,1,0,1,39:23,2363
401762487,2025,8,2,2025-10-18T20:00Z,235,Memphis Tigers,MEM,FBS,5,UAB Blazers,FBS,away,24,31,20,362,243,22,35,6.9,119,25,4.8,5,11,45.45454545454545454545454545,2,4,50,8,54,1,0,1,24:55,1495
401762487,2025,8,2,2025-10-18T20:00Z,5,UAB Blazers,UAB,FBS,235,Memphis Tigers,FBS,home,31,24,25,470,251,20,27,9.3,219,41,5.3,9,13,69.23076923076923076923076923,1,1,100,6,47,2,1,1,35:05,2105
401756926,2025,8,2,2025-10-19T00:00Z,2132,Cincinnati Bearcats,CIN,FBS,197,Oklahoma State Cowboys,FBS,away,49,17,26,427,284,21,30,9.5,143,30,4.8,6,10,60,1,1,100,6,71,0,0,0,23:18,1398
401756926,2025,8,2,2025-10-19T00:00Z,197,Oklahoma State Cowboys,OKST,FBS,2132,Cincinnati Bearcats,FBS,home,17,49,21,377,149,11,19,7.8,228,48,4.8,6,13,46.15384615384615384615384615,1,3,33.33333333333333333333333333,8,70,2,1,1,36:42,2202
401752873,2025,8,2,2025-10-18T16:00Z,264,Washington Huskies,WASH,FBS,130,Michigan Wolverines,FBS,away,7,24,14,249,209,20,32,6.5,40,23,1.7,5,12,41.66666666666666666666666667,1,2,50,4,23,3,0,3,22:31,1351
401752873,2025,8,2,2025-10-18T16:00Z,130,Michigan Wolverines,MICH,FBS,264,Washington Huskies,FBS,home,24,7,23,417,230,21,28,8.2,187,40,4.7,6,13,46.15384615384615384615384615,0,2,0,5,35,0,0,0,37:29,2249
401754569,2025,8,2,2025-10-18T16:00Z,41,UConn Huskies,CONN,FBS,103,Boston College Eagles,FBS,away,38,23,20,455,362,23,31,11.7,93,27,3.4,4,10,40,0,0,,7,72,0,0,0,27:52,1672
401754569,2025,8,2,2025-10-18T16:00Z,103,Boston College Eagles,BC,FBS,41,UConn Huskies,FBS,home,23,38,24,395,204,16,28,7.3,191,49,3.9,4,15,26.66666666666666666666666667,3,4,75,8,70,0,0,0,32:08,1928
401756925,2025,8,2,2025-10-18T16:00Z,12,Arizona Wildcats,ARIZ,FBS,248,Houston Cougars,FBS,away,28,31,21,381,269,24,26,10.3,112,31,3.6,4,9,44.44444444444444444444444444,2,3,66.66666666666666666666666667,7,80,0,0,0,30:28,1828
401756925,2025,8,2,2025-10-18T16:00Z,248,Houston Cougars,HOU,FBS,12,Arizona Wildcats,FBS,home,31,28,25,396,164,15,23,7.1,232,45,5.2,8,14,57.14285714285714285714285714,2,2,100,4,39,0,0,0,29:32,1772
401756927,2025,8,2,2025-10-18T16:00Z,239,Baylor Bears,BAY,FBS,2628,TCU Horned Frogs,FBS,away,36,42,27,439,318,25,52,6.1,121,37,3.3,6,17,35.29411764705882352941176471,2,4,50,5,44,4,1,3,31:48,1908
401756927,2025,8,2,2025-10-18T16:00Z,2628,TCU Horned Frogs,TCU,FBS,239,Baylor Bears,FBS,home,42,36,21,427,231,22,31,7.5,196,38,5.2,6,13,46.15384615384615384615384615,0,0,,6,75,1,1,0,28:12,1692
401762488,2025,8,2,2025-10-18T16:00Z,349,Army Black Knights,ARMY,FBS,2655,Tulane Green Wave,FBS,away,17,24,21,358,125,7,10,12.5,233,63,3.7,6,15,40,4,4,100,3,30,0,0,0,38:58,2338
401762488,2025,8,2,2025-10-18T16:00Z,2655,Tulane Green Wave,TULN,FBS,349,Army Black Knights,FBS,home,24,17,23,402,261,22,29,9.0,141,29,4.9,6,11,54.54545454545454545454545455,1,2,50,4,35,1,0,1,21:02,1262
401762839,2025,8,2,2025-10-18T16:00Z,2117,Central Michigan Chippewas,CMU,FBS,189,Bowling Green Falcons,FBS,away,27,6,14,276,73,3,5,14.6,203,46,4.4,5,12,41.66666666666666666666666667,0,0,,10,74,0,0,0,31:20,1880
401762839,2025,8,2,2025-10-18T16:00Z,189,Bowling Green Falcons,BGSU,FBS,2117,Central Michigan Chippewas,FBS,home,6,27,14,310,153,17,25,6.1,157,36,4.4,5,15,33.33333333333333333333333333,1,4,25,15,125,2,0,2,28:40,1720
401762841,2025,8,2,2025-10-18T16:00Z,2199,Eastern Michigan Eagles,EMU,FBS,193,Miami (OH) RedHawks,FBS,away,30,44,17,369,309,20,36,8.6,60,22,2.7,6,13,46.15384615384615384615384615,2,3,66.66666666666666666666666667,4,24,2,0,2,17:51,1071
401762841,2025,8,2,2025-10-18T16:00Z,193,Miami (OH) RedHawks,M-OH,FBS,2199,Eastern Michigan Eagles,FBS,home,44,30,23,454,159,13,22,7.2,295,55,5.4,11,15,73.33333333333333333333333333,1,1,100,8,75,1,1,0,42:09,2529
401756928,2025,8,2,2025-10-18T17:00Z,277,West Virginia Mountaineers,WVU,FBS,2116,UCF Knights,FBS,away,13,45,19,210,79,11,28,2.8,131,49,2.7,4,18,22.22222222222222222222222222,2,4,50,5,35,1,1,0,26:53,1613
401756928,2025,8,2,2025-10-18T17:00Z,2116,UCF Knights,UCF,FBS,277,West Virginia Mountaineers,FBS,home,45,13,21,578,323,26,40,8.1,255,35,7.3,5,16,31.25,2,4,50,7,70,2,0,2,33:07,1987
401762842,2025,8,2,2025-10-18T18:00Z,2309,Kent State Golden Flashes,KENT,FBS,2649,Toledo Rockets,FBS,away,10,45,9,224,159,12,24,6.6,65,26,2.5,3,13,23.07692307692307692307692308,1,1,100,8,57,1,0,1,26:12,1572
401762842,2025,8,2,2025-10-18T18:00Z,2649,Toledo Rockets,TOL,FBS,2309,Kent State Golden Flashes,FBS,home,45,10,29,552,374,25,32,11.7,178,40,4.5,7,13,53.84615384615384615384615385,0,0,,3,15,0,0,0,33:48,2028
401762840,2025,8,2,2025-10-18T18:30Z,2084,Buffalo Bulls,BUFF,FBS,113,Massachusetts Minutemen,FBS,away,28,21,29,475,403,36,55,7.3,72,30,2.4,6,16,37.5,1,2,50,11,64,1,0,1,34:20,2060
401762840,2025,8,2,2025-10-18T18:30Z,113,Massachusetts Minutemen,MASS,FBS,2084,Buffalo Bulls,FBS,home,21,28,11,306,119,6,14,8.5,187,44,4.3,5,17,29.41176470588235294117647059,1,1,100,10,55,0,0,0,25:40,1540
401752874,2025,8,2,2025-10-18T19:00Z,2509,Purdue Boilermakers,PUR,FBS,77,Northwestern Wildcats,FBS,away,0,19,11,305,218,16,30,7.3,87,26,3.3,5,14,35.71428571428571428571428571,0,3,0,8,98,3,2,1,22:21,1341
401752874,2025,8,2,2025-10-18T19:00Z,77,Northwestern Wildcats,NU,FBS,2509,Purdue Boilermakers,FBS,home,19,0,24,364,132,11,26,5.1,232,50,4.6,7,16,43.75,1,2,50,3,20,2,1,1,37:39,2259
401761633,2025,8,2,2025-10-18T19:00Z,2653,Troy Trojans,TROY,FBS,2433,UL Monroe Warhawks,FBS,away,37,14,13,314,223,13,21,10.6,91,32,2.8,5,13,38.46153846153846153846153846,1,2,50,7,74,0,0,0,26:55,1615
401761633,2025,8,2,2025-10-18T19:00Z,2433,UL Monroe Warhawks,ULM,FBS,2653,Troy Trojans,FBS,home,14,37,20,326,228,23,41,5.6,98,29,3.4,5,13,38.46153846153846153846153846,3,4,75,4,40,4,2,2,33:05,1985
401754565,2025,8,2,2025-10-18T19:30Z,2567,SMU Mustangs,SMU,FBS,228,Clemson Tigers,FBS,away,35,24,21,429,290,23,43,6.7,139,28,5.0,7,17,41.17647058823529411764705882,0,0,,5,60,1,0,1,28:45,1725
401754565,2025,8,2,2025-10-18T19:30Z,228,Clemson Tigers,CLEM,FBS,2567,SMU Mustangs,FBS,home,24,35,19,352,317,29,42,7.5,35,30,1.2,8,19,42.10526315789473684210526316,1,2,50,2,9,1,1,0,31:15,1875
401760392,2025,8,2,2025-10-18T19:30Z,2751,Wyoming Cowboys,WYO,FBS,2005,Air Force Falcons,FBS,away,21,24,25,409,211,23,30,7.0,198,36,5.5,6,12,50,1,1,100,2,15,2,0,2,26:57,1617
401760392,2025,8,2,2025-10-18T19:30Z,2005,Air Force Falcons,AFA,FBS,2751,Wyoming Cowboys,FBS,home,24,21,19,363,33,3,8,4.1,330,56,5.9,6,14,42.85714285714285714285714286,2,3,66.66666666666666666666666667,2,10,0,0,0,33:03,1983
401760393,2025,8,2,2025-10-18T19:30Z,2439,UNLV Rebels,UNLV,FBS,68,Boise State Broncos,FBS,away,31,56,22,476,215,18,30,7.2,261,40,6.5,4,13,30.76923076923076923076923077,0,1,0,7,45,1,0,1,32:07,1927
401760393,2025,8,2,2025-10-18T19:30Z,68,Boise State Broncos,BOIS,FBS,2439,UNLV Rebels,FBS,home,56,31,20,558,264,15,24,11.0,294,33,8.9,6,11,54.54545454545454545454545455,1,1,100,6,37,2,1,1,27:53,1673
401761629,2025,8,2,2025-10-18T19:30Z,324,Coastal Carolina Chanticleers,CCU,FBS,2026,App State Mountaineers,FBS,away,45,37,23,410,164,15,22,7.5,246,41,6.0,6,10,60,1,1,100,3,35,1,0,1,28:32,1712
401761629,2025,8,2,2025-10-18T19:30Z,2026,App State Mountaineers,APP,FBS,324,Coastal Carolina Chanticleers,FBS,home,37,45,27,410,278,27,41,6.8,132,35,3.8,8,15,53.33333333333333333333333333,2,3,66.66666666666666666666666667,7,70,1,1,0,31:28,1888
401761631,2025,8,2,2025-10-18T19:30Z,295,Old Dominion Monarchs,ODU,FBS,256,James Madison Dukes,FBS,away,27,63,13,285,209,13,21,10.0,76,29,2.6,4,11,36.36363636363636363636363636,0,1,0,4,28,3,1,2,18:34,1114
401761631,2025,8,2,2025-10-18T19:30Z,256,James Madison Dukes,JMU,FBS,295,Old Dominion Monarchs,FBS,home,63,27,27,624,313,18,26,12.0,311,53,5.9,12,16,75,0,1,0,5,45,1,1,0,41:26,2486
401761632,2025,8,2,2025-10-18T19:30Z,326,Texas State Bobcats,TXST,FBS,276,Marshall Thundering Herd,FBS,away,37,40,20,558,444,26,39,11.4,114,44,2.6,9,19,47.36842105263157894736842105,0,3,0,12,80,3,2,1,27:17,1637
401761632,2025,8,2,2025-10-18T19:30Z,276,Marshall Thundering Herd,MRSH,FBS,326,Texas State Bobcats,FBS,home,40,37,27,466,280,23,33,8.5,186,48,3.9,6,14,42.85714285714285714285714286,0,1,0,5,60,1,0,1,32:43,1963
401762489,2025,8,2,2025-10-18T19:30Z,218,Temple Owls,TEM,FBS,2429,Charlotte 49ers,FBS,away,49,14,18,384,212,16,23,9.2,172,30,5.7,2,9,22.22222222222222222222222222,2,2,100,3,40,0,0,0,25:16,1516
401762489,2025,8,2,2025-10-18T19:30Z,2429,Charlotte 49ers,CLT,FBS,218,Temple Owls,FBS,home,14,49,21,357,158,15,29,5.4,199,47,4.2,6,16,37.5,3,4,75,3,20,3,2,1,34:44,2084
401762838,2025,8,2,2025-10-18T19:30Z,2006,Akron Zips,AKR,FBS,2050,Ball State Cardinals,FBS,away,28,42,24,419,291,22,40,7.3,128,35,3.7,2,12,16.66666666666666666666666667,1,4,25,9,74,2,0,2,28:08,1688
401762838,2025,8,2,2025-10-18T19:30Z,2050,Ball State Cardinals,BALL,FBS,2006,Akron Zips,FBS,home,42,28,17,374,158,11,20,7.9,216,45,4.8,4,13,30.76923076923076923076923077,0,1,0,6,50,2,1,1,31:52,1912
401762843,2025,8,2,2025-10-18T19:30Z,2459,Northern Illinois Huskies,NIU,FBS,195,Ohio Bobcats,FBS,away,21,48,15,293,161,21,30,5.4,132,26,5.1,6,13,46.15384615384615384615384615,0,2,0,2,20,1,1,0,24:10,1450
401762843,2025,8,2,2025-10-18T19:30Z,195,Ohio Bobcats,OHIO,FBS,2459,Northern Illinois Huskies,FBS,home,48,21,27,538,205,17,23,8.9,333,52,6.4,9,13,69.23076923076923076923076923,1,2,50,13,75,1,0,1,35:50,2150
401762491,2025,8,2,2025-10-18T20:05Z,2636,UTSA Roadrunners,UTSA,FBS,249,North Texas Mean Green,FBS,away,17,55,14,329,115,15,25,4.6,214,32,6.7,4,11,36.36363636363636363636363636,0,1,0,10,89,3,3,0,26:21,1581
401762491,2025,8,2,2025-10-18T20:05Z,249,North Texas Mean Green,UNT,FBS,2636,UTSA Roadrunners,FBS,home,55,17,34,584,314,23,37,8.5,270,44,6.1,5,14,35.71428571428571428571428571,3,3,100,8,65,0,0,0,33:39,2019
401752741,2025,8,2,2025-10-18T20:15Z,344,Mississippi State Bulldogs,MSST,FBS,57,Florida Gators,FBS,away,21,23,22,468,324,24,36,9.0,144,44,3.3,8,15,53.33333333333333333333333333,1,2,50,7,60,2,1,1,30:05,1805
401752741,2025,8,2,2025-10-18T20:15Z,57,Florida Gators,FLA,FBS,344,Mississippi State Bulldogs,FBS,home,23,21,24,452,280,20,34,8.2,172,34,5.1,4,12,33.33333333333333333333333333,0,0,,7,60,2,0,2,29:55,1795
401761668,2025,8,2,2025-10-18T21:00Z,2572,Southern Miss Golden Eagles,USM,FBS,309,Louisiana Ragin' Cajuns,FBS,away,22,10,14,371,238,13,18,13.2,133,41,3.2,2,13,15.38461538461538461538461538,1,1,100,6,43,2,1,1,24:29,1469
401761668,2025,8,2,2025-10-18T21:00Z,309,Louisiana Ragin' Cajuns,UL,FBS,2572,Southern Miss Golden Eagles,FBS,home,10,22,19,356,135,14,27,5.0,221,48,4.6,6,16,37.5,1,4,25,8,70,3,1,2,35:31,2131
401752875,2025,8,2,2025-10-18T23:00Z,213,Penn State Nittany Lions,PSU,FBS,2294,Iowa Hawkeyes,FBS,away,24,25,19,266,93,15,28,3.3,173,46,3.8,6,16,37.5,2,4,50,2,15,2,0,2,36:12,2172
401752875,2025,8,2,2025-10-18T23:00Z,2294,Iowa Hawkeyes,IOWA,FBS,213,Penn State Nittany Lions,FBS,home,25,24,11,313,68,10,16,4.3,245,33,7.4,4,10,40,0,0,,3,20,1,0,1,23:48,1428
401752879,2025,8,2,2025-10-18T23:00Z,120,Maryland Terrapins,MD,FBS,26,UCLA Bruins,FBS,away,17,20,17,337,210,23,48,4.4,127,26,4.9,6,17,35.29411764705882352941176471,1,2,50,5,60,2,1,1,26:58,1618
401752879,2025,8,2,2025-10-18T23:00Z,26,UCLA Bruins,UCLA,FBS,120,Maryland Terrapins,FBS,home,20,17,21,414,221,21,35,6.3,193,35,5.5,7,17,41.17647058823529411764705882,1,1,100,10,85,3,1,2,33:02,1982
401760394,2025,8,2,2025-10-18T23:00Z,62,Hawai'i Rainbow Warriors,HAW,FBS,36,Colorado State Rams,FBS,away,31,19,19,435,301,26,38,7.9,134,28,4.8,7,14,50,1,1,100,3,23,1,0,1,34:59,2099
401760394,2025,8,2,2025-10-18T23:00Z,36,Colorado State Rams,CSU,FBS,62,Hawai'i Rainbow Warriors,FBS,home,19,31,15,261,176,15,29,6.1,85,34,2.5,6,15,40,1,2,50,5,51,1,1,0,25:01,1501
401761630,2025,8,2,2025-10-18T23:00Z,2247,Georgia State Panthers,GAST,FBS,290,Georgia Southern Eagles,FBS,away,24,41,27,444,280,29,38,7.4,164,34,4.8,10,14,71.42857142857142857142857143,0,2,0,15,120,1,1,0,32:20,1940
401761630,2025,8,2,2025-10-18T23:00Z,290,Georgia Southern Eagles,GASO,FBS,2247,Georgia State Panthers,FBS,home,41,24,25,420,212,18,27,7.9,208,42,5.0,9,13,69.23076923076923076923076923,1,2,50,4,43,0,0,0,27:40,1660
401754568,2025,8,2,2025-10-18T23:30Z,221,Pittsburgh Panthers,PITT,FBS,183,Syracuse Orange,FBS,away,30,13,16,255,140,13,24,5.8,115,43,2.7,4,15,26.66666666666666666666666667,1,1,100,13,109,1,0,1,29:58,1798
401754568,2025,8,2,2025-10-18T23:30Z,183,Syracuse Orange,SYR,FBS,221,Pittsburgh Panthers,FBS,home,13,30,13,212,136,17,34,4.0,76,30,2.5,4,15,26.66666666666666666666666667,1,3,33.33333333333333333333333333,12,107,3,0,3,30:02,1802
401760395,2025,8,2,2025-10-19T01:45Z,2440,Nevada Wolf Pack,NEV,FBS,167,New Mexico Lobos,FBS,away,22,24,16,257,202,23,29,7.0,55,28,2.0,5,13,38.46153846153846153846153846,1,3,33.33333333333333333333333333,9,61,0,0,0,29:27,1767
401760395,2025,8,2,2025-10-19T01:45Z,167,New Mexico Lobos,UNM,FBS,2440,Nevada Wolf Pack,FBS,home,24,22,22,348,138,14,22,6.3,210,42,5.0,5,13,38.46153846153846153846153846,3,4,75,8,64,2,2,0,30:33,1833
401752941,2025,8,2,2025-10-19T02:00Z,322,Lafayette Leopards,LAF,FCS,204,Oregon State Beavers,FBS,away,13,45,17,269,182,19,41,4.4,87,30,2.9,8,20,40,1,2,50,8,50,1,0,1,30:09,1809
401752941,2025,8,2,2025-10-19T02:00Z,204,Oregon State Beavers,ORST,FBS,322,Lafayette Leopards,FCS,home,45,13,23,517,152,17,23,6.6,365,42,8.7,3,9,33.33333333333333333333333333,2,2,100,6,68,2,1,1,29:51,1791
401754567,2025,8,2,2025-10-19T02:30Z,52,Florida State Seminoles,FSU,FBS,24,Stanford Cardinal,FBS,away,13,20,22,444,311,18,35,8.9,133,43,3.1,8,18,44.44444444444444444444444444,1,3,33.33333333333333333333333333,13,79,0,0,0,27:04,1624
401754567,2025,8,2,2025-10-19T02:30Z,24,Stanford Cardinal,STAN,FBS,52,Florida State Seminoles,FBS,home,20,13,19,293,161,12,25,6.4,132,42,3.1,6,16,37.5,0,0,,5,47,1,0,1,32:56,1976
401757285,2025,9,2,2025-10-21T23:00Z,338,Kennesaw State Owls,KENN,FBS,2229,Florida International Panthers,FBS,away,45,26,20,498,284,12,17,16.7,214,41,5.2,3,9,33.33333333333333333333333333,1,1,100,7,56,0,0,0,25:39,1539
401757285,2025,9,2,2025-10-21T23:00Z,2229,Florida International Panthers,FIU,FBS,338,Kennesaw State Owls,FBS,home,26,45,23,518,296,22,36,8.2,222,37,6.0,6,15,40,0,2,0,10,80,0,0,0,34:21,2061
401757286,2025,9,2,2025-10-21T23:30Z,98,Western Kentucky Hilltoppers,WKU,FBS,2348,Louisiana Tech Bulldogs,FBS,away,28,27,21,340,227,21,34,6.7,113,38,3.0,7,15,46.66666666666666666666666667,2,2,100,5,36,1,0,1,31:20,1880
401757286,2025,9,2,2025-10-21T23:30Z,2348,Louisiana Tech Bulldogs,LT,FBS,98,Western Kentucky Hilltoppers,FBS,home,27,28,24,449,340,31,46,7.4,109,37,2.9,10,19,52.63157894736842105263157895,1,3,33.33333333333333333333333333,9,80,1,0,1,28:40,1720
401757287,2025,9,2,2025-10-22T23:30Z,2393,Middle Tennessee Blue Raiders,MTSU,FBS,48,Delaware Blue Hens,FBS,away,28,31,24,384,281,31,50,5.6,103,22,4.7,6,14,42.85714285714285714285714286,1,1,100,9,80,2,1,1,27:05,1625
401757287,2025,9,2,2025-10-22T23:30Z,48,Delaware Blue Hens,DEL,FBS,2393,Middle Tennessee Blue Raiders,FBS,home,31,28,27,360,281,28,44,6.4,79,36,2.2,9,17,52.94117647058823529411764706,1,1,100,4,25,2,1,1,32:55,1975
401757288,2025,9,2,2025-10-23T01:00Z,2623,Missouri State Bears,MOST,FBS,166,New Mexico State Aggies,FBS,away,24,17,22,409,283,28,44,6.4,126,32,3.9,6,14,42.85714285714285714285714286,0,0,,12,110,3,1,2,32:35,1955
401757288,2025,9,2,2025-10-23T01:00Z,166,New Mexico State Aggies,NMSU,FBS,2623,Missouri State Bears,FBS,home,17,24,20,289,207,22,34,6.1,82,25,3.3,3,10,30,0,1,0,7,61,4,0,4,27:25,1645
401761634,2025,9,2,2025-10-23T23:30Z,6,South Alabama Jaguars,USA,FBS,2247,Georgia State Panthers,FBS,away,38,31,20,468,280,16,22,12.7,188,47,4.0,8,14,57.14285714285714285714285714,2,2,100,6,55,0,0,0,30:03,1803
401761634,2025,9,2,2025-10-23T23:30Z,2247,Georgia State Panthers,GAST,FBS,6,South Alabama Jaguars,FBS,home,31,38,23,440,241,19,33,7.3,199,37,5.4,6,13,46.15384615384615384615384615,2,3,66.66666666666666666666666667,2,10,2,1,1,29:57,1797
401762492,2025,9,2,2025-10-24T23:00Z,249,North Texas Mean Green,UNT,FBS,2429,Charlotte 49ers,FBS,away,54,20,31,754,608,37,49,12.4,146,29,5.0,4,11,36.36363636363636363636363636,1,2,50,6,50,2,1,1,30:38,1838
401762492,2025,9,2,2025-10-24T23:00Z,2429,Charlotte 49ers,CLT,FBS,249,North Texas Mean Green,FBS,home,20,54,13,399,295,20,36,8.2,104,27,3.9,4,16,25,1,2,50,6,60,0,0,0,29:22,1762
401754372,2025,9,2,2025-10-24T23:30Z,25,California Golden Bears,CAL,FBS,259,Virginia Tech Hokies,FBS,away,34,42,19,325,286,24,40,7.2,39,27,1.4,5,14,35.71428571428571428571428571,1,2,50,9,60,0,0,0,27:46,1666
401754372,2025,9,2,2025-10-24T23:30Z,259,Virginia Tech Hokies,VT,FBS,25,California Golden Bears,FBS,home,42,34,24,476,119,9,18,6.6,357,58,6.2,8,16,50,1,1,100,10,79,1,0,1,32:14,1934
401760397,2025,9,2,2025-10-25T02:00Z,68,Boise State Broncos,BOIS,FBS,2440,Nevada Wolf Pack,FBS,away,24,3,21,309,175,15,28,6.3,134,48,2.8,7,17,41.17647058823529411764705882,2,3,66.66666666666666666666666667,2,10,1,0,1,35:58,2158
401760397,2025,9,2,2025-10-25T02:00Z,2440,Nevada Wolf Pack,NEV,FBS,68,Boise State Broncos,FBS,home,3,24,15,249,148,18,31,4.8,101,23,4.4,4,12,33.33333333333333333333333333,0,1,0,8,71,5,2,3,24:02,1442
401752885,2025,9,2,2025-10-25T16:00Z,26,UCLA Bruins,UCLA,FBS,84,Indiana Hoosiers,FBS,away,6,56,12,201,113,13,28,4.0,88,25,3.5,1,11,9.090909090909090909090909091,1,3,33.33333333333333333333333333,8,82,3,1,2,24:26,1466
401752885,2025,9,2,2025-10-25T16:00Z,84,Indiana Hoosiers,IU,FBS,26,UCLA Bruins,FBS,home,56,6,27,475,213,19,29,7.3,262,47,5.6,12,16,75,2,2,100,4,45,2,0,2,35:34,2134
401752748,2025,9,2,2025-10-25T23:30Z,245,Texas A&M Aggies,TA&M,FBS,99,LSU Tigers,FBS,away,49,25,24,426,202,12,21,9.6,224,40,5.6,7,10,70,0,0,,6,65,2,0,2,30:12,1812
401752748,2025,9,2,2025-10-25T23:30Z,99,LSU Tigers,LSU,FBS,245,Texas A&M Aggies,FBS,home,25,49,18,278,218,25,39,5.6,60,27,2.2,2,13,15.38461538461538461538461538,1,2,50,4,27,0,0,0,29:48,1788
401752751,2025,9,2,2025-10-25T19:30Z,333,Alabama Crimson Tide,ALA,FBS,2579,South Carolina Gamecocks,FBS,away,29,22,17,325,253,24,43,5.9,72,23,3.1,8,16,50,2,3,66.66666666666666666666666667,6,52,2,2,0,27:22,1642
401752751,2025,9,2,2025-10-25T19:30Z,2579,South Carolina Gamecocks,SC,FBS,333,Alabama Crimson Tide,FBS,home,22,29,18,333,222,18,33,6.7,111,37,3.0,6,17,35.29411764705882352941176471,2,2,100,5,40,2,1,1,32:38,1958
401752886,2025,9,2,2025-10-25T23:00Z,275,Wisconsin Badgers,WIS,FBS,2483,Oregon Ducks,FBS,away,7,21,11,196,86,7,21,4.1,110,29,3.8,3,11,27.27272727272727272727272727,2,3,66.66666666666666666666666667,8,67,1,0,1,25:03,1503
401752886,2025,9,2,2025-10-25T23:00Z,2483,Oregon Ducks,ORE,FBS,275,Wisconsin Badgers,FBS,home,21,7,18,335,132,13,19,6.9,203,45,4.5,8,15,53.33333333333333333333333333,0,1,0,9,75,0,0,0,34:57,2097
401754571,2025,9,2,2025-10-25T16:00Z,183,Syracuse Orange,SYR,FBS,59,Georgia Tech Yellow Jackets,FBS,away,16,41,17,381,224,17,29,7.7,157,34,4.6,5,14,35.71428571428571428571428571,2,4,50,7,55,1,1,0,28:20,1700
401754571,2025,9,2,2025-10-25T16:00Z,59,Georgia Tech Yellow Jackets,GT,FBS,183,Syracuse Orange,FBS,home,41,16,27,543,304,25,31,9.8,239,37,6.5,8,12,66.66666666666666666666666667,1,1,100,4,40,1,1,0,31:40,1900
401752750,2025,9,2,2025-10-25T16:00Z,145,Ole Miss Rebels,MISS,FBS,201,Oklahoma Sooners,FBS,away,34,26,21,431,315,24,46,6.8,116,41,2.8,9,21,42.85714285714285714285714286,2,3,66.66666666666666666666666667,6,50,0,0,0,35:36,2136
401752750,2025,9,2,2025-10-25T16:00Z,201,Oklahoma Sooners,OU,FBS,145,Ole Miss Rebels,FBS,home,26,34,14,359,223,17,32,7.0,136,28,4.9,4,14,28.57142857142857142857142857,1,3,33.33333333333333333333333333,8,52,1,1,0,24:24,1464
401754572,2025,9,2,2025-10-25T23:00Z,24,Stanford Cardinal,STAN,FBS,2390,Miami Hurricanes,FBS,away,7,42,8,144,89,12,26,3.4,55,27,2.0,4,14,28.57142857142857142857142857,1,2,50,2,10,2,0,2,23:18,1398
401754572,2025,9,2,2025-10-25T23:00Z,2390,Miami Hurricanes,MIA,FBS,24,Stanford Cardinal,FBS,home,42,7,25,404,205,22,30,6.8,199,44,4.5,8,15,53.33333333333333333333333333,3,5,60,5,30,0,0,0,36:42,2202
401752752,2025,9,2,2025-10-25T19:30Z,142,Missouri Tigers,MIZ,FBS,238,Vanderbilt Commodores,FBS,away,10,17,22,376,206,23,37,5.6,170,41,4.1,5,16,31.25,4,5,80,8,88,1,1,0,36:12,2172
401752752,2025,9,2,2025-10-25T19:30Z,238,Vanderbilt Commodores,VAN,FBS,142,Missouri Tigers,FBS,home,17,10,13,265,129,10,19,6.8,136,26,5.2,3,10,30,0,0,,8,83,1,0,1,23:48,1428
401756931,2025,9,2,2025-10-25T19:30Z,252,BYU Cougars,BYU,FBS,66,Iowa State Cyclones,FBS,away,41,27,17,410,307,22,36,8.5,103,28,3.7,6,15,40,3,3,100,8,57,0,0,0,27:50,1670
401756931,2025,9,2,2025-10-25T19:30Z,66,Iowa State Cyclones,ISU,FBS,252,BYU Cougars,FBS,home,27,41,24,495,311,24,36,8.6,184,34,5.4,5,11,45.45454545454545454545454545,1,3,33.33333333333333333333333333,5,39,4,1,3,32:10,1930
401756933,2025,9,2,2025-10-25T20:00Z,197,Oklahoma State Cowboys,OKST,FBS,2641,Texas Tech Red Raiders,FBS,away,0,42,9,182,87,14,31,2.8,95,32,3.0,5,17,29.41176470588235294117647059,0,2,0,6,48,2,2,0,28:44,1724
401756933,2025,9,2,2025-10-25T20:00Z,2641,Texas Tech Red Raiders,TTU,FBS,197,Oklahoma State Cowboys,FBS,home,42,0,21,370,282,19,29,9.7,88,40,2.2,9,16,56.25,0,1,0,1,9,2,2,0,31:16,1876
401754573,2025,9,2,2025-10-25T16:00Z,258,Virginia Cavaliers,UVA,FBS,153,North Carolina Tar Heels,FBS,away,17,16,16,259,200,20,35,5.7,59,34,1.7,7,18,38.88888888888888888888888889,0,1,0,5,65,1,0,1,27:27,1647
401754573,2025,9,2,2025-10-25T16:00Z,153,North Carolina Tar Heels,UNC,FBS,258,Virginia Cavaliers,FBS,home,16,17,20,353,208,23,36,5.8,145,39,3.7,5,15,33.33333333333333333333333333,1,1,100,6,56,3,1,2,32:33,1953
401752747,2025,9,2,2025-10-25T23:45Z,2633,Tennessee Volunteers,TENN,FBS,96,Kentucky Wildcats,FBS,away,56,34,24,504,396,20,26,15.2,108,33,3.3,4,8,50,1,1,100,6,56,0,0,0,23:57,1437
401752747,2025,9,2,2025-10-25T23:45Z,96,Kentucky Wildcats,UK,FBS,2633,Tennessee Volunteers,FBS,home,34,56,25,476,330,26,36,9.2,146,37,3.9,5,12,41.66666666666666666666666667,1,1,100,8,73,2,1,1,36:03,2163
401762494,2025,9,2,2025-10-25T16:00Z,58,South Florida Bulls,USF,FBS,235,Memphis Tigers,FBS,away,31,34,29,564,269,26,44,6.1,295,38,7.8,12,18,66.66666666666666666666666667,0,2,0,7,74,1,0,1,26:08,1568
401762494,2025,9,2,2025-10-25T16:00Z,235,Memphis Tigers,MEM,FBS,58,South Florida Bulls,FBS,home,34,31,30,450,321,28,45,7.1,129,34,3.8,6,16,37.5,2,2,100,7,60,0,0,0,33:52,2032
401754570,2025,9,2,2025-10-25T23:30Z,103,Boston College Eagles,BC,FBS,97,Louisville Cardinals,FBS,away,24,38,20,360,244,23,46,5.3,116,36,3.2,6,16,37.5,1,4,25,5,40,3,1,2,35:44,2144
401754570,2025,9,2,2025-10-25T23:30Z,97,Louisville Cardinals,LOU,FBS,103,Boston College Eagles,FBS,home,38,24,14,504,187,15,28,6.7,317,31,10.2,3,11,27.27272727272727272727272727,0,0,,6,45,3,2,1,24:16,1456
401756930,2025,9,2,2025-10-25T20:00Z,239,Baylor Bears,BAY,FBS,2132,Cincinnati Bearcats,FBS,away,20,41,17,266,137,18,26,5.3,129,32,4.0,4,12,33.33333333333333333333333333,4,6,66.66666666666666666666666667,3,40,2,2,0,24:54,1494
401756930,2025,9,2,2025-10-25T20:00Z,2132,Cincinnati Bearcats,CIN,FBS,239,Baylor Bears,FBS,home,41,20,26,376,111,13,21,5.3,265,50,5.3,9,14,64.28571428571428571428571429,2,2,100,10,88,0,0,0,35:06,2106
401752749,2025,9,2,2025-10-25T20:15Z,251,Texas Longhorns,TEX,FBS,344,Mississippi State Bulldogs,FBS,away,45,38,22,428,356,30,47,7.6,72,32,2.3,8,20,40,0,0,,9,61,1,0,1,30:01,1801
401752749,2025,9,2,2025-10-25T20:15Z,344,Mississippi State Bulldogs,MSST,FBS,251,Texas Longhorns,FBS,home,38,45,25,445,382,27,43,8.9,63,43,1.5,6,19,31.57894736842105263157894737,1,4,25,8,41,1,1,0,29:59,1799
401752880,2025,9,2,2025-10-25T19:30Z,356,Illinois Fighting Illini,ILL,FBS,264,Washington Huskies,FBS,away,25,42,22,337,199,22,34,5.9,138,29,4.8,9,12,75,0,0,,8,82,2,0,2,30:21,1821
401752880,2025,9,2,2025-10-25T19:30Z,264,Washington Huskies,WASH,FBS,356,Illinois Fighting Illini,FBS,home,42,25,27,449,292,27,34,8.6,157,33,4.8,9,12,75,0,0,,8,89,0,0,0,29:39,1779
401756929,2025,9,2,2025-10-26T00:00Z,248,Houston Cougars,HOU,FBS,9,Arizona State Sun Devils,FBS,away,24,16,22,384,201,17,22,9.1,183,48,3.8,7,15,46.66666666666666666666666667,0,1,0,7,50,0,0,0,37:02,2222
401756929,2025,9,2,2025-10-26T00:00Z,9,Arizona State Sun Devils,ASU,FBS,248,Houston Cougars,FBS,home,16,24,19,426,328,24,46,7.1,98,21,4.7,5,15,33.33333333333333333333333333,2,3,66.66666666666666666666666667,12,76,1,1,0,22:58,1378
401752881,2025,9,2,2025-10-25T23:30Z,130,Michigan Wolverines,MICH,FBS,127,Michigan State Spartans,FBS,away,31,20,20,362,86,8,17,5.1,276,49,5.6,6,15,40,1,1,100,6,61,1,1,0,30:33,1833
401752881,2025,9,2,2025-10-25T23:30Z,127,Michigan State Spartans,MSU,FBS,130,Michigan Wolverines,FBS,home,20,31,18,305,190,19,34,5.6,115,38,3.0,5,16,31.25,1,3,33.33333333333333333333333333,12,105,1,1,0,29:27,1767
401752883,2025,9,2,2025-10-25T16:00Z,77,Northwestern Wildcats,NU,FBS,158,Nebraska Cornhuskers,FBS,away,21,28,18,331,159,15,29,5.5,172,30,5.7,7,14,50,1,2,50,3,29,2,0,2,29:44,1784
401752883,2025,9,2,2025-10-25T16:00Z,158,Nebraska Cornhuskers,NEB,FBS,77,Northwestern Wildcats,FBS,home,28,21,18,296,141,16,22,6.4,155,39,4.0,6,12,50,2,3,66.66666666666666666666666667,4,39,2,1,1,30:16,1816
401752884,2025,9,2,2025-10-25T16:00Z,164,Rutgers Scarlet Knights,RUTG,FBS,2509,Purdue Boilermakers,FBS,away,27,24,22,543,359,19,27,13.3,184,48,3.8,4,14,28.57142857142857142857142857,3,4,75,4,46,1,1,0,36:58,2218
401752884,2025,9,2,2025-10-25T16:00Z,2509,Purdue Boilermakers,PUR,FBS,164,Rutgers Scarlet Knights,FBS,home,24,27,14,345,128,13,23,5.6,217,28,7.8,1,9,11.11111111111111111111111111,2,2,100,0,0,1,1,0,23:02,1382
401752942,2025,9,2,2025-10-25T16:00Z,2567,SMU Mustangs,SMU,FBS,154,Wake Forest Demon Deacons,FBS,away,12,13,8,246,171,21,39,4.4,75,28,2.7,4,17,23.52941176470588235294117647,0,1,0,5,50,3,2,1,27:38,1658
401752942,2025,9,2,2025-10-25T16:00Z,154,Wake Forest Demon Deacons,WAKE,FBS,2567,SMU Mustangs,FBS,home,13,12,17,301,216,18,37,5.8,85,35,2.4,6,18,33.33333333333333333333333333,1,2,50,6,51,5,3,2,32:22,1942
401756932,2025,9,2,2025-10-25T16:00Z,2306,Kansas State Wildcats,KSU,FBS,2305,Kansas Jayhawks,FBS,away,42,17,17,371,231,11,17,13.6,140,36,3.9,3,10,30,2,2,100,3,30,1,1,0,27:20,1640
401756932,2025,9,2,2025-10-25T16:00Z,2305,Kansas Jayhawks,KU,FBS,2306,Kansas State Wildcats,FBS,home,17,42,18,247,137,18,37,3.7,110,40,2.8,6,16,37.5,1,5,20,5,46,4,2,2,32:40,1960
401761635,2025,9,2,2025-10-25T16:00Z,2026,App State Mountaineers,APP,FBS,295,Old Dominion Monarchs,FBS,away,21,24,23,374,301,32,54,5.6,73,18,4.1,4,16,25,4,5,80,7,80,2,0,2,24:41,1481
401761635,2025,9,2,2025-10-25T16:00Z,295,Old Dominion Monarchs,ODU,FBS,2026,App State Mountaineers,FBS,home,24,21,26,459,310,21,35,8.9,149,45,3.3,9,18,50,1,1,100,7,86,1,0,1,35:19,2119
401762846,2025,9,2,2025-10-25T16:00Z,189,Bowling Green Falcons,BGSU,FBS,2309,Kent State Golden Flashes,FBS,away,21,24,22,379,172,14,28,6.1,207,50,4.1,12,18,66.66666666666666666666666667,0,1,0,7,66,0,0,0,36:52,2212
401762846,2025,9,2,2025-10-25T16:00Z,2309,Kent State Golden Flashes,KENT,FBS,189,Bowling Green Falcons,FBS,home,24,21,14,294,172,14,23,7.5,122,28,4.4,4,12,33.33333333333333333333333333,2,2,100,6,50,0,0,0,23:08,1388
401762848,2025,9,2,2025-10-25T16:00Z,195,Ohio Bobcats,OHIO,FBS,2199,Eastern Michigan Eagles,FBS,away,28,21,25,487,315,23,29,10.9,172,45,3.8,6,15,40,2,3,66.66666666666666666666666667,9,52,2,0,2,35:40,2140
401762848,2025,9,2,2025-10-25T16:00Z,2199,Eastern Michigan Eagles,EMU,FBS,195,Ohio Bobcats,FBS,home,21,28,17,371,259,21,30,8.6,112,25,4.5,5,12,41.66666666666666666666666667,0,0,,6,49,1,1,0,24:20,1460
401752746,2025,9,2,2025-10-25T16:45Z,2,Auburn Tigers,AUB,FBS,8,Arkansas Razorbacks,FBS,away,33,24,22,380,150,13,20,7.5,230,50,4.6,3,12,25,2,2,100,4,35,1,0,1,37:40,2260
401752746,2025,9,2,2025-10-25T16:45Z,8,Arkansas Razorbacks,ARK,FBS,2,Auburn Tigers,FBS,home,24,33,14,331,268,14,22,12.2,63,23,2.7,3,8,37.5,0,1,0,3,12,4,1,3,22:20,1340
401762844,2025,9,2,2025-10-25T17:00Z,2006,Akron Zips,AKR,FBS,2084,Buffalo Bulls,FBS,away,24,16,18,325,230,17,32,7.2,95,41,2.3,2,14,14.28571428571428571428571429,1,2,50,7,48,3,2,1,30:22,1822
401762844,2025,9,2,2025-10-25T17:00Z,2084,Buffalo Bulls,BUFF,FBS,2006,Akron Zips,FBS,home,16,24,19,357,266,23,36,7.4,91,34,2.7,2,12,16.66666666666666666666666667,0,2,0,6,70,5,1,4,29:38,1778
401757172,2025,9,2,2025-10-25T19:00Z,41,UConn Huskies,CONN,FBS,242,Rice Owls,FBS,away,34,37,18,449,344,32,48,7.2,105,26,4.0,5,17,29.41176470588235294117647059,1,1,100,2,30,0,0,0,27:32,1652
401757172,2025,9,2,2025-10-25T19:00Z,242,Rice Owls,RICE,FBS,41,UConn Huskies,FBS,home,37,34,20,491,191,17,22,8.7,300,56,5.4,6,18,33.33333333333333333333333333,1,2,50,1,5,0,0,0,32:28,1948
401760400,2025,9,2,2025-10-25T19:00Z,328,Utah State Aggies,USU,FBS,167,New Mexico Lobos,FBS,away,14,33,15,306,164,13,23,7.1,142,25,5.7,4,10,40,0,0,,7,46,1,0,1,21:44,1304
401760400,2025,9,2,2025-10-25T19:00Z,167,New Mexico Lobos,UNM,FBS,328,Utah State Aggies,FBS,home,33,14,21,407,183,17,22,8.3,224,42,5.3,4,12,33.33333333333333333333333333,2,2,100,7,65,0,0,0,38:16,2296
401752882,2025,9,2,2025-10-25T19:30Z,135,Minnesota Golden Gophers,MINN,FBS,2294,Iowa Hawkeyes,FBS,away,3,41,10,133,109,16,28,3.9,24,25,1.0,4,13,30.76923076923076923076923077,0,1,0,2,15,3,0,3,26:50,1610
401752882,2025,9,2,2025-10-25T19:30Z,2294,Iowa Hawkeyes,IOWA,FBS,135,Minnesota Golden Gophers,FBS,home,41,3,13,274,141,13,20,7.1,133,36,3.7,4,12,33.33333333333333333333333333,1,1,100,3,35,0,0,0,33:10,1990
401752952,2025,9,2,2025-10-25T19:30Z,2649,Toledo Rockets,TOL,FBS,265,Washington State Cougars,FBS,away,7,28,15,299,238,26,42,5.7,61,24,2.5,6,16,37.5,1,4,25,8,65,1,0,1,27:27,1647
401752952,2025,9,2,2025-10-25T19:30Z,265,Washington State Cougars,WSU,FBS,2649,Toledo Rockets,FBS,home,28,7,20,321,159,10,22,7.2,162,44,3.7,6,12,50,0,0,,5,45,2,0,2,32:33,1953
401754574,2025,9,2,2025-10-25T19:30Z,152,NC State Wolfpack,NCSU,FBS,221,Pittsburgh Panthers,FBS,away,34,53,15,445,284,25,41,6.9,161,19,8.5,4,13,30.76923076923076923076923077,0,3,0,9,97,1,1,0,25:04,1504
401754574,2025,9,2,2025-10-25T19:30Z,221,Pittsburgh Panthers,PITT,FBS,152,NC State Wolfpack,FBS,home,53,34,29,529,423,28,49,8.6,106,33,3.2,6,14,42.85714285714285714285714286,1,1,100,5,46,1,0,1,34:56,2096
401760399,2025,9,2,2025-10-25T19:30Z,21,San Diego State Aztecs,SDSU,FBS,278,Fresno State Bulldogs,FBS,away,23,0,21,332,124,11,18,6.9,208,46,4.5,4,11,36.36363636363636363636363636,1,1,100,7,49,2,1,1,31:51,1911
401760399,2025,9,2,2025-10-25T19:30Z,278,Fresno State Bulldogs,FRES,FBS,21,San Diego State Aztecs,FBS,home,0,23,14,227,182,20,42,4.3,45,23,2.0,5,16,31.25,0,3,0,6,50,2,0,2,28:09,1689
401761637,2025,9,2,2025-10-25T19:30Z,2433,UL Monroe Warhawks,ULM,FBS,2572,Southern Miss Golden Eagles,FBS,away,21,49,22,312,103,12,26,4.0,209,40,5.2,9,16,56.25,1,1,100,11,78,3,1,2,34:57,2097
401761637,2025,9,2,2025-10-25T19:30Z,2572,Southern Miss Golden Eagles,USM,FBS,2433,UL Monroe Warhawks,FBS,home,49,21,21,445,248,18,23,10.8,197,38,5.2,5,11,45.45454545454545454545454545,2,2,100,4,56,0,0,0,25:03,1503
401762493,2025,9,2,2025-10-25T19:30Z,2226,Florida Atlantic Owls,FAU,FBS,2426,Navy Midshipmen,FBS,away,32,42,23,450,381,34,55,6.9,69,26,2.7,5,18,27.77777777777777777777777778,7,7,100,7,51,3,2,1,26:46,1606
401762493,2025,9,2,2025-10-25T19:30Z,2426,Navy Midshipmen,NAVY,FBS,2226,Florida Atlantic Owls,FBS,home,42,32,26,503,106,9,13,8.2,397,56,7.1,6,11,54.54545454545454545454545455,2,5,40,4,35,1,1,0,33:14,1994
401762495,2025,9,2,2025-10-25T19:30Z,218,Temple Owls,TEM,FBS,202,Tulsa Golden Hurricane,FBS,away,38,37,22,447,267,24,35,7.6,180,34,5.3,3,12,25,2,3,66.66666666666666666666666667,7,87,0,0,0,31:48,1908
401762495,2025,9,2,2025-10-25T19:30Z,202,Tulsa Golden Hurricane,TLSA,FBS,218,Temple Owls,FBS,home,37,38,25,436,296,19,31,9.5,140,44,3.2,7,16,43.75,2,2,100,6,51,1,1,0,28:12,1692
401762845,2025,9,2,2025-10-25T19:30Z,2050,Ball State Cardinals,BALL,FBS,2459,Northern Illinois Huskies,FBS,away,7,21,15,275,136,10,23,5.9,139,43,3.2,6,15,40,1,1,100,4,40,3,1,2,29:30,1770
401762845,2025,9,2,2025-10-25T19:30Z,2459,Northern Illinois Huskies,NIU,FBS,2050,Ball State Cardinals,FBS,home,21,7,17,370,65,6,11,5.9,305,57,5.4,9,16,56.25,1,2,50,4,35,3,2,1,30:30,1830
401762847,2025,9,2,2025-10-25T19:30Z,113,Massachusetts Minutemen,MASS,FBS,2117,Central Michigan Chippewas,FBS,away,13,38,20,292,176,21,51,3.5,116,26,4.5,4,17,23.52941176470588235294117647,1,4,25,7,45,1,0,1,22:07,1327
401762847,2025,9,2,2025-10-25T19:30Z,2117,Central Michigan Chippewas,CMU,FBS,113,Massachusetts Minutemen,FBS,home,38,13,23,502,223,12,13,17.2,279,53,5.3,4,10,40,1,2,50,5,50,1,1,0,37:53,2273
401762874,2025,9,2,2025-10-25T19:30Z,2711,Western Michigan Broncos,WMU,FBS,193,Miami (OH) RedHawks,FBS,away,17,26,17,316,172,16,29,5.9,144,39,3.7,8,17,47.05882352941176470588235294,2,4,50,0,0,1,1,0,29:21,1761
401762874,2025,9,2,2025-10-25T19:30Z,193,Miami (OH) RedHawks,M-OH,FBS,2711,Western Michigan Broncos,FBS,home,26,17,19,408,260,18,30,8.7,148,32,4.6,4,12,33.33333333333333333333333333,0,0,,2,15,0,0,0,30:39,1839
401756935,2025,9,2,2025-10-25T22:00Z,2628,TCU Horned Frogs,TCU,FBS,277,West Virginia Mountaineers,FBS,away,23,17,19,343,247,24,39,6.3,96,33,2.9,6,16,37.5,1,2,50,7,60,0,0,0,34:03,2043
401756935,2025,9,2,2025-10-25T22:00Z,277,West Virginia Mountaineers,WVU,FBS,2628,TCU Horned Frogs,FBS,home,17,23,19,342,301,28,41,7.3,41,32,1.3,3,14,21.42857142857142857142857143,2,7,28.57142857142857142857142857,4,36,0,0,0,25:57,1557
401761636,2025,9,2,2025-10-25T23:00Z,290,Georgia Southern Eagles,GASO,FBS,2032,Arkansas State Red Wolves,FBS,away,24,34,22,336,208,18,25,8.3,128,41,3.1,5,14,35.71428571428571428571428571,0,0,,9,103,0,0,0,31:43,1903
401761636,2025,9,2,2025-10-25T23:00Z,2032,Arkansas State Red Wolves,ARST,FBS,290,Georgia Southern Eagles,FBS,home,34,24,29,482,216,24,37,5.8,266,48,5.5,11,18,61.11111111111111111111111111,1,2,50,9,82,2,1,1,28:17,1697
401761638,2025,9,2,2025-10-25T23:00Z,309,Louisiana Ragin' Cajuns,UL,FBS,2653,Troy Trojans,FBS,away,23,35,18,371,187,12,23,8.1,184,42,4.4,7,15,46.66666666666666666666666667,2,2,100,3,25,3,0,3,29:28,1768
401761638,2025,9,2,2025-10-25T23:00Z,2653,Troy Trojans,TROY,FBS,309,Louisiana Ragin' Cajuns,FBS,home,35,23,21,345,180,16,24,7.5,165,39,4.2,9,13,69.23076923076923076923076923,0,1,0,2,15,1,0,1,30:32,1832
401760398,2025,9,2,2025-10-25T23:30Z,36,Colorado State Rams,CSU,FBS,2751,Wyoming Cowboys,FBS,away,0,28,15,305,211,19,34,6.2,94,27,3.5,4,13,30.76923076923076923076923077,0,2,0,7,69,3,0,3,28:11,1691
401760398,2025,9,2,2025-10-25T23:30Z,2751,Wyoming Cowboys,WYO,FBS,36,Colorado State Rams,FBS,home,28,0,18,372,160,17,25,6.4,212,34,6.2,4,11,36.36363636363636363636363636,1,1,100,7,50,0,0,0,31:49,1909
401756934,2025,9,2,2025-10-26T02:25Z,38,Colorado Buffaloes,COLO,FBS,254,Utah Utes,FBS,away,7,53,12,140,102,13,30,3.4,38,38,1.0,3,16,18.75,0,2,0,2,15,1,0,1,26:22,1582
401756934,2025,9,2,2025-10-26T02:25Z,254,Utah Utes,UTAH,FBS,38,Colorado Buffaloes,FBS,home,53,7,25,587,165,11,25,6.6,422,51,8.3,5,15,33.33333333333333333333333333,1,1,100,8,80,0,0,0,33:38,2018
401757289,2025,10,2,2025-10-29T00:00Z,2638,UTEP Miners,UTEP,FBS,338,Kennesaw State Owls,FBS,away,20,33,17,295,160,14,30,5.3,135,43,3.1,2,16,12.5,5,5,100,7,75,1,1,0,30:57,1857
401757289,2025,10,2,2025-10-29T00:00Z,338,Kennesaw State Owls,KENN,FBS,2638,UTEP Miners,FBS,home,33,20,18,304,154,14,32,4.8,150,39,3.8,3,15,20,1,2,50,4,49,1,0,1,29:03,1743
401761639,2025,10,2,2025-10-29T00:00Z,256,James Madison Dukes,JMU,FBS,326,Texas State Bobcats,FBS,away,52,20,22,511,264,12,19,13.9,247,41,6.0,6,11,54.54545454545454545454545455,0,0,,6,43,1,0,1,32:30,1950
401761639,2025,10,2,2025-10-29T00:00Z,326,Texas State Bobcats,TXST,FBS,256,James Madison Dukes,FBS,home,20,52,20,352,230,18,35,6.6,122,40,3.1,6,15,40,1,2,50,4,20,3,0,3,27:30,1650
401757292,2025,10,2,2025-10-29T23:30Z,55,Jacksonville State Gamecocks,JVST,FBS,2393,Middle Tennessee Blue Raiders,FBS,away,24,21,17,356,215,15,21,10.2,141,49,2.9,8,18,44.44444444444444444444444444,1,2,50,2,25,0,0,0,33:00,1980
401757292,2025,10,2,2025-10-29T23:30Z,2393,Middle Tennessee Blue Raiders,MTSU,FBS,55,Jacksonville State Gamecocks,FBS,home,21,24,18,319,235,23,45,5.2,84,22,3.8,7,16,43.75,0,2,0,4,45,1,0,1,27:00,1620
401757291,2025,10,2,2025-10-30T00:00Z,2229,Florida International Panthers,FIU,FBS,2623,Missouri State Bears,FBS,away,21,28,23,346,231,22,36,6.4,115,35,3.3,6,16,37.5,2,3,66.66666666666666666666666667,8,75,2,2,0,32:01,1921
401757291,2025,10,2,2025-10-30T00:00Z,2623,Missouri State Bears,MOST,FBS,2229,Florida International Panthers,FBS,home,28,21,18,369,163,16,27,6.0,206,37,5.6,8,16,50,0,0,,3,36,1,1,0,27:59,1679
401761640,2025,10,2,2025-10-30T23:30Z,276,Marshall Thundering Herd,MRSH,FBS,324,Coastal Carolina Chanticleers,FBS,away,27,44,22,432,153,21,36,4.3,279,45,6.2,6,16,37.5,1,3,33.33333333333333333333333333,8,70,5,3,2,31:33,1893
401761640,2025,10,2,2025-10-30T23:30Z,324,Coastal Carolina Chanticleers,CCU,FBS,276,Marshall Thundering Herd,FBS,home,44,27,16,410,196,8,21,9.3,214,45,4.8,6,16,37.5,0,0,,4,40,2,1,1,28:27,1707
401762443,2025,10,2,2025-10-30T23:30Z,2655,Tulane Green Wave,TULN,FBS,2636,UTSA Roadrunners,FBS,away,26,48,24,434,299,21,36,8.3,135,25,5.4,6,10,60,0,1,0,6,36,4,1,3,23:05,1385
401762443,2025,10,2,2025-10-30T23:30Z,2636,UTSA Roadrunners,UTSA,FBS,2655,Tulane Green Wave,FBS,home,48,26,28,523,391,32,34,11.5,132,35,3.8,5,11,45.45454545454545454545454545,1,1,100,10,116,0,0,0,36:55,2215
401762497,2025,10,2,2025-10-31T23:00Z,235,Memphis Tigers,MEM,FBS,242,Rice Owls,FBS,away,38,14,19,355,225,18,23,9.8,130,33,3.9,4,10,40,0,0,,5,36,0,0,0,27:38,1658
401762497,2025,10,2,2025-10-31T23:00Z,242,Rice Owls,RICE,FBS,235,Memphis Tigers,FBS,home,14,38,13,212,100,11,17,5.9,112,46,2.4,3,16,18.75,3,4,75,6,78,2,1,1,32:22,1942
401754575,2025,10,2,2025-10-31T23:30Z,153,North Carolina Tar Heels,UNC,FBS,183,Syracuse Orange,FBS,away,27,10,20,426,216,15,19,11.4,210,43,4.9,4,13,30.76923076923076923076923077,2,2,100,6,44,1,1,0,35:29,2129
401754575,2025,10,2,2025-10-31T23:30Z,183,Syracuse Orange,SYR,FBS,153,North Carolina Tar Heels,FBS,home,10,27,12,152,39,4,18,2.2,113,32,3.5,3,12,25,1,2,50,3,25,1,1,0,24:31,1471
401757290,2025,10,2,2025-11-01T00:00Z,2534,Sam Houston Bearkats,SHSU,FBS,2348,Louisiana Tech Bulldogs,FBS,away,14,55,20,503,207,17,40,5.2,296,33,9.0,4,15,26.66666666666666666666666667,1,6,16.66666666666666666666666667,9,65,1,0,1,31:08,1868
401757290,2025,10,2,2025-11-01T00:00Z,2348,Louisiana Tech Bulldogs,LT,FBS,2534,Sam Houston Bearkats,FBS,home,55,14,29,647,221,17,21,10.5,426,39,10.9,4,6,66.66666666666666666666666667,0,0,,5,51,2,1,1,28:52,1732
401752889,2025,10,2,2025-11-01T16:00Z,213,Penn State Nittany Lions,PSU,FBS,194,Ohio State Buckeyes,FBS,away,14,38,15,200,145,19,29,5.0,55,31,1.8,8,15,53.33333333333333333333333333,0,1,0,2,30,1,0,1,29:53,1793
401752889,2025,10,2,2025-11-01T16:00Z,194,Ohio State Buckeyes,OSU,FBS,213,Penn State Nittany Lions,FBS,home,38,14,22,480,316,20,23,13.7,164,32,5.1,6,9,66.66666666666666666666666667,1,1,100,2,30,1,1,0,30:07,1807
401752887,2025,10,2,2025-11-01T19:30Z,84,Indiana Hoosiers,IU,FBS,120,Maryland Terrapins,FBS,away,55,10,28,588,221,16,23,9.6,367,52,7.1,8,13,61.53846153846153846153846154,1,1,100,4,30,1,0,1,40:22,2422
401752887,2025,10,2,2025-11-01T19:30Z,120,Maryland Terrapins,MD,FBS,84,Indiana Hoosiers,FBS,home,10,55,11,293,256,18,33,7.8,37,17,2.2,3,12,25,1,2,50,2,15,5,3,2,19:38,1178
401752755,2025,10,2,2025-11-01T19:30Z,61,Georgia Bulldogs,UGA,FBS,57,Florida Gators,FBS,away,24,20,20,361,223,20,29,7.7,138,39,3.5,7,15,46.66666666666666666666666667,0,0,,7,65,1,0,1,32:25,1945
401752755,2025,10,2,2025-11-01T19:30Z,57,Florida Gators,FLA,FBS,61,Georgia Bulldogs,FBS,home,20,24,16,281,166,15,24,6.9,115,32,3.6,2,11,18.18181818181818181818181818,0,2,0,5,50,0,0,0,27:35,1655
401752756,2025,10,2,2025-11-01T23:00Z,2579,South Carolina Gamecocks,SC,FBS,145,Ole Miss Rebels,FBS,away,14,30,15,230,180,16,30,6.0,50,32,1.6,3,13,23.07692307692307692307692308,1,3,33.33333333333333333333333333,4,20,3,1,2,29:14,1754
401752756,2025,10,2,2025-11-01T23:00Z,145,Ole Miss Rebels,MISS,FBS,2579,South Carolina Gamecocks,FBS,home,30,14,19,417,159,12,21,7.6,258,45,5.7,1,11,9.090909090909090909090909091,3,4,75,5,60,2,1,1,30:46,1846
401754579,2025,10,2,2025-11-01T23:30Z,59,Georgia Tech Yellow Jackets,GT,FBS,152,NC State Wolfpack,FBS,away,36,48,30,559,408,25,37,11.0,151,33,4.6,6,11,54.54545454545454545454545455,0,0,,4,23,1,0,1,28:35,1715
401754579,2025,10,2,2025-11-01T23:30Z,152,NC State Wolfpack,NCSU,FBS,59,Georgia Tech Yellow Jackets,FBS,home,48,36,26,583,340,24,33,10.3,243,34,7.1,7,11,63.63636363636363636363636364,0,0,,7,64,0,0,0,31:25,1885
401752758,2025,10,2,2025-11-01T16:00Z,238,Vanderbilt Commodores,VAN,FBS,251,Texas Longhorns,FBS,away,31,34,25,423,365,27,38,9.6,58,24,2.4,7,13,53.84615384615384615384615385,2,2,100,8,70,1,1,0,30:59,1859
401752758,2025,10,2,2025-11-01T16:00Z,251,Texas Longhorns,TEX,FBS,238,Vanderbilt Commodores,FBS,home,34,31,23,428,328,25,33,9.9,100,27,3.7,7,11,63.63636363636363636363636364,0,0,,9,70,0,0,0,29:01,1741
401754581,2025,10,2,2025-11-01T16:00Z,2390,Miami Hurricanes,MIA,FBS,2567,SMU Mustangs,FBS,away,20,26,23,433,274,26,38,7.2,159,40,4.0,7,16,43.75,0,1,0,12,96,2,0,2,37:42,2262
401754581,2025,10,2,2025-11-01T16:00Z,2567,SMU Mustangs,SMU,FBS,2390,Miami Hurricanes,FBS,home,26,20,20,388,365,29,45,8.1,23,25,0.9,3,13,23.07692307692307692307692308,0,1,0,4,40,1,1,0,22:18,1338
401754583,2025,10,2,2025-11-01T19:30Z,87,Notre Dame Fighting Irish,ND,FBS,103,Boston College Eagles,FBS,away,25,10,22,458,299,18,26,11.5,159,29,5.5,3,10,30,2,4,50,7,67,1,1,0,24:33,1473
401754583,2025,10,2,2025-11-01T19:30Z,103,Boston College Eagles,BC,FBS,87,Notre Dame Fighting Irish,FBS,home,10,25,21,281,269,30,45,6.0,12,33,0.4,8,18,44.44444444444444444444444444,2,4,50,9,80,3,0,3,35:27,2127
401756941,2025,10,2,2025-11-01T19:30Z,2641,Texas Tech Red Raiders,TTU,FBS,2306,Kansas State Wildcats,FBS,away,43,20,18,436,249,21,32,7.8,187,44,4.3,7,17,41.17647058823529411764705882,2,3,66.66666666666666666666666667,4,21,2,1,1,33:24,2004
401756941,2025,10,2,2025-11-01T19:30Z,2306,Kansas State Wildcats,KSU,FBS,2641,Texas Tech Red Raiders,FBS,home,20,43,11,325,199,16,33,6.0,126,30,4.2,7,15,46.66666666666666666666666667,0,4,0,3,20,5,3,2,26:36,1596
401752757,2025,10,2,2025-11-01T23:30Z,201,Oklahoma Sooners,OU,FBS,2633,Tennessee Volunteers,FBS,away,33,27,19,351,159,19,29,5.5,192,35,5.5,4,10,40,0,0,,11,104,2,1,1,30:07,1807
401752757,2025,10,2,2025-11-01T23:30Z,2633,Tennessee Volunteers,TENN,FBS,201,Oklahoma Sooners,FBS,home,27,33,28,456,393,29,45,8.7,63,35,1.8,7,13,53.84615384615384615384615385,0,1,0,3,25,3,1,2,29:53,1793
401754576,2025,10,2,2025-11-01T19:45Z,258,Virginia Cavaliers,UVA,FBS,25,California Golden Bears,FBS,away,31,21,23,456,262,24,36,7.3,194,44,4.4,10,19,52.63157894736842105263157895,0,2,0,5,40,0,0,0,35:26,2126
401754576,2025,10,2,2025-11-01T19:45Z,25,California Golden Bears,CAL,FBS,258,Virginia Cavaliers,FBS,home,21,31,14,263,255,20,32,8.0,8,25,0.3,3,12,25,1,1,100,3,21,2,0,2,24:34,1474
401754580,2025,10,2,2025-11-01T19:00Z,97,Louisville Cardinals,LOU,FBS,259,Virginia Tech Hokies,FBS,away,28,16,18,371,136,19,28,4.9,235,34,6.9,4,11,36.36363636363636363636363636,0,1,0,6,52,1,0,1,30:22,1822
401754580,2025,10,2,2025-11-01T19:00Z,259,Virginia Tech Hokies,VT,FBS,97,Louisville Cardinals,FBS,home,16,28,16,240,76,11,24,3.2,164,40,4.1,4,15,26.66666666666666666666666667,0,2,0,5,46,0,0,0,29:38,1778
401756942,2025,10,2,2025-11-02T02:15Z,2132,Cincinnati Bearcats,CIN,FBS,254,Utah Utes,FBS,away,14,45,18,427,221,11,33,6.7,206,30,6.9,6,14,42.85714285714285714285714286,0,0,,8,60,3,2,1,19:58,1198
401756942,2025,10,2,2025-11-02T02:15Z,254,Utah Utes,UTAH,FBS,2132,Cincinnati Bearcats,FBS,home,45,14,29,480,213,16,31,6.9,267,53,5.0,7,15,46.66666666666666666666666667,2,2,100,5,30,2,1,1,40:02,2402
401752890,2025,10,2,2025-11-01T23:00Z,2509,Purdue Boilermakers,PUR,FBS,130,Michigan Wolverines,FBS,away,16,21,18,276,138,20,26,5.3,138,39,3.5,5,12,41.66666666666666666666666667,1,2,50,4,30,1,1,0,32:55,1975
401752890,2025,10,2,2025-11-01T23:00Z,130,Michigan Wolverines,MICH,FBS,2509,Purdue Boilermakers,FBS,home,21,16,20,398,145,13,22,6.6,253,39,6.5,6,11,54.54545454545454545454545455,0,0,,4,32,2,1,1,27:05,1625
401756938,2025,10,2,2025-11-01T16:00Z,277,West Virginia Mountaineers,WVU,FBS,248,Houston Cougars,FBS,away,45,35,20,403,157,13,22,7.1,246,53,4.6,5,17,29.41176470588235294117647059,4,4,100,8,85,0,0,0,30:29,1829
401756938,2025,10,2,2025-11-01T16:00Z,248,Houston Cougars,HOU,FBS,277,West Virginia Mountaineers,FBS,home,35,45,26,400,318,26,36,8.8,82,31,2.6,5,12,41.66666666666666666666666667,2,2,100,2,15,4,2,2,29:31,1771
401752892,2025,10,2,2025-11-01T23:30Z,30,USC Trojans,USC,FBS,158,Nebraska Cornhuskers,FBS,away,21,17,20,337,135,9,23,5.9,202,38,5.3,6,14,42.85714285714285714285714286,0,1,0,8,49,1,0,1,27:02,1622
401752892,2025,10,2,2025-11-01T23:30Z,158,Nebraska Cornhuskers,NEB,FBS,30,USC Trojans,FBS,home,17,21,20,286,98,15,22,4.5,188,40,4.7,5,12,41.66666666666666666666666667,0,1,0,4,45,1,1,0,32:58,1978
401752891,2025,10,2,2025-11-01T16:00Z,164,Rutgers Scarlet Knights,RUTG,FBS,356,Illinois Fighting Illini,FBS,away,13,35,19,312,253,25,45,5.6,59,27,2.2,6,16,37.5,3,4,75,3,20,0,0,0,27:25,1645
401752891,2025,10,2,2025-11-01T16:00Z,356,Illinois Fighting Illini,ILL,FBS,164,Rutgers Scarlet Knights,FBS,home,35,13,26,445,235,19,31,7.6,210,38,5.5,7,12,58.33333333333333333333333333,3,3,100,2,25,1,0,1,32:35,1955
401754577,2025,10,2,2025-11-01T16:00Z,150,Duke Blue Devils,DUKE,FBS,228,Clemson Tigers,FBS,away,46,45,21,439,361,27,42,8.6,78,22,3.5,3,14,21.42857142857142857142857143,5,5,100,9,62,0,0,0,25:34,1534
401754577,2025,10,2,2025-11-01T16:00Z,228,Clemson Tigers,CLEM,FBS,150,Duke Blue Devils,FBS,home,45,46,28,560,385,27,36,10.7,175,36,4.9,3,10,30,3,3,100,8,87,1,1,0,34:26,2066
401756936,2025,10,2,2025-11-01T16:00Z,2116,UCF Knights,UCF,FBS,239,Baylor Bears,FBS,away,3,30,13,225,151,18,33,4.6,74,23,3.2,1,11,9.090909090909090909090909091,0,3,0,8,50,2,0,2,26:02,1562
401756936,2025,10,2,2025-11-01T16:00Z,239,Baylor Bears,BAY,FBS,2116,UCF Knights,FBS,home,30,3,24,417,267,29,40,6.7,150,39,3.8,8,17,47.05882352941176470588235294,2,3,66.66666666666666666666666667,6,75,1,1,0,33:58,2038
401757173,2025,10,2,2025-11-01T16:00Z,5,UAB Blazers,UAB,FBS,41,UConn Huskies,FBS,away,19,38,23,372,218,24,36,6.1,154,34,4.5,7,14,50,1,4,25,5,57,3,0,3,31:09,1869
401757173,2025,10,2,2025-11-01T16:00Z,41,UConn Huskies,CONN,FBS,5,UAB Blazers,FBS,home,38,19,20,374,267,23,30,8.9,107,31,3.5,8,12,66.66666666666666666666666667,0,1,0,5,55,0,0,0,28:51,1731
401760401,2025,10,2,2025-11-01T16:00Z,349,Army Black Knights,ARMY,FBS,2005,Air Force Falcons,FBS,away,20,17,15,295,102,5,9,11.3,193,45,4.3,5,13,38.46153846153846153846153846,2,3,66.66666666666666666666666667,4,50,0,0,0,25:56,1556
401760401,2025,10,2,2025-11-01T16:00Z,2005,Air Force Falcons,AFA,FBS,349,Army Black Knights,FBS,home,17,20,23,335,161,13,18,8.9,174,50,3.5,8,14,57.14285714285714285714285714,2,2,100,2,20,3,1,2,34:04,2044
401762499,2025,10,2,2025-11-01T16:00Z,2426,Navy Midshipmen,NAVY,FBS,249,North Texas Mean Green,FBS,away,17,31,22,391,80,8,14,5.7,311,44,7.1,6,11,54.54545454545454545454545455,1,2,50,8,55,3,1,2,32:13,1933
401762499,2025,10,2,2025-11-01T16:00Z,249,North Texas Mean Green,UNT,FBS,2426,Navy Midshipmen,FBS,home,31,17,22,424,234,19,24,9.8,190,45,4.2,7,13,53.84615384615384615384615385,1,1,100,4,30,0,0,0,27:47,1667
401762849,2025,10,2,2025-11-01T16:00Z,2084,Buffalo Bulls,BUFF,FBS,189,Bowling Green Falcons,FBS,away,28,3,10,282,136,13,24,5.7,146,27,5.4,3,13,23.07692307692307692307692308,0,1,0,4,35,1,0,1,26:00,1560
401762849,2025,10,2,2025-11-01T16:00Z,189,Bowling Green Falcons,BGSU,FBS,2084,Buffalo Bulls,FBS,home,3,28,15,216,100,11,28,3.6,116,44,2.6,4,16,25,1,4,25,1,15,2,1,1,34:00,2040
401756939,2025,10,2,2025-11-01T17:00Z,9,Arizona State Sun Devils,ASU,FBS,66,Iowa State Cyclones,FBS,away,24,19,20,467,177,13,24,7.4,290,46,6.3,5,15,33.33333333333333333333333333,0,1,0,11,119,3,2,1,32:04,1924
401756939,2025,10,2,2025-11-01T17:00Z,66,Iowa State Cyclones,ISU,FBS,9,Arizona State Sun Devils,FBS,home,19,24,21,336,186,18,37,5.0,150,32,4.7,2,14,14.28571428571428571428571429,1,2,50,7,56,1,0,1,27:56,1676
401762498,2025,10,2,2025-11-01T18:00Z,151,East Carolina Pirates,ECU,FBS,218,Temple Owls,FBS,away,45,14,26,614,256,19,24,10.7,358,51,7.0,6,12,50,2,2,100,5,44,2,1,1,31:27,1887
401762498,2025,10,2,2025-11-01T18:00Z,218,Temple Owls,TEM,FBS,151,East Carolina Pirates,FBS,home,14,45,11,233,151,15,25,6.0,82,30,2.7,3,12,25,0,1,0,2,10,1,0,1,28:33,1713
401760404,2025,10,2,2025-11-01T19:00Z,167,New Mexico Lobos,UNM,FBS,2439,UNLV Rebels,FBS,away,40,35,16,532,401,20,26,15.4,131,29,4.5,3,11,27.27272727272727272727272727,2,2,100,9,75,1,0,1,27:30,1650
401760404,2025,10,2,2025-11-01T19:00Z,2439,UNLV Rebels,UNLV,FBS,167,New Mexico Lobos,FBS,home,35,40,25,470,382,36,47,8.1,88,29,3.0,4,13,30.76923076923076923076923077,2,5,40,2,15,3,3,0,32:30,1950
401752888,2025,10,2,2025-11-01T19:30Z,127,Michigan State Spartans,MSU,FBS,135,Minnesota Golden Gophers,FBS,away,20,23,19,467,311,20,28,11.1,156,41,3.8,5,15,33.33333333333333333333333333,0,1,0,10,96,0,0,0,34:34,2074
401752888,2025,10,2,2025-11-01T19:30Z,135,Minnesota Golden Gophers,MINN,FBS,127,Michigan State Spartans,FBS,home,23,20,18,301,197,26,39,5.1,104,23,4.5,6,15,40,0,0,,2,8,0,0,0,25:26,1526
401754582,2025,10,2,2025-11-01T19:30Z,221,Pittsburgh Panthers,PITT,FBS,24,Stanford Cardinal,FBS,away,35,20,25,466,304,23,38,8.0,162,35,4.6,5,13,38.46153846153846153846153846,2,2,100,10,93,4,2,2,30:30,1830
401754582,2025,10,2,2025-11-01T19:30Z,24,Stanford Cardinal,STAN,FBS,221,Pittsburgh Panthers,FBS,home,20,35,18,326,336,27,44,7.6,-10,27,-0.4,6,15,40,0,3,0,6,84,3,0,3,29:30,1770
401757293,2025,10,2,2025-11-01T19:30Z,48,Delaware Blue Hens,DEL,FBS,2335,Liberty Flames,FBS,away,30,59,18,420,344,29,49,7.0,76,26,2.9,6,17,35.29411764705882352941176471,2,5,40,4,40,1,0,1,28:30,1710
401757293,2025,10,2,2025-11-01T19:30Z,2335,Liberty Flames,LIB,FBS,48,Delaware Blue Hens,FBS,home,59,30,25,561,279,16,23,12.1,282,41,6.9,6,10,60,1,1,100,1,15,0,0,0,31:30,1890
401757294,2025,10,2,2025-11-01T19:30Z,166,New Mexico State Aggies,NMSU,FBS,98,Western Kentucky Hilltoppers,FBS,away,16,35,14,178,112,13,40,2.8,66,26,2.5,5,18,27.77777777777777777777777778,0,2,0,7,50,1,0,1,26:14,1574
401757294,2025,10,2,2025-11-01T19:30Z,98,Western Kentucky Hilltoppers,WKU,FBS,166,New Mexico State Aggies,FBS,home,35,16,24,429,301,30,41,7.3,128,38,3.4,7,16,43.75,0,2,0,5,45,2,1,1,33:46,2026
401760402,2025,10,2,2025-11-01T19:30Z,278,Fresno State Bulldogs,FRES,FBS,68,Boise State Broncos,FBS,away,30,7,15,224,35,10,21,1.7,189,47,4.0,5,16,31.25,0,0,,9,56,0,0,0,33:14,1994
401760402,2025,10,2,2025-11-01T19:30Z,68,Boise State Broncos,BOIS,FBS,278,Fresno State Bulldogs,FBS,home,7,30,11,193,102,15,33,3.1,91,29,3.1,4,15,26.66666666666666666666666667,1,3,33.33333333333333333333333333,9,94,3,1,2,26:46,1606
401761641,2025,10,2,2025-11-01T19:30Z,295,Old Dominion Monarchs,ODU,FBS,2433,UL Monroe Warhawks,FBS,away,31,6,20,391,231,12,23,10.0,160,44,3.6,4,13,30.76923076923076923076923077,0,2,0,9,68,1,1,0,26:17,1577
401761641,2025,10,2,2025-11-01T19:30Z,2433,UL Monroe Warhawks,ULM,FBS,295,Old Dominion Monarchs,FBS,home,6,31,11,293,161,13,21,7.7,132,47,2.8,0,13,0,2,7,28.57142857142857142857142857,11,77,2,1,1,33:43,2023
401761642,2025,10,2,2025-11-01T19:30Z,309,Louisiana Ragin' Cajuns,UL,FBS,6,South Alabama Jaguars,FBS,away,31,22,22,393,232,14,17,13.6,161,46,3.5,7,13,53.84615384615384615384615385,0,0,,8,65,0,0,0,32:54,1974
401761642,2025,10,2,2025-11-01T19:30Z,6,South Alabama Jaguars,USA,FBS,309,Louisiana Ragin' Cajuns,FBS,home,22,31,20,368,203,20,33,6.2,165,36,4.6,8,15,53.33333333333333333333333333,2,4,50,6,52,1,0,1,27:06,1626
401752753,2025,10,2,2025-11-01T20:00Z,344,Mississippi State Bulldogs,MSST,FBS,8,Arkansas Razorbacks,FBS,away,38,35,25,388,282,18,33,8.5,106,38,2.8,6,14,42.85714285714285714285714286,3,4,75,4,30,1,0,1,25:39,1539
401752753,2025,10,2,2025-11-01T20:00Z,8,Arkansas Razorbacks,ARK,FBS,344,Mississippi State Bulldogs,FBS,home,35,38,25,433,194,19,31,6.3,239,46,5.2,7,16,43.75,2,3,66.66666666666666666666666667,18,193,0,0,0,34:21,2061
401756940,2025,10,2,2025-11-01T20:00Z,197,Oklahoma State Cowboys,OKST,FBS,2305,Kansas Jayhawks,FBS,away,21,38,19,316,244,24,31,7.9,72,31,2.3,8,14,57.14285714285714285714285714,2,3,66.66666666666666666666666667,1,5,0,0,0,29:22,1762
401756940,2025,10,2,2025-11-01T20:00Z,2305,Kansas Jayhawks,KU,FBS,197,Oklahoma State Cowboys,FBS,home,38,21,18,342,110,13,19,5.8,232,39,5.9,6,10,60,3,3,100,2,30,0,0,0,30:38,1838
401762850,2025,10,2,2025-11-01T20:00Z,2117,Central Michigan Chippewas,CMU,FBS,2711,Western Michigan Broncos,FBS,away,21,24,13,240,185,9,12,15.4,55,35,1.6,5,11,45.45454545454545454545454545,1,1,100,6,60,2,1,1,26:18,1578
401762850,2025,10,2,2025-11-01T20:00Z,2711,Western Michigan Broncos,WMU,FBS,2117,Central Michigan Chippewas,FBS,home,24,21,23,327,150,17,24,6.3,177,44,4.0,5,13,38.46153846153846153846153846,2,3,66.66666666666666666666666667,7,59,1,1,0,33:42,2022
401756937,2025,10,2,2025-11-01T23:00Z,12,Arizona Wildcats,ARIZ,FBS,38,Colorado Buffaloes,FBS,away,52,17,16,417,213,11,25,8.5,204,38,5.4,5,13,38.46153846153846153846153846,1,3,33.33333333333333333333333333,8,70,2,2,0,25:51,1551
401756937,2025,10,2,2025-11-01T23:00Z,38,Colorado Buffaloes,COLO,FBS,12,Arizona Wildcats,FBS,home,17,52,16,299,170,20,35,4.9,129,42,3.1,7,18,38.88888888888888888888888889,1,3,33.33333333333333333333333333,14,110,5,2,3,34:09,2049
401760405,2025,10,2,2025-11-01T23:00Z,2751,Wyoming Cowboys,WYO,FBS,21,San Diego State Aztecs,FBS,away,7,24,9,185,96,13,27,3.6,89,35,2.5,6,16,37.5,0,1,0,6,41,4,1,3,29:33,1773
401760405,2025,10,2,2025-11-01T23:00Z,21,San Diego State Aztecs,SDSU,FBS,2751,Wyoming Cowboys,FBS,home,24,7,15,390,194,11,22,8.8,196,40,4.9,2,12,16.66666666666666666666666667,0,0,,8,78,2,0,2,30:27,1827
401752754,2025,10,2,2025-11-01T23:30Z,96,Kentucky Wildcats,UK,FBS,2,Auburn Tigers,FBS,away,10,3,16,240,161,18,29,5.6,79,32,2.5,6,13,46.15384615384615384615384615,0,0,,3,20,2,0,2,31:46,1906
401752754,2025,10,2,2025-11-01T23:30Z,2,Auburn Tigers,AUB,FBS,96,Kentucky Wildcats,FBS,home,3,10,17,241,123,15,31,4.0,118,40,3.0,6,16,37.5,1,3,33.33333333333333333333333333,4,26,2,1,1,28:14,1694
401752943,2025,10,2,2025-11-01T23:30Z,265,Washington State Cougars,WSU,FBS,204,Oregon State Beavers,FBS,away,7,10,16,271,146,13,24,6.1,125,35,3.6,2,13,15.38461538461538461538461538,0,1,0,10,90,2,0,2,28:48,1728
401752943,2025,10,2,2025-11-01T23:30Z,204,Oregon State Beavers,ORST,FBS,265,Washington State Cougars,FBS,home,10,7,15,184,60,12,18,3.3,124,41,3.0,1,12,8.333333333333333333333333333,0,0,,4,45,0,0,0,31:12,1872
401754578,2025,10,2,2025-11-01T23:30Z,154,Wake Forest Demon Deacons,WAKE,FBS,52,Florida State Seminoles,FBS,away,7,42,19,247,162,18,31,5.2,85,40,2.1,6,16,37.5,2,3,66.66666666666666666666666667,11,93,2,1,1,34:24,2064
401754578,2025,10,2,2025-11-01T23:30Z,52,Florida State Seminoles,FSU,FBS,154,Wake Forest Demon Deacons,FBS,home,42,7,18,421,271,12,17,15.9,150,40,3.8,7,11,63.63636363636363636363636364,0,2,0,4,45,1,1,0,25:36,1536
401761643,2025,10,2,2025-11-02T00:00Z,2032,Arkansas State Red Wolves,ARST,FBS,2653,Troy Trojans,FBS,away,23,10,16,297,247,21,29,8.5,50,33,1.5,4,13,30.76923076923076923076923077,1,1,100,7,60,2,2,0,28:25,1705
401761643,2025,10,2,2025-11-02T00:00Z,2653,Troy Trojans,TROY,FBS,2032,Arkansas State Red Wolves,FBS,home,10,23,11,187,166,19,34,4.9,21,34,0.6,5,17,29.41176470588235294117647059,2,5,40,7,76,2,1,1,31:35,1895
401760403,2025,10,2,2025-11-02T02:30Z,62,Hawai'i Rainbow Warriors,HAW,FBS,23,San José State Spartans,FBS,away,38,45,22,496,401,32,47,8.5,95,25,3.8,9,14,64.28571428571428571428571429,0,0,,11,80,1,1,0,33:10,1990
401760403,2025,10,2,2025-11-02T02:30Z,23,San José State Spartans,SJSU,FBS,62,Hawai'i Rainbow Warriors,FBS,home,45,38,26,630,458,20,40,11.5,172,28,6.1,5,10,50,0,2,0,6,48,0,0,0,26:50,1610
401762851,2025,11,2,2025-11-05T00:00Z,113,Massachusetts Minutemen,MASS,FBS,2006,Akron Zips,FBS,away,10,44,14,169,92,16,28,3.3,77,27,2.9,2,12,16.66666666666666666666666667,1,2,50,6,60,3,3,0,24:47,1487
401762851,2025,11,2,2025-11-05T00:00Z,2006,Akron Zips,AKR,FBS,113,Massachusetts Minutemen,FBS,home,44,10,25,467,230,14,22,10.5,237,46,5.2,6,11,54.54545454545454545454545455,0,0,,7,74,1,1,0,35:13,2113
401762852,2025,11,2,2025-11-05T00:00Z,193,Miami (OH) RedHawks,M-OH,FBS,195,Ohio Bobcats,FBS,away,20,24,16,303,194,17,25,7.8,109,31,3.5,4,13,30.76923076923076923076923077,2,2,100,6,49,1,0,1,32:50,1970
401762852,2025,11,2,2025-11-05T00:00Z,195,Ohio Bobcats,OHIO,FBS,193,Miami (OH) RedHawks,FBS,home,24,20,19,338,201,16,31,6.5,137,31,4.4,6,12,50,0,0,,5,41,2,1,1,27:10,1630
401762853,2025,11,2,2025-11-06T00:00Z,2309,Kent State Golden Flashes,KENT,FBS,2050,Ball State Cardinals,FBS,away,13,17,14,301,212,15,28,7.6,89,33,2.7,3,13,23.07692307692307692307692308,1,5,20,10,78,1,0,1,27:42,1662
401762853,2025,11,2,2025-11-06T00:00Z,2050,Ball State Cardinals,BALL,FBS,2309,Kent State Golden Flashes,FBS,home,17,13,14,238,173,17,29,6.0,65,33,2.0,5,17,29.41176470588235294117647059,1,1,100,4,40,0,0,0,32:18,1938
401762854,2025,11,2,2025-11-06T00:00Z,2459,Northern Illinois Huskies,NIU,FBS,2649,Toledo Rockets,FBS,away,3,42,13,203,141,11,29,4.9,62,36,1.7,2,16,12.5,2,3,66.66666666666666666666666667,7,60,0,0,0,29:42,1782
401762854,2025,11,2,2025-11-06T00:00Z,2649,Toledo Rockets,TOL,FBS,2459,Northern Illinois Huskies,FBS,home,42,3,23,443,309,25,33,9.4,134,29,4.6,9,14,64.28571428571428571428571429,0,0,,10,92,0,0,0,30:18,1818
401761644,2025,11,2,2025-11-07T00:30Z,290,Georgia Southern Eagles,GASO,FBS,2026,App State Mountaineers,FBS,away,25,23,25,494,352,25,37,9.5,142,38,3.7,6,15,40,1,1,100,6,40,0,0,0,32:20,1940
401761644,2025,11,2,2025-11-07T00:30Z,2026,App State Mountaineers,APP,FBS,290,Georgia Southern Eagles,FBS,home,23,25,23,425,348,34,51,6.8,77,23,3.3,4,14,28.57142857142857142857142857,4,6,66.66666666666666666666666667,6,65,1,0,1,27:40,1660
401762500,2025,11,2,2025-11-07T00:30Z,2636,UTSA Roadrunners,UTSA,FBS,58,South Florida Bulls,FBS,away,23,55,25,381,309,29,44,7.0,72,38,1.9,7,18,38.88888888888888888888888889,2,2,100,10,70,2,1,1,39:47,2387
401762500,2025,11,2,2025-11-07T00:30Z,58,South Florida Bulls,USF,FBS,2636,UTSA Roadrunners,FBS,home,55,23,20,471,233,16,18,12.9,238,32,7.4,2,8,25,0,0,,5,56,1,1,0,20:13,1213
401752896,2025,11,2,2025-11-08T02:00Z,77,Northwestern Wildcats,NU,FBS,30,USC Trojans,FBS,away,17,38,13,280,150,20,30,5.0,130,25,5.2,4,12,33.33333333333333333333333333,1,2,50,2,26,2,2,0,27:24,1644
401752896,2025,11,2,2025-11-08T02:00Z,30,USC Trojans,USC,FBS,77,Northwestern Wildcats,FBS,home,38,17,24,482,309,25,34,9.1,173,30,5.8,6,11,54.54545454545454545454545455,2,2,100,4,30,1,0,1,32:36,1956
401756946,2025,11,2,2025-11-08T01:15Z,248,Houston Cougars,HOU,FBS,2116,UCF Knights,FBS,away,30,27,26,433,223,20,31,7.2,210,49,4.3,8,16,50,1,3,33.33333333333333333333333333,3,25,4,1,3,34:38,2078
401756946,2025,11,2,2025-11-08T01:15Z,2116,UCF Knights,UCF,FBS,248,Houston Cougars,FBS,home,27,30,14,282,136,15,30,4.5,146,30,4.9,5,15,33.33333333333333333333333333,0,0,,9,75,2,0,2,25:22,1522
401762501,2025,11,2,2025-11-08T02:10Z,2655,Tulane Green Wave,TULN,FBS,235,Memphis Tigers,FBS,away,38,32,17,457,332,16,24,13.8,125,32,3.9,4,11,36.36363636363636363636363636,0,0,,10,74,0,0,0,25:32,1532
401762501,2025,11,2,2025-11-08T02:10Z,235,Memphis Tigers,MEM,FBS,2655,Tulane Green Wave,FBS,home,32,38,23,435,368,33,40,9.2,67,29,2.3,6,13,46.15384615384615384615384615,1,2,50,7,51,1,0,1,34:28,2068
401752897,2025,11,2,2025-11-08T18:00Z,194,Ohio State Buckeyes,OSU,FBS,2509,Purdue Boilermakers,FBS,away,34,10,30,473,303,27,33,9.2,170,43,4.0,9,13,69.23076923076923076923076923,0,0,,6,63,1,0,1,40:53,2453
401752897,2025,11,2,2025-11-08T18:00Z,2509,Purdue Boilermakers,PUR,FBS,194,Ohio State Buckeyes,FBS,home,10,34,13,186,94,13,22,4.3,92,22,4.2,3,9,33.33333333333333333333333333,0,0,,2,13,1,0,1,19:07,1147
401752893,2025,11,2,2025-11-08T17:00Z,84,Indiana Hoosiers,IU,FBS,213,Penn State Nittany Lions,FBS,away,27,24,20,326,218,19,31,7.0,108,31,3.5,5,12,41.66666666666666666666666667,1,1,100,5,21,1,0,1,30:37,1837
401752893,2025,11,2,2025-11-08T17:00Z,213,Penn State Nittany Lions,PSU,FBS,84,Indiana Hoosiers,FBS,home,24,27,17,336,219,22,31,7.1,117,33,3.5,8,15,53.33333333333333333333333333,1,1,100,5,37,2,1,1,29:23,1763
401752763,2025,11,2,2025-11-08T20:30Z,245,Texas A&M Aggies,TA&M,FBS,142,Missouri Tigers,FBS,away,38,17,21,464,221,20,29,7.6,243,39,6.2,7,14,50,1,2,50,8,65,1,1,0,35:46,2146
401752763,2025,11,2,2025-11-08T20:30Z,142,Missouri Tigers,MIZ,FBS,245,Texas A&M Aggies,FBS,home,17,38,17,284,77,7,22,3.5,207,34,6.1,5,13,38.46153846153846153846153846,0,1,0,4,38,2,2,0,24:14,1454
401752759,2025,11,2,2025-11-09T00:30Z,99,LSU Tigers,LSU,FBS,333,Alabama Crimson Tide,FBS,away,9,20,13,232,173,23,32,5.4,59,26,2.3,5,14,35.71428571428571428571428571,0,0,,10,74,2,2,0,31:49,1909
401752759,2025,11,2,2025-11-09T00:30Z,333,Alabama Crimson Tide,ALA,FBS,99,LSU Tigers,FBS,home,20,9,17,344,288,22,36,8.0,56,26,2.2,4,13,30.76923076923076923076923077,1,2,50,2,30,1,1,0,28:11,1691
401752762,2025,11,2,2025-11-08T17:00Z,61,Georgia Bulldogs,UGA,FBS,344,Mississippi State Bulldogs,FBS,away,41,21,30,567,264,18,30,8.8,303,44,6.9,7,12,58.33333333333333333333333333,0,0,,6,50,1,1,0,33:07,1987
401752762,2025,11,2,2025-11-08T17:00Z,344,Mississippi State Bulldogs,MSST,FBS,61,Georgia Bulldogs,FBS,home,21,41,18,322,173,16,25,6.9,149,43,3.5,8,16,50,1,2,50,5,35,1,1,0,26:53,1613
401752761,2025,11,2,2025-11-08T18:00Z,2643,The Citadel Bulldogs,CIT,FCS,145,Ole Miss Rebels,FBS,away,0,49,5,106,23,3,8,2.9,83,42,2.0,4,15,26.66666666666666666666666667,0,1,0,5,52,0,0,0,32:04,1924
401752761,2025,11,2,2025-11-08T18:00Z,145,Ole Miss Rebels,MISS,FBS,2643,The Citadel Bulldogs,FCS,home,49,0,35,603,452,37,46,9.8,151,35,4.3,7,12,58.33333333333333333333333333,1,3,33.33333333333333333333333333,3,24,1,0,1,27:56,1676
401756945,2025,11,2,2025-11-08T17:00Z,252,BYU Cougars,BYU,FBS,2641,Texas Tech Red Raiders,FBS,away,7,29,14,255,188,23,38,4.9,67,27,2.5,3,14,21.42857142857142857142857143,1,3,33.33333333333333333333333333,5,37,3,2,1,30:35,1835
401756945,2025,11,2,2025-11-08T17:00Z,2641,Texas Tech Red Raiders,TTU,FBS,252,BYU Cougars,FBS,home,29,7,17,368,219,17,32,6.8,149,43,3.5,7,18,38.88888888888888888888888889,0,1,0,6,50,0,0,0,29:25,1765
401752898,2025,11,2,2025-11-08T20:30Z,2483,Oregon Ducks,ORE,FBS,2294,Iowa Hawkeyes,FBS,away,18,16,19,373,112,13,21,5.3,261,36,7.3,3,10,30,0,0,,5,57,1,0,1,26:40,1600
401752898,2025,11,2,2025-11-08T20:30Z,2294,Iowa Hawkeyes,IOWA,FBS,2483,Oregon Ducks,FBS,home,16,18,18,239,138,10,18,7.7,101,43,2.3,5,13,38.46153846153846153846153846,3,4,75,1,0,2,2,0,33:20,2000
401757166,2025,11,2,2025-11-09T00:30Z,2426,Navy Midshipmen,NAVY,FBS,87,Notre Dame Fighting Irish,FBS,away,10,49,13,228,22,3,10,2.2,206,45,4.6,3,11,27.27272727272727272727272727,0,1,0,6,57,0,0,0,29:23,1763
401757166,2025,11,2,2025-11-09T00:30Z,87,Notre Dame Fighting Irish,ND,FBS,2426,Navy Midshipmen,FBS,home,49,10,23,502,253,16,19,13.3,249,38,6.6,7,10,70,2,2,100,0,0,0,0,0,30:37,1837
401754589,2025,11,2,2025-11-09T00:00Z,154,Wake Forest Demon Deacons,WAKE,FBS,258,Virginia Cavaliers,FBS,away,16,9,12,203,64,9,23,2.8,139,41,3.4,5,17,29.41176470588235294117647059,1,3,33.33333333333333333333333333,5,52,0,0,0,31:42,1902
401754589,2025,11,2,2025-11-09T00:00Z,258,Virginia Cavaliers,UVA,FBS,154,Wake Forest Demon Deacons,FBS,home,9,16,14,327,164,21,34,4.8,163,30,5.4,3,14,21.42857142857142857142857143,1,3,33.33333333333333333333333333,3,15,3,3,0,28:18,1698
401754585,2025,11,2,2025-11-09T00:00Z,25,California Golden Bears,CAL,FBS,97,Louisville Cardinals,FBS,away,29,26,21,427,350,31,49,7.1,77,25,3.1,8,18,44.44444444444444444444444444,1,1,100,8,60,0,0,0,29:52,1792
401754585,2025,11,2,2025-11-09T00:00Z,97,Louisville Cardinals,LOU,FBS,25,California Golden Bears,FBS,home,26,29,16,351,203,20,39,5.2,148,30,4.9,6,17,35.29411764705882352941176471,1,2,50,4,45,1,0,1,30:08,1808
401752764,2025,11,2,2025-11-08T21:00Z,2,Auburn Tigers,AUB,FBS,238,Vanderbilt Commodores,FBS,away,38,45,34,563,353,31,46,7.7,210,36,5.8,6,13,46.15384615384615384615384615,0,1,0,12,91,0,0,0,29:00,1740
401752764,2025,11,2,2025-11-08T21:00Z,238,Vanderbilt Commodores,VAN,FBS,2,Auburn Tigers,FBS,home,45,38,30,544,377,25,33,11.4,167,36,4.6,7,12,58.33333333333333333333333333,1,2,50,3,21,1,1,0,31:00,1860
401754587,2025,11,2,2025-11-08T20:30Z,183,Syracuse Orange,SYR,FBS,2390,Miami Hurricanes,FBS,away,10,38,20,285,124,15,28,4.4,161,43,3.7,6,15,40,0,1,0,8,65,3,1,2,29:37,1777
401754587,2025,11,2,2025-11-08T20:30Z,2390,Miami Hurricanes,MIA,FBS,183,Syracuse Orange,FBS,home,38,10,20,384,261,19,25,10.4,123,32,3.8,2,9,22.22222222222222222222222222,0,0,,5,54,0,0,0,30:23,1823
401752899,2025,11,2,2025-11-08T21:30Z,264,Washington Huskies,WASH,FBS,275,Wisconsin Badgers,FBS,away,10,13,15,250,134,20,32,4.2,116,36,3.2,5,16,31.25,1,3,33.33333333333333333333333333,8,53,2,1,1,28:38,1718
401752899,2025,11,2,2025-11-08T21:30Z,275,Wisconsin Badgers,WIS,FBS,264,Washington Huskies,FBS,home,13,10,12,205,48,6,18,2.7,157,47,3.3,2,14,14.28571428571428571428571429,2,3,66.66666666666666666666666667,3,25,0,0,0,31:22,1882
401754584,2025,11,2,2025-11-08T17:00Z,2567,SMU Mustangs,SMU,FBS,103,Boston College Eagles,FBS,away,45,13,22,574,352,19,35,10.1,222,31,7.2,8,14,57.14285714285714285714285714,0,0,,13,155,1,0,1,27:02,1622
401754584,2025,11,2,2025-11-08T17:00Z,103,Boston College Eagles,BC,FBS,2567,SMU Mustangs,FBS,home,13,45,25,390,284,29,45,6.3,106,40,2.7,2,15,13.33333333333333333333333333,4,7,57.14285714285714285714285714,4,25,4,2,2,32:58,1978
401756947,2025,11,2,2025-11-08T17:00Z,38,Colorado Buffaloes,COLO,FBS,277,West Virginia Mountaineers,FBS,away,22,29,19,350,299,22,35,8.5,51,38,1.3,5,17,29.41176470588235294117647059,1,2,50,6,60,1,1,0,29:24,1764
401756947,2025,11,2,2025-11-08T17:00Z,277,West Virginia Mountaineers,WVU,FBS,38,Colorado Buffaloes,FBS,home,29,22,21,369,202,17,28,7.2,167,53,3.2,7,17,41.17647058823529411764705882,3,4,75,3,36,3,1,2,30:36,1836
401761646,2025,11,2,2025-11-08T17:00Z,256,James Madison Dukes,JMU,FBS,276,Marshall Thundering Herd,FBS,away,35,23,20,409,270,14,24,11.3,139,35,4.0,5,12,41.66666666666666666666666667,0,0,,3,32,1,0,1,28:03,1683
401761646,2025,11,2,2025-11-08T17:00Z,276,Marshall Thundering Herd,MRSH,FBS,256,James Madison Dukes,FBS,home,23,35,25,414,166,17,36,4.6,248,50,5.0,6,17,35.29411764705882352941176471,2,4,50,6,55,0,0,0,31:57,1917
401761647,2025,11,2,2025-11-08T17:00Z,2572,Southern Miss Golden Eagles,USM,FBS,2032,Arkansas State Red Wolves,FBS,away,27,21,22,528,356,24,35,10.2,172,42,4.1,7,17,41.17647058823529411764705882,0,1,0,12,100,2,0,2,29:45,1785
401761647,2025,11,2,2025-11-08T17:00Z,2032,Arkansas State Red Wolves,ARST,FBS,2572,Southern Miss Golden Eagles,FBS,home,21,27,28,456,337,38,53,6.4,119,34,3.5,9,15,60,0,0,,2,10,6,1,5,30:15,1815
401762503,2025,11,2,2025-11-08T17:00Z,218,Temple Owls,TEM,FBS,349,Army Black Knights,FBS,away,13,14,16,268,157,15,25,6.3,111,21,5.3,2,8,25,2,2,100,5,37,0,0,0,22:22,1342
401762503,2025,11,2,2025-11-08T17:00Z,349,Army Black Knights,ARMY,FBS,218,Temple Owls,FBS,home,14,13,20,250,26,1,3,8.7,224,63,3.6,7,14,50,4,5,80,3,15,0,0,0,37:38,2258
401757299,2025,11,2,2025-11-08T18:00Z,2623,Missouri State Bears,MOST,FBS,2335,Liberty Flames,FBS,away,21,17,20,332,286,20,33,8.7,46,24,1.9,4,11,36.36363636363636363636363636,0,0,,5,22,1,1,0,26:35,1595
401757299,2025,11,2,2025-11-08T18:00Z,2335,Liberty Flames,LIB,FBS,2623,Missouri State Bears,FBS,home,17,21,21,398,196,18,35,5.6,202,43,4.7,8,18,44.44444444444444444444444444,0,0,,7,77,2,1,1,33:25,2005
401762855,2025,11,2,2025-11-08T18:00Z,189,Bowling Green Falcons,BGSU,FBS,2199,Eastern Michigan Eagles,FBS,away,21,27,14,259,129,11,16,8.1,130,35,3.7,4,11,36.36363636363636363636363636,0,0,,9,103,1,0,1,26:15,1575
401762855,2025,11,2,2025-11-08T18:00Z,2199,Eastern Michigan Eagles,EMU,FBS,189,Bowling Green Falcons,FBS,home,27,21,25,385,210,22,40,5.3,175,35,5.0,8,17,47.05882352941176470588235294,1,2,50,7,65,0,0,0,33:45,2025
401762502,2025,11,2,2025-11-08T19:00Z,5,UAB Blazers,UAB,FBS,242,Rice Owls,FBS,away,17,24,18,315,213,18,34,6.3,102,29,3.5,5,14,35.71428571428571428571428571,0,3,0,11,95,0,0,0,25:09,1509
401762502,2025,11,2,2025-11-08T19:00Z,242,Rice Owls,RICE,FBS,5,UAB Blazers,FBS,home,24,17,18,232,41,11,15,2.7,191,57,3.4,5,17,29.41176470588235294117647059,4,5,80,3,22,1,1,0,34:51,2091
401752894,2025,11,2,2025-11-08T19:30Z,120,Maryland Terrapins,MD,FBS,164,Rutgers Scarlet Knights,FBS,away,20,35,14,403,98,15,28,3.5,305,29,10.5,4,12,33.33333333333333333333333333,1,3,33.33333333333333333333333333,5,45,1,0,1,25:02,1502
401752894,2025,11,2,2025-11-08T19:30Z,164,Rutgers Scarlet Knights,RUTG,FBS,120,Maryland Terrapins,FBS,home,35,20,25,485,229,13,20,11.5,256,49,5.2,8,12,66.66666666666666666666666667,1,2,50,1,5,2,0,2,34:58,2098
401757295,2025,11,2,2025-11-08T20:00Z,2348,Louisiana Tech Bulldogs,LT,FBS,48,Delaware Blue Hens,FBS,away,24,25,22,333,202,18,25,8.1,131,34,3.9,4,11,36.36363636363636363636363636,1,1,100,9,98,1,0,1,30:03,1803
401757295,2025,11,2,2025-11-08T20:00Z,48,Delaware Blue Hens,DEL,FBS,2348,Louisiana Tech Bulldogs,FBS,home,25,24,21,399,304,26,52,5.8,95,24,4.0,4,15,26.66666666666666666666666667,0,1,0,12,114,2,0,2,29:57,1797
401757296,2025,11,2,2025-11-08T20:00Z,2229,Florida International Panthers,FIU,FBS,2393,Middle Tennessee Blue Raiders,FBS,away,56,30,22,401,257,17,28,9.2,144,38,3.8,5,12,41.66666666666666666666666667,1,1,100,6,61,2,0,2,28:27,1707
401757296,2025,11,2,2025-11-08T20:00Z,2393,Middle Tennessee Blue Raiders,MTSU,FBS,2229,Florida International Panthers,FBS,home,30,56,18,364,331,33,54,6.1,33,24,1.4,5,17,29.41176470588235294117647059,2,5,40,8,83,3,2,1,31:33,1893
401757297,2025,11,2,2025-11-08T20:00Z,55,Jacksonville State Gamecocks,JVST,FBS,2638,UTEP Miners,FBS,away,30,27,23,456,181,15,31,5.8,275,39,7.1,4,12,33.33333333333333333333333333,0,1,0,11,66,1,0,1,30:27,1827
401757297,2025,11,2,2025-11-08T20:00Z,2638,UTEP Miners,UTEP,FBS,55,Jacksonville State Gamecocks,FBS,home,27,30,20,370,244,16,32,7.6,126,37,3.4,2,13,15.38461538461538461538461538,5,7,71.42857142857142857142857143,5,50,1,0,1,29:33,1773
401762504,2025,11,2,2025-11-08T20:00Z,2429,Charlotte 49ers,CLT,FBS,151,East Carolina Pirates,FBS,away,22,48,13,324,284,21,36,7.9,40,28,1.4,4,14,28.57142857142857142857142857,1,5,20,6,52,2,1,1,25:58,1558
401762504,2025,11,2,2025-11-08T20:00Z,151,East Carolina Pirates,ECU,FBS,2429,Charlotte 49ers,FBS,home,48,22,29,407,224,26,44,5.1,183,44,4.2,6,16,37.5,2,4,50,1,15,1,1,0,34:02,2042
401762505,2025,11,2,2025-11-08T20:00Z,202,Tulsa Golden Hurricane,TLSA,FBS,2226,Florida Atlantic Owls,FBS,away,21,40,27,431,235,24,46,5.1,196,53,3.7,10,23,43.47826086956521739130434783,4,7,57.14285714285714285714285714,4,15,3,1,2,36:47,2207
401762505,2025,11,2,2025-11-08T20:00Z,2226,Florida Atlantic Owls,FAU,FBS,202,Tulsa Golden Hurricane,FBS,home,40,21,15,420,311,23,32,9.7,109,25,4.4,4,13,30.76923076923076923076923077,2,3,66.66666666666666666666666667,6,60,1,1,0,23:13,1393
401754590,2025,11,2,2025-11-08T20:30Z,150,Duke Blue Devils,DUKE,FBS,41,UConn Huskies,FBS,away,34,37,26,390,222,22,31,7.2,168,34,4.9,3,8,37.5,2,2,100,6,63,3,1,2,26:47,1607
401754590,2025,11,2,2025-11-08T20:30Z,41,UConn Huskies,CONN,FBS,150,Duke Blue Devils,FBS,home,37,34,25,472,316,28,41,7.7,156,30,5.2,3,12,25,2,3,66.66666666666666666666666667,5,60,0,0,0,33:13,1993
401756943,2025,11,2,2025-11-08T20:30Z,2305,Kansas Jayhawks,KU,FBS,12,Arizona Wildcats,FBS,away,20,24,19,369,199,15,30,6.6,170,40,4.3,6,17,35.29411764705882352941176471,2,2,100,5,55,0,0,0,35:30,2130
401756943,2025,11,2,2025-11-08T20:30Z,12,Arizona Wildcats,ARIZ,FBS,2305,Kansas Jayhawks,FBS,home,24,20,18,323,158,16,31,5.1,165,29,5.7,5,13,38.46153846153846153846153846,0,0,,3,32,0,0,0,24:30,1470
401756944,2025,11,2,2025-11-08T20:30Z,66,Iowa State Cyclones,ISU,FBS,2628,TCU Horned Frogs,FBS,away,20,17,15,272,111,9,24,4.6,161,41,3.9,8,16,50,2,3,66.66666666666666666666666667,7,69,2,0,2,27:24,1644
401756944,2025,11,2,2025-11-08T20:30Z,2628,TCU Horned Frogs,TCU,FBS,66,Iowa State Cyclones,FBS,home,17,20,30,432,319,34,50,6.4,113,30,3.8,7,14,50,2,3,66.66666666666666666666666667,6,45,3,1,2,32:36,1956
401757298,2025,11,2,2025-11-08T21:00Z,338,Kennesaw State Owls,KENN,FBS,166,New Mexico State Aggies,FBS,away,24,21,21,427,219,14,30,7.3,208,44,4.7,8,17,47.05882352941176470588235294,0,0,,13,128,2,0,2,29:20,1760
401757298,2025,11,2,2025-11-08T21:00Z,166,New Mexico State Aggies,NMSU,FBS,338,Kennesaw State Owls,FBS,home,21,24,26,316,241,28,46,5.2,75,36,2.1,8,18,44.44444444444444444444444444,2,2,100,5,30,3,1,2,30:40,1840
401761645,2025,11,2,2025-11-08T21:00Z,2247,Georgia State Panthers,GAST,FBS,324,Coastal Carolina Chanticleers,FBS,away,27,40,20,423,293,25,38,7.7,130,37,3.5,3,13,23.07692307692307692307692308,2,5,40,6,40,2,1,1,31:01,1861
401761645,2025,11,2,2025-11-08T21:00Z,324,Coastal Carolina Chanticleers,CCU,FBS,2247,Georgia State Panthers,FBS,home,40,27,19,444,120,11,18,6.7,324,47,6.9,6,15,40,1,1,100,5,40,0,0,0,28:59,1739
401754588,2025,11,2,2025-11-08T21:30Z,24,Stanford Cardinal,STAN,FBS,153,North Carolina Tar Heels,FBS,away,15,20,22,320,284,27,39,7.3,36,35,1.0,10,18,55.55555555555555555555555556,1,1,100,8,80,2,1,1,32:37,1957
401754588,2025,11,2,2025-11-08T21:30Z,153,North Carolina Tar Heels,UNC,FBS,24,Stanford Cardinal,FBS,home,20,15,13,253,203,18,25,8.1,50,27,1.9,6,15,40,0,0,,11,73,1,1,0,27:23,1643
401761648,2025,11,2,2025-11-08T22:00Z,326,Texas State Bobcats,TXST,FBS,309,Louisiana Ragin' Cajuns,FBS,away,39,42,22,528,360,26,33,10.9,168,24,7.0,2,8,25,1,2,50,11,114,2,1,1,22:02,1322
401761648,2025,11,2,2025-11-08T22:00Z,309,Louisiana Ragin' Cajuns,UL,FBS,326,Texas State Bobcats,FBS,home,42,39,27,384,192,17,27,7.1,192,52,3.7,12,19,63.15789473684210526315789474,1,1,100,8,65,2,0,2,37:58,2278
401760406,2025,11,2,2025-11-08T23:00Z,2005,Air Force Falcons,AFA,FBS,23,San José State Spartans,FBS,away,26,16,21,302,41,5,10,4.1,261,63,4.1,8,17,47.05882352941176470588235294,2,3,66.66666666666666666666666667,6,55,0,0,0,36:26,2186
401760406,2025,11,2,2025-11-08T23:00Z,23,San José State Spartans,SJSU,FBS,2005,Air Force Falcons,FBS,home,16,26,23,435,341,28,43,7.9,94,17,5.5,5,11,45.45454545454545454545454545,1,2,50,6,70,3,1,2,23:34,1414
401754586,2025,11,2,2025-11-09T00:00Z,52,Florida State Seminoles,FSU,FBS,228,Clemson Tigers,FBS,away,10,24,19,360,250,23,43,5.8,110,26,4.2,5,15,33.33333333333333333333333333,1,3,33.33333333333333333333333333,5,50,2,1,1,25:38,1538
401754586,2025,11,2,2025-11-09T00:00Z,228,Clemson Tigers,CLEM,FBS,52,Florida State Seminoles,FBS,home,24,10,16,319,221,20,27,8.2,98,36,2.7,4,15,26.66666666666666666666666667,2,2,100,2,17,0,0,0,34:22,2062
401752760,2025,11,2,2025-11-09T00:30Z,57,Florida Gators,FLA,FBS,96,Kentucky Wildcats,FBS,away,7,38,17,247,143,20,37,3.9,104,32,3.3,7,15,46.66666666666666666666666667,2,4,50,2,20,4,1,3,28:27,1707
401752760,2025,11,2,2025-11-09T00:30Z,96,Kentucky Wildcats,UK,FBS,57,Florida Gators,FBS,home,38,7,24,401,168,18,23,7.3,233,44,5.3,8,12,66.66666666666666666666666667,2,3,66.66666666666666666666666667,1,10,4,3,1,31:33,1893
401760409,2025,11,2,2025-11-09T00:30Z,2440,Nevada Wolf Pack,NEV,FBS,328,Utah State Aggies,FBS,away,14,51,11,242,122,10,24,5.1,120,33,3.6,3,13,23.07692307692307692307692308,0,2,0,8,72,3,1,2,27:38,1658
401760409,2025,11,2,2025-11-09T00:30Z,328,Utah State Aggies,USU,FBS,2440,Nevada Wolf Pack,FBS,home,51,14,23,522,377,24,35,10.8,145,40,3.6,8,16,50,1,1,100,9,75,0,0,0,32:22,1942
401752895,2025,11,2,2025-11-09T02:00Z,158,Nebraska Cornhuskers,NEB,FBS,26,UCLA Bruins,FBS,away,28,21,20,361,205,13,15,13.7,156,39,4.0,5,8,62.5,0,0,,2,25,0,0,0,30:00,1800
401752895,2025,11,2,2025-11-09T02:00Z,26,UCLA Bruins,UCLA,FBS,158,Nebraska Cornhuskers,FBS,home,21,28,21,348,191,17,27,7.1,157,37,4.2,8,14,57.14285714285714285714285714,2,3,66.66666666666666666666666667,4,20,0,0,0,30:00,1800
401760407,2025,11,2,2025-11-09T02:30Z,2439,UNLV Rebels,UNLV,FBS,36,Colorado State Rams,FBS,away,42,10,23,571,251,15,24,10.5,320,41,7.8,6,12,50,2,2,100,9,72,1,0,1,33:09,1989
401760407,2025,11,2,2025-11-09T02:30Z,36,Colorado State Rams,CSU,FBS,2439,UNLV Rebels,FBS,home,10,42,16,292,189,17,29,6.5,103,34,3.0,1,13,7.692307692307692307692307692,1,3,33.33333333333333333333333333,4,35,1,0,1,26:51,1611
401752944,2025,11,2,2025-11-09T03:00Z,2534,Sam Houston Bearkats,SHSU,FBS,204,Oregon State Beavers,FBS,away,21,17,8,157,85,9,24,3.5,72,24,3.0,3,13,23.07692307692307692307692308,0,1,0,6,58,1,0,1,21:47,1307
401752944,2025,11,2,2025-11-09T03:00Z,204,Oregon State Beavers,ORST,FBS,2534,Sam Houston Bearkats,FBS,home,17,21,28,474,286,29,42,6.8,188,40,4.7,6,15,40,0,3,0,4,35,3,1,2,38:13,2293
401760408,2025,11,2,2025-11-09T04:00Z,21,San Diego State Aztecs,SDSU,FBS,62,Hawai'i Rainbow Warriors,FBS,away,6,38,12,267,132,10,28,4.7,135,34,4.0,2,14,14.28571428571428571428571429,0,2,0,5,45,4,2,2,26:54,1614
401760408,2025,11,2,2025-11-09T04:00Z,62,Hawai'i Rainbow Warriors,HAW,FBS,21,San Diego State Aztecs,FBS,home,38,6,20,386,256,22,34,7.5,130,35,3.7,9,17,52.94117647058823529411764706,0,1,0,8,50,1,0,1,33:06,1986
401762856,2025,12,2,2025-11-12T00:30Z,2309,Kent State Golden Flashes,KENT,FBS,2006,Akron Zips,FBS,away,42,35,13,374,317,17,25,12.7,57,22,2.6,3,9,33.33333333333333333333333333,0,0,,7,71,1,1,0,21:20,1280
401762856,2025,12,2,2025-11-12T00:30Z,2006,Akron Zips,AKR,FBS,2309,Kent State Golden Flashes,FBS,home,35,42,33,530,424,32,59,7.2,106,36,2.9,7,19,36.84210526315789473684210526,2,4,50,3,30,2,1,1,38:40,2320
401762857,2025,12,2,2025-11-12T01:00Z,195,Ohio Bobcats,OHIO,FBS,2711,Western Michigan Broncos,FBS,away,13,17,15,287,70,8,19,3.7,217,39,5.6,3,11,27.27272727272727272727272727,2,3,66.66666666666666666666666667,3,20,1,0,1,28:46,1726
401762857,2025,12,2,2025-11-12T01:00Z,2711,Western Michigan Broncos,WMU,FBS,195,Ohio Bobcats,FBS,home,17,13,16,336,126,9,14,9.0,210,42,5.0,0,8,0,1,3,33.33333333333333333333333333,2,10,0,0,0,31:14,1874
401762858,2025,12,2,2025-11-13T00:00Z,2084,Buffalo Bulls,BUFF,FBS,2117,Central Michigan Chippewas,FBS,away,19,38,19,398,262,22,42,6.2,136,34,4.0,7,18,38.88888888888888888888888889,0,1,0,6,50,5,3,2,28:54,1734
401762858,2025,12,2,2025-11-13T00:00Z,2117,Central Michigan Chippewas,CMU,FBS,2084,Buffalo Bulls,FBS,home,38,19,17,358,247,18,25,9.9,111,34,3.3,2,10,20,0,0,,3,30,2,0,2,31:06,1866
401762859,2025,12,2,2025-11-13T00:00Z,2459,Northern Illinois Huskies,NIU,FBS,113,Massachusetts Minutemen,FBS,away,45,3,22,433,115,6,8,14.4,318,55,5.8,5,11,45.45454545454545454545454545,3,3,100,3,35,0,0,0,33:41,2021
401762859,2025,12,2,2025-11-13T00:00Z,113,Massachusetts Minutemen,MASS,FBS,2459,Northern Illinois Huskies,FBS,home,3,45,17,262,197,25,42,4.7,65,25,2.6,6,15,40,1,3,33.33333333333333333333333333,3,35,1,1,0,26:19,1579
401762860,2025,12,2,2025-11-13T00:00Z,2649,Toledo Rockets,TOL,FBS,193,Miami (OH) RedHawks,FBS,away,24,3,15,312,169,18,31,5.5,143,32,4.5,7,14,50,0,0,,7,68,3,1,2,30:09,1809
401762860,2025,12,2,2025-11-13T00:00Z,193,Miami (OH) RedHawks,M-OH,FBS,2649,Toledo Rockets,FBS,home,3,24,15,222,147,11,38,3.9,75,32,2.3,5,16,31.25,2,6,33.33333333333333333333333333,4,22,3,0,3,29:51,1791
401761649,2025,12,2,2025-11-14T00:30Z,2653,Troy Trojans,TROY,FBS,295,Old Dominion Monarchs,FBS,away,0,33,9,138,112,13,23,4.9,26,34,0.8,2,13,15.38461538461538461538461538,0,3,0,4,35,2,1,1,29:45,1785
401761649,2025,12,2,2025-11-14T00:30Z,295,Old Dominion Monarchs,ODU,FBS,2653,Troy Trojans,FBS,home,33,0,20,503,152,11,21,7.2,351,47,7.5,5,15,33.33333333333333333333333333,1,4,25,6,61,0,0,0,30:15,1815
401752904,2025,12,2,2025-11-15T02:00Z,135,Minnesota Golden Gophers,MINN,FBS,2483,Oregon Ducks,FBS,away,13,42,13,200,138,19,33,4.2,62,24,2.6,7,16,43.75,1,1,100,5,25,0,0,0,30:24,1824
401752904,2025,12,2,2025-11-15T02:00Z,2483,Oregon Ducks,ORE,FBS,135,Minnesota Golden Gophers,FBS,home,42,13,27,510,331,30,33,10.0,179,30,6.0,6,9,66.66666666666666666666666667,0,0,,4,35,1,1,0,29:36,1776
401754591,2025,12,2,2025-11-15T00:30Z,228,Clemson Tigers,CLEM,FBS,97,Louisville Cardinals,FBS,away,20,19,19,308,187,22,34,5.5,121,30,4.0,1,13,7.692307692307692307692307692,2,5,40,3,30,1,1,0,30:55,1855
401754591,2025,12,2,2025-11-15T00:30Z,97,Louisville Cardinals,LOU,FBS,228,Clemson Tigers,FBS,home,19,20,16,385,214,20,29,7.4,171,30,5.7,2,11,18.18181818181818181818181818,0,1,0,10,84,1,1,0,29:05,1745
401752900,2025,12,2,2025-11-16T00:30Z,26,UCLA Bruins,UCLA,FBS,194,Ohio State Buckeyes,FBS,away,10,48,8,222,154,16,23,6.7,68,25,2.7,5,13,38.46153846153846153846153846,0,2,0,7,55,0,0,0,25:14,1514
401752900,2025,12,2,2025-11-16T00:30Z,194,Ohio State Buckeyes,OSU,FBS,26,UCLA Bruins,FBS,home,48,10,25,440,218,26,34,6.4,222,33,6.7,6,11,54.54545454545454545454545455,2,3,66.66666666666666666666666667,3,20,0,0,0,34:46,2086
401752901,2025,12,2,2025-11-15T17:00Z,275,Wisconsin Badgers,WIS,FBS,84,Indiana Hoosiers,FBS,away,7,31,8,168,98,9,15,6.5,70,30,2.3,2,11,18.18181818181818181818181818,2,2,100,1,5,2,1,1,26:02,1562
401752901,2025,12,2,2025-11-15T17:00Z,84,Indiana Hoosiers,IU,FBS,275,Wisconsin Badgers,FBS,home,31,7,19,388,305,23,25,12.2,83,37,2.2,7,12,58.33333333333333333333333333,0,0,,1,10,0,0,0,33:58,2038
401752772,2025,12,2,2025-11-15T17:00Z,2579,South Carolina Gamecocks,SC,FBS,245,Texas A&M Aggies,FBS,away,30,31,15,388,267,16,31,8.6,121,33,3.7,4,15,26.66666666666666666666666667,1,3,33.33333333333333333333333333,8,83,1,0,1,29:44,1784
401752772,2025,12,2,2025-11-15T17:00Z,245,Texas A&M Aggies,TA&M,FBS,2579,South Carolina Gamecocks,FBS,home,31,30,23,503,439,22,39,11.3,64,29,2.2,2,11,18.18181818181818181818181818,2,2,100,6,60,4,2,2,30:16,1816
401752765,2025,12,2,2025-11-15T20:30Z,201,Oklahoma Sooners,OU,FBS,333,Alabama Crimson Tide,FBS,away,23,21,12,212,138,15,23,6.0,74,28,2.6,3,13,23.07692307692307692307692308,0,0,,5,37,0,0,0,25:32,1532
401752765,2025,12,2,2025-11-15T20:30Z,333,Alabama Crimson Tide,ALA,FBS,201,Oklahoma Sooners,FBS,home,21,23,23,406,326,28,42,7.8,80,33,2.4,5,13,38.46153846153846153846153846,2,3,66.66666666666666666666666667,2,25,3,2,1,34:28,2068
401752766,2025,12,2,2025-11-16T00:30Z,251,Texas Longhorns,TEX,FBS,61,Georgia Bulldogs,FBS,away,10,35,15,274,251,27,43,5.8,23,17,1.4,2,12,16.66666666666666666666666667,2,3,66.66666666666666666666666667,9,58,1,0,1,24:51,1491
401752766,2025,12,2,2025-11-16T00:30Z,61,Georgia Bulldogs,UGA,FBS,251,Texas Longhorns,FBS,home,35,10,21,357,229,24,29,7.9,128,35,3.7,4,11,36.36363636363636363636363636,1,1,100,1,15,1,0,1,35:09,2109
401756953,2025,12,2,2025-11-15T20:30Z,2116,UCF Knights,UCF,FBS,2641,Texas Tech Red Raiders,FBS,away,9,48,13,230,178,27,33,5.4,52,29,1.8,4,13,30.76923076923076923076923077,1,3,33.33333333333333333333333333,7,45,2,1,1,30:53,1853
401756953,2025,12,2,2025-11-15T20:30Z,2641,Texas Tech Red Raiders,TTU,FBS,2116,UCF Knights,FBS,home,48,9,26,499,294,27,36,8.2,205,35,5.9,8,12,66.66666666666666666666666667,1,1,100,9,76,0,0,0,29:07,1747
401752769,2025,12,2,2025-11-16T00:00Z,57,Florida Gators,FLA,FBS,145,Ole Miss Rebels,FBS,away,24,34,14,326,218,16,32,6.8,108,25,4.3,6,13,46.15384615384615384615384615,0,2,0,5,35,1,0,1,22:03,1323
401752769,2025,12,2,2025-11-16T00:00Z,145,Ole Miss Rebels,MISS,FBS,57,Florida Gators,FBS,home,34,24,27,538,301,26,35,8.6,237,48,4.9,6,16,37.5,5,7,71.42857142857142857142857143,4,32,1,0,1,37:57,2277
401754597,2025,12,2,2025-11-15T17:00Z,87,Notre Dame Fighting Irish,ND,FBS,221,Pittsburgh Panthers,FBS,away,37,15,20,387,212,21,32,6.6,175,36,4.9,4,12,33.33333333333333333333333333,3,5,60,8,84,2,0,2,35:17,2117
401754597,2025,12,2,2025-11-15T17:00Z,221,Pittsburgh Panthers,PITT,FBS,87,Notre Dame Fighting Irish,FBS,home,15,37,17,219,149,19,39,3.8,70,25,2.8,0,13,0,2,5,40,5,41,1,0,1,24:43,1483
401756950,2025,12,2,2025-11-16T03:15Z,2628,TCU Horned Frogs,TCU,FBS,252,BYU Cougars,FBS,away,13,44,15,298,183,10,23,8.0,115,34,3.4,1,10,10,1,2,50,5,45,2,0,2,23:55,1435
401756950,2025,12,2,2025-11-16T03:15Z,252,BYU Cougars,BYU,FBS,2628,TCU Horned Frogs,FBS,home,44,13,28,447,296,23,33,9.0,151,39,3.9,6,12,50,2,3,66.66666666666666666666666667,2,25,1,1,0,36:05,2165
401756949,2025,12,2,2025-11-16T00:00Z,254,Utah Utes,UTAH,FBS,239,Baylor Bears,FBS,away,55,28,20,483,103,8,16,6.4,380,43,8.8,6,11,54.54545454545454545454545455,0,0,,3,39,0,0,0,27:03,1623
401756949,2025,12,2,2025-11-16T00:00Z,239,Baylor Bears,BAY,FBS,254,Utah Utes,FBS,home,28,55,28,563,430,29,58,7.4,133,33,4.0,5,17,29.41176470588235294117647059,3,6,50,6,40,2,0,2,32:57,1977
401754595,2025,12,2,2025-11-15T20:40Z,152,NC State Wolfpack,NCSU,FBS,2390,Miami Hurricanes,FBS,away,7,41,9,143,120,17,30,4.0,23,20,1.2,3,11,27.27272727272727272727272727,0,0,,4,30,2,0,2,23:17,1397
401754595,2025,12,2,2025-11-15T20:40Z,2390,Miami Hurricanes,MIA,FBS,152,NC State Wolfpack,FBS,home,41,7,28,581,367,24,33,11.1,214,37,5.8,5,10,50,0,0,,8,75,1,1,0,36:43,2203
401754592,2025,12,2,2025-11-15T20:30Z,59,Georgia Tech Yellow Jackets,GT,FBS,103,Boston College Eagles,FBS,away,36,34,30,628,371,26,34,10.9,257,42,6.1,7,12,58.33333333333333333333333333,0,0,,6,34,1,1,0,32:44,1964
401754592,2025,12,2,2025-11-15T20:30Z,103,Boston College Eagles,BC,FBS,59,Georgia Tech Yellow Jackets,FBS,home,34,36,24,537,362,26,40,9.1,175,26,6.7,5,11,45.45454545454545454545454545,2,2,100,4,40,0,0,0,27:16,1636
401752907,2025,12,2,2025-11-15T20:30Z,2294,Iowa Hawkeyes,IOWA,FBS,30,USC Trojans,FBS,away,21,26,17,320,137,13,20,6.9,183,33,5.5,4,10,40,1,2,50,6,70,1,0,1,30:44,1844
401752907,2025,12,2,2025-11-15T20:30Z,30,USC Trojans,USC,FBS,2294,Iowa Hawkeyes,FBS,home,26,21,21,360,254,23,32,7.9,106,31,3.4,5,10,50,0,1,0,3,30,0,0,0,29:16,1756
401752905,2025,12,2,2025-11-15T17:00Z,130,Michigan Wolverines,MICH,FBS,77,Northwestern Wildcats,FBS,away,24,22,25,496,280,21,32,8.8,216,45,4.8,9,14,64.28571428571428571428571429,0,1,0,4,24,5,3,2,33:06,1986
401752905,2025,12,2,2025-11-15T17:00Z,77,Northwestern Wildcats,NU,FBS,130,Michigan Wolverines,FBS,home,22,24,11,245,184,13,27,6.8,61,26,2.3,2,12,16.66666666666666666666666667,1,1,100,7,55,0,0,0,26:54,1614
401754593,2025,12,2,2025-11-15T20:35Z,258,Virginia Cavaliers,UVA,FBS,150,Duke Blue Devils,FBS,away,34,17,22,540,316,23,35,9.0,224,42,5.3,12,19,63.15789473684210526315789474,1,2,50,7,60,2,0,2,35:58,2158
401754593,2025,12,2,2025-11-15T20:35Z,150,Duke Blue Devils,DUKE,FBS,258,Virginia Cavaliers,FBS,home,17,34,11,255,213,18,35,6.1,42,23,1.8,4,15,26.66666666666666666666666667,2,4,50,3,45,1,1,0,24:02,1442
401752771,2025,12,2,2025-11-15T21:15Z,166,New Mexico State Aggies,NMSU,FBS,2633,Tennessee Volunteers,FBS,away,9,42,24,340,313,35,53,5.9,27,30,0.9,8,19,42.10526315789473684210526316,1,5,20,3,29,2,0,2,35:39,2139
401752771,2025,12,2,2025-11-15T21:15Z,2633,Tennessee Volunteers,TENN,FBS,166,New Mexico State Aggies,FBS,home,42,9,22,413,219,19,27,8.1,194,39,5.0,3,11,27.27272727272727272727272727,2,2,100,4,55,2,0,2,24:21,1461
401762510,2025,12,2,2025-11-15T17:00Z,58,South Florida Bulls,USF,FBS,2426,Navy Midshipmen,FBS,away,38,41,23,556,356,24,33,10.8,200,36,5.6,5,12,41.66666666666666666666666667,1,2,50,5,31,2,1,1,24:49,1489
401762510,2025,12,2,2025-11-15T17:00Z,2426,Navy Midshipmen,NAVY,FBS,58,South Florida Bulls,FBS,home,41,38,21,524,186,10,19,9.8,338,53,6.4,5,14,35.71428571428571428571428571,1,2,50,7,65,1,1,0,35:11,2111
401756951,2025,12,2,2025-11-15T17:00Z,12,Arizona Wildcats,ARIZ,FBS,2132,Cincinnati Bearcats,FBS,away,30,24,24,475,294,23,31,9.5,181,42,4.3,8,16,50,1,1,100,3,25,0,0,0,36:41,2201
401756951,2025,12,2,2025-11-15T17:00Z,2132,Cincinnati Bearcats,CIN,FBS,12,Arizona Wildcats,FBS,home,24,30,14,344,154,15,28,5.5,190,29,6.6,3,12,25,3,4,75,5,58,2,0,2,23:19,1399
401756952,2025,12,2,2025-11-15T17:00Z,2306,Kansas State Wildcats,KSU,FBS,197,Oklahoma State Cowboys,FBS,away,14,6,14,284,177,15,28,6.3,107,30,3.6,4,15,26.66666666666666666666666667,2,2,100,6,50,1,0,1,28:53,1733
401756952,2025,12,2,2025-11-15T17:00Z,197,Oklahoma State Cowboys,OKST,FBS,2306,Kansas State Wildcats,FBS,home,6,14,23,373,226,25,38,5.9,147,29,5.1,5,12,41.66666666666666666666666667,0,1,0,4,26,5,2,3,31:07,1867
401757174,2025,12,2,2025-11-15T17:00Z,2005,Air Force Falcons,AFA,FBS,41,UConn Huskies,FBS,away,16,26,23,356,66,6,11,6.0,290,58,5.0,4,10,40,0,2,0,3,16,0,0,0,35:25,2125
401757174,2025,12,2,2025-11-15T17:00Z,41,UConn Huskies,CONN,FBS,2005,Air Force Falcons,FBS,home,26,16,18,347,155,15,23,6.7,192,30,6.4,6,10,60,0,0,,3,25,1,0,1,24:35,1475
401762507,2025,12,2,2025-11-15T17:00Z,2636,UTSA Roadrunners,UTSA,FBS,2429,Charlotte 49ers,FBS,away,28,7,29,521,306,24,37,8.3,215,38,5.7,7,13,53.84615384615384615384615385,1,2,50,2,30,2,1,1,31:14,1874
401762507,2025,12,2,2025-11-15T17:00Z,2429,Charlotte 49ers,CLT,FBS,2636,UTSA Roadrunners,FBS,home,7,28,13,197,146,16,28,5.2,51,30,1.7,6,15,40,0,2,0,6,50,1,0,1,28:46,1726
401762861,2025,12,2,2025-11-15T17:00Z,2199,Eastern Michigan Eagles,EMU,FBS,2050,Ball State Cardinals,FBS,away,24,9,21,380,229,18,29,7.9,151,40,3.8,7,14,50,0,1,0,5,59,2,0,2,31:09,1869
401762861,2025,12,2,2025-11-15T17:00Z,2050,Ball State Cardinals,BALL,FBS,2199,Eastern Michigan Eagles,FBS,home,9,24,13,225,62,13,22,2.8,163,38,4.3,5,14,35.71428571428571428571428571,0,2,0,5,45,1,0,1,28:51,1731
401752768,2025,12,2,2025-11-15T17:45Z,8,Arkansas Razorbacks,ARK,FBS,99,LSU Tigers,FBS,away,22,23,16,340,165,11,19,8.7,175,35,5.0,2,11,18.18181818181818181818181818,3,4,75,6,55,3,1,2,25:15,1515
401752768,2025,12,2,2025-11-15T17:45Z,99,LSU Tigers,LSU,FBS,8,Arkansas Razorbacks,FBS,home,23,22,21,390,235,22,33,7.1,155,37,4.2,8,17,47.05882352941176470588235294,0,0,,7,57,0,0,0,34:45,2085
401752945,2025,12,2,2025-11-15T18:00Z,204,Oregon State Beavers,ORST,FBS,202,Tulsa Golden Hurricane,FBS,away,14,31,17,310,241,19,36,6.7,69,35,2.0,8,18,44.44444444444444444444444444,0,2,0,7,85,0,0,0,30:37,1837
401752945,2025,12,2,2025-11-15T18:00Z,202,Tulsa Golden Hurricane,TLSA,FBS,204,Oregon State Beavers,FBS,home,31,14,23,446,163,12,19,8.6,283,49,5.8,4,11,36.36363636363636363636363636,1,3,33.33333333333333333333333333,6,65,0,0,0,29:23,1763
401756948,2025,12,2,2025-11-15T18:00Z,277,West Virginia Mountaineers,WVU,FBS,9,Arizona State Sun Devils,FBS,away,23,25,20,421,353,19,31,11.4,68,39,1.7,6,15,40,1,4,25,5,70,1,0,1,27:26,1646
401756948,2025,12,2,2025-11-15T18:00Z,9,Arizona State Sun Devils,ASU,FBS,277,West Virginia Mountaineers,FBS,home,25,23,18,330,207,19,28,7.4,123,39,3.2,6,15,40,0,1,0,5,31,1,1,0,32:34,1954
401752767,2025,12,2,2025-11-15T18:30Z,2635,Tennessee Tech Golden Eagles,TNTC,FCS,96,Kentucky Wildcats,FBS,away,10,42,15,264,121,14,23,5.3,143,33,4.3,4,11,36.36363636363636363636363636,1,2,50,6,48,1,0,1,27:34,1654
401752767,2025,12,2,2025-11-15T18:30Z,96,Kentucky Wildcats,UK,FBS,2635,Tennessee Tech Golden Eagles,FCS,home,42,10,25,468,261,21,27,9.7,207,39,5.3,4,10,40,3,4,75,3,20,0,0,0,32:26,1946
401761651,2025,12,2,2025-11-15T19:00Z,276,Marshall Thundering Herd,MRSH,FBS,2247,Georgia State Panthers,FBS,away,30,18,24,489,321,22,27,11.9,168,34,4.9,3,9,33.33333333333333333333333333,0,0,,7,56,0,0,0,27:27,1647
401761651,2025,12,2,2025-11-15T19:00Z,2247,Georgia State Panthers,GAST,FBS,276,Marshall Thundering Herd,FBS,home,18,30,21,409,251,25,41,6.1,158,35,4.5,7,17,41.17647058823529411764705882,4,4,100,3,15,3,1,2,32:33,1953
401762506,2025,12,2,2025-11-15T19:00Z,249,North Texas Mean Green,UNT,FBS,5,UAB Blazers,FBS,away,53,24,22,506,298,18,25,11.9,208,34,6.1,6,10,60,2,3,66.66666666666666666666666667,4,30,0,0,0,24:51,1491
401762506,2025,12,2,2025-11-15T19:00Z,5,UAB Blazers,UAB,FBS,249,North Texas Mean Green,FBS,home,24,53,26,478,288,27,47,6.1,190,35,5.4,9,17,52.94117647058823529411764706,4,6,66.66666666666666666666666667,3,12,4,1,3,35:09,2109
401757304,2025,12,2,2025-11-15T20:00Z,2638,UTEP Miners,UTEP,FBS,2623,Missouri State Bears,FBS,away,24,38,17,240,125,14,29,4.3,115,29,4.0,6,13,46.15384615384615384615384615,1,2,50,7,74,0,0,0,22:36,1356
401757304,2025,12,2,2025-11-15T20:00Z,2623,Missouri State Bears,MOST,FBS,2638,UTEP Miners,FBS,home,38,24,27,436,330,30,39,8.5,106,39,2.7,6,14,42.85714285714285714285714286,3,3,100,9,70,0,0,0,37:24,2244
401760411,2025,12,2,2025-11-15T20:00Z,36,Colorado State Rams,CSU,FBS,167,New Mexico Lobos,FBS,away,17,20,19,299,286,34,46,6.2,13,25,0.5,5,16,31.25,1,2,50,5,40,4,1,3,32:30,1950
401760411,2025,12,2,2025-11-15T20:00Z,167,New Mexico Lobos,UNM,FBS,36,Colorado State Rams,FBS,home,20,17,15,348,226,13,25,9.0,122,39,3.1,5,14,35.71428571428571428571428571,1,2,50,6,68,4,4,0,27:30,1650
401752903,2025,12,2,2025-11-15T20:30Z,213,Penn State Nittany Lions,PSU,FBS,127,Michigan State Spartans,FBS,away,28,10,19,367,127,8,13,9.8,240,50,4.8,2,10,20,2,4,50,4,45,0,0,0,37:19,2239
401752903,2025,12,2,2025-11-15T20:30Z,127,Michigan State Spartans,MSU,FBS,213,Penn State Nittany Lions,FBS,home,10,28,13,229,128,17,27,4.7,101,22,4.6,1,10,10,0,2,0,2,20,1,1,0,22:41,1361
401752906,2025,12,2,2025-11-15T20:30Z,120,Maryland Terrapins,MD,FBS,356,Illinois Fighting Illini,FBS,away,6,24,18,293,238,25,46,5.2,55,18,3.1,3,12,25,0,2,0,6,40,1,0,1,24:03,1443
401752906,2025,12,2,2025-11-15T20:30Z,356,Illinois Fighting Illini,ILL,FBS,120,Maryland Terrapins,FBS,home,24,6,24,397,172,15,25,6.9,225,48,4.7,7,13,53.84615384615384615384615385,1,2,50,4,30,1,0,1,35:57,2157
401757303,2025,12,2,2025-11-15T20:30Z,2393,Middle Tennessee Blue Raiders,MTSU,FBS,98,Western Kentucky Hilltoppers,FBS,away,26,42,20,541,389,25,42,9.3,152,25,6.1,7,15,46.66666666666666666666666667,0,3,0,9,75,0,0,0,26:12,1572
401757303,2025,12,2,2025-11-15T20:30Z,98,Western Kentucky Hilltoppers,WKU,FBS,2393,Middle Tennessee Blue Raiders,FBS,home,42,26,29,642,371,29,41,9.0,271,38,7.1,7,12,58.33333333333333333333333333,1,1,100,4,32,1,0,1,33:48,2028
401760413,2025,12,2,2025-11-15T20:30Z,23,San José State Spartans,SJSU,FBS,2440,Nevada Wolf Pack,FBS,away,10,55,14,270,145,16,32,4.5,125,26,4.8,4,13,30.76923076923076923076923077,1,3,33.33333333333333333333333333,6,64,5,1,4,22:35,1355
401760413,2025,12,2,2025-11-15T20:30Z,2440,Nevada Wolf Pack,NEV,FBS,23,San José State Spartans,FBS,home,55,10,23,413,195,16,19,10.3,218,42,5.2,4,11,36.36363636363636363636363636,2,2,100,2,20,0,0,0,37:25,2245
401761652,2025,12,2,2025-11-15T20:30Z,2026,App State Mountaineers,APP,FBS,256,James Madison Dukes,FBS,away,10,58,10,146,145,14,37,3.9,1,15,0.1,1,12,8.333333333333333333333333333,1,2,50,6,57,1,0,1,17:42,1062
401761652,2025,12,2,2025-11-15T20:30Z,256,James Madison Dukes,JMU,FBS,2026,App State Mountaineers,FBS,home,58,10,32,627,303,22,35,8.7,324,54,6.0,8,14,57.14285714285714285714285714,1,1,100,7,74,1,0,1,42:18,2538
401761653,2025,12,2,2025-11-15T20:30Z,6,South Alabama Jaguars,USA,FBS,2433,UL Monroe Warhawks,FBS,away,26,14,24,362,162,17,23,7.0,200,53,3.8,7,15,46.66666666666666666666666667,1,1,100,6,55,1,1,0,37:25,2245
401761653,2025,12,2,2025-11-15T20:30Z,2433,UL Monroe Warhawks,ULM,FBS,6,South Alabama Jaguars,FBS,home,14,26,9,154,82,10,19,4.3,72,24,3.0,1,9,11.11111111111111111111111111,0,2,0,8,101,1,0,1,22:35,1355
401761654,2025,12,2,2025-11-15T20:30Z,326,Texas State Bobcats,TXST,FBS,2572,Southern Miss Golden Eagles,FBS,away,41,14,24,449,192,14,17,11.3,257,51,5.0,5,11,45.45454545454545454545454545,0,0,,5,41,0,0,0,32:04,1924
401761654,2025,12,2,2025-11-15T20:30Z,2572,Southern Miss Golden Eagles,USM,FBS,326,Texas State Bobcats,FBS,home,14,41,20,391,267,29,44,6.1,124,30,4.1,10,18,55.55555555555555555555555556,0,1,0,6,51,3,1,2,27:56,1676
401762508,2025,12,2,2025-11-15T21:00Z,235,Memphis Tigers,MEM,FBS,151,East Carolina Pirates,FBS,away,27,31,24,457,217,33,44,4.9,240,33,7.3,4,16,25,3,4,75,5,55,1,0,1,35:33,2133
401762508,2025,12,2,2025-11-15T21:00Z,151,East Carolina Pirates,ECU,FBS,235,Memphis Tigers,FBS,home,31,27,24,454,332,23,34,9.8,122,38,3.2,6,12,50,0,0,,8,72,1,1,0,24:27,1467
401762509,2025,12,2,2025-11-15T21:00Z,2226,Florida Atlantic Owls,FAU,FBS,2655,Tulane Green Wave,FBS,away,24,35,32,472,375,39,57,6.6,97,29,3.3,6,14,42.85714285714285714285714286,4,6,66.66666666666666666666666667,4,28,4,1,3,30:20,1820
401762509,2025,12,2,2025-11-15T21:00Z,2655,Tulane Green Wave,TULN,FBS,2226,Florida Atlantic Owls,FBS,home,35,24,21,403,241,18,27,8.9,162,37,4.4,5,12,41.66666666666666666666666667,3,3,100,7,84,1,0,1,29:40,1780
401754596,2025,12,2,2025-11-15T21:30Z,153,North Carolina Tar Heels,UNC,FBS,154,Wake Forest Demon Deacons,FBS,away,12,28,16,257,201,21,37,5.4,56,24,2.3,4,14,28.57142857142857142857142857,1,1,100,4,45,0,0,0,30:02,1802
401754596,2025,12,2,2025-11-15T21:30Z,154,Wake Forest Demon Deacons,WAKE,FBS,153,North Carolina Tar Heels,FBS,home,28,12,19,414,191,15,25,7.6,223,39,5.7,6,13,46.15384615384615384615384615,2,3,66.66666666666666666666666667,3,40,1,1,0,29:58,1798
401757301,2025,12,2,2025-11-15T22:00Z,2335,Liberty Flames,LIB,FBS,2229,Florida International Panthers,FBS,away,27,34,25,378,218,17,32,6.8,160,41,3.9,7,14,50,2,4,50,8,57,2,0,2,29:49,1789
401757301,2025,12,2,2025-11-15T22:00Z,2229,Florida International Panthers,FIU,FBS,2335,Liberty Flames,FBS,home,34,27,22,375,206,24,34,6.1,169,39,4.3,8,16,50,3,4,75,6,55,0,0,0,30:11,1811
401761650,2025,12,2,2025-11-15T23:00Z,324,Coastal Carolina Chanticleers,CCU,FBS,290,Georgia Southern Eagles,FBS,away,40,45,24,482,278,19,36,7.7,204,38,5.4,6,16,37.5,1,1,100,13,76,1,0,1,28:42,1722
401761650,2025,12,2,2025-11-15T23:00Z,290,Georgia Southern Eagles,GASO,FBS,324,Coastal Carolina Chanticleers,FBS,home,45,40,24,653,341,24,35,9.7,312,40,7.8,5,12,41.66666666666666666666666667,0,2,0,6,65,2,1,1,31:18,1878
401752902,2025,12,2,2025-11-16T00:00Z,2509,Purdue Boilermakers,PUR,FBS,264,Washington Huskies,FBS,away,13,49,14,267,167,17,34,4.9,100,30,3.3,5,14,35.71428571428571428571428571,1,3,33.33333333333333333333333333,7,64,1,0,1,28:52,1732
401752902,2025,12,2,2025-11-16T00:00Z,264,Washington Huskies,WASH,FBS,2509,Purdue Boilermakers,FBS,home,49,13,24,506,294,18,22,13.4,212,40,5.3,7,10,70,0,0,,4,50,1,1,0,31:08,1868
401757300,2025,12,2,2025-11-16T00:00Z,48,Delaware Blue Hens,DEL,FBS,2534,Sam Houston Bearkats,FBS,away,23,26,25,433,338,24,36,9.4,95,39,2.4,4,13,30.76923076923076923076923077,1,2,50,8,81,3,2,1,32:06,1926
401757300,2025,12,2,2025-11-16T00:00Z,2534,Sam Houston Bearkats,SHSU,FBS,48,Delaware Blue Hens,FBS,home,26,23,20,352,213,16,39,5.5,139,29,4.8,4,15,26.66666666666666666666666667,1,1,100,8,78,0,0,0,27:54,1674
401760414,2025,12,2,2025-11-16T00:00Z,328,Utah State Aggies,USU,FBS,2439,UNLV Rebels,FBS,away,26,29,23,434,256,19,38,6.7,178,36,4.9,9,17,52.94117647058823529411764706,0,1,0,5,60,0,0,0,27:45,1665
401760414,2025,12,2,2025-11-16T00:00Z,2439,UNLV Rebels,UNLV,FBS,328,Utah State Aggies,FBS,home,29,26,27,422,276,24,43,6.4,146,32,4.6,7,15,46.66666666666666666666666667,2,3,66.66666666666666666666666667,4,20,1,0,1,32:15,1935
401754594,2025,12,2,2025-11-16T00:30Z,259,Virginia Tech Hokies,VT,FBS,52,Florida State Seminoles,FBS,away,14,34,20,363,125,10,18,6.9,238,41,5.8,8,12,66.66666666666666666666666667,0,2,0,8,59,2,1,1,27:25,1645
401754594,2025,12,2,2025-11-16T00:30Z,52,Florida State Seminoles,FSU,FBS,259,Virginia Tech Hokies,FBS,home,34,14,27,431,194,13,25,7.8,237,46,5.2,7,11,63.63636363636363636363636364,1,1,100,1,5,0,0,0,32:35,1955
401752770,2025,12,2,2025-11-16T00:45Z,344,Mississippi State Bulldogs,MSST,FBS,142,Missouri Tigers,FBS,away,27,49,27,345,235,23,38,6.2,110,52,2.1,7,18,38.88888888888888888888888889,0,3,0,7,45,3,1,2,36:42,2202
401752770,2025,12,2,2025-11-16T00:45Z,142,Missouri Tigers,MIZ,FBS,344,Mississippi State Bulldogs,FBS,home,49,27,17,438,112,8,16,7.0,326,39,8.4,5,10,50,0,0,,11,74,2,1,1,23:18,1398
401757302,2025,12,2,2025-11-16T01:00Z,338,Kennesaw State Owls,KENN,FBS,55,Jacksonville State Gamecocks,FBS,away,26,35,32,579,362,27,44,8.2,217,46,4.7,7,15,46.66666666666666666666666667,2,3,66.66666666666666666666666667,10,90,4,0,4,34:22,2062
401757302,2025,12,2,2025-11-16T01:00Z,55,Jacksonville State Gamecocks,JVST,FBS,338,Kennesaw State Owls,FBS,home,35,26,18,451,199,9,14,14.2,252,42,6.0,4,11,36.36363636363636363636363636,0,0,,8,92,0,0,0,25:38,1538
401752953,2025,12,2,2025-11-16T03:00Z,2348,Louisiana Tech Bulldogs,LT,FBS,265,Washington State Cougars,FBS,away,3,28,11,167,60,9,21,2.9,107,30,3.6,3,11,27.27272727272727272727272727,0,1,0,5,50,1,0,1,24:57,1497
401752953,2025,12,2,2025-11-16T03:00Z,265,Washington State Cougars,WSU,FBS,2348,Louisiana Tech Bulldogs,FBS,home,28,3,19,303,146,17,25,5.8,157,39,4.0,6,13,46.15384615384615384615384615,2,2,100,9,90,0,0,0,35:03,2103
401760410,2025,12,2,2025-11-16T03:30Z,68,Boise State Broncos,BOIS,FBS,21,San Diego State Aztecs,FBS,away,7,17,14,268,104,12,18,5.8,164,41,4.0,5,14,35.71428571428571428571428571,1,1,100,4,45,0,0,0,31:05,1865
401760410,2025,12,2,2025-11-16T03:30Z,21,San Diego State Aztecs,SDSU,FBS,68,Boise State Broncos,FBS,home,17,7,12,294,17,6,10,1.7,277,46,6.0,3,12,25,1,1,100,2,15,0,0,0,28:55,1735
401760412,2025,12,2,2025-11-16T03:30Z,2751,Wyoming Cowboys,WYO,FBS,278,Fresno State Bulldogs,FBS,away,3,24,9,184,77,8,28,2.8,107,32,3.3,3,15,20,1,3,33.33333333333333333333333333,9,93,1,0,1,25:55,1555
401760412,2025,12,2,2025-11-16T03:30Z,278,Fresno State Bulldogs,FRES,FBS,2751,Wyoming Cowboys,FBS,home,24,3,22,311,95,12,27,3.5,216,47,4.6,5,16,31.25,2,3,66.66666666666666666666666667,3,20,0,0,0,34:05,2045
401762862,2025,13,2,2025-11-19T00:00Z,2006,Akron Zips,AKR,FBS,189,Bowling Green Falcons,FBS,away,19,16,20,319,176,9,28,6.3,143,37,3.9,3,13,23.07692307692307692307692308,1,1,100,6,40,3,2,1,25:48,1548
401762862,2025,13,2,2025-11-19T00:00Z,189,Bowling Green Falcons,BGSU,FBS,2006,Akron Zips,FBS,home,16,19,15,272,138,9,26,5.3,134,45,3.0,6,18,33.33333333333333333333333333,3,3,100,7,90,2,0,2,34:12,2052
401762864,2025,13,2,2025-11-19T00:00Z,2711,Western Michigan Broncos,WMU,FBS,2459,Northern Illinois Huskies,FBS,away,35,19,25,393,32,5,9,3.6,361,59,6.1,7,11,63.63636363636363636363636364,0,1,0,3,17,1,0,1,33:49,2029
401762864,2025,13,2,2025-11-19T00:00Z,2459,Northern Illinois Huskies,NIU,FBS,2711,Western Michigan Broncos,FBS,home,19,35,13,252,78,6,15,5.2,174,43,4.0,2,14,14.28571428571428571428571429,3,5,60,2,19,0,0,0,26:11,1571
401762863,2025,13,2,2025-11-19T00:15Z,113,Massachusetts Minutemen,MASS,FBS,195,Ohio Bobcats,FBS,away,14,42,17,215,90,15,28,3.2,125,39,3.2,6,15,40,1,3,33.33333333333333333333333333,2,20,3,1,2,27:17,1637
401762863,2025,13,2,2025-11-19T00:15Z,195,Ohio Bobcats,OHIO,FBS,113,Massachusetts Minutemen,FBS,home,42,14,17,391,28,3,8,3.5,363,57,6.4,6,14,42.85714285714285714285714286,3,5,60,5,60,1,1,0,32:43,1963
401762865,2025,13,2,2025-11-20T00:00Z,193,Miami (OH) RedHawks,M-OH,FBS,2084,Buffalo Bulls,FBS,away,37,20,16,347,185,13,25,7.4,162,41,4.0,2,13,15.38461538461538461538461538,0,2,0,4,25,0,0,0,29:25,1765
401762865,2025,13,2,2025-11-20T00:00Z,2084,Buffalo Bulls,BUFF,FBS,193,Miami (OH) RedHawks,FBS,home,20,37,21,349,303,24,48,6.3,46,33,1.4,6,18,33.33333333333333333333333333,2,3,66.66666666666666666666666667,8,44,3,1,2,30:35,1835
401762866,2025,13,2,2025-11-20T00:00Z,2117,Central Michigan Chippewas,CMU,FBS,2309,Kent State Golden Flashes,FBS,away,28,16,16,297,123,12,22,5.6,174,43,4.0,5,14,35.71428571428571428571428571,4,4,100,5,29,1,0,1,33:21,2001
401762866,2025,13,2,2025-11-20T00:00Z,2309,Kent State Golden Flashes,KENT,FBS,2117,Central Michigan Chippewas,FBS,home,16,28,20,274,185,14,28,6.6,89,36,2.5,4,13,30.76923076923076923076923077,1,3,33.33333333333333333333333333,4,40,1,1,0,26:39,1599
401761655,2025,13,2,2025-11-21T00:30Z,309,Louisiana Ragin' Cajuns,UL,FBS,2032,Arkansas State Red Wolves,FBS,away,34,30,16,349,147,18,25,5.9,202,46,4.4,6,16,37.5,1,1,100,11,76,1,1,0,33:59,2039
401761655,2025,13,2,2025-11-21T00:30Z,2032,Arkansas State Red Wolves,ARST,FBS,309,Louisiana Ragin' Cajuns,FBS,home,30,34,24,394,256,25,43,6.0,138,35,3.9,4,15,26.66666666666666666666666667,3,4,75,1,15,2,2,0,26:01,1561
401754598,2025,13,2,2025-11-22T01:00Z,52,Florida State Seminoles,FSU,FBS,152,NC State Wolfpack,FBS,away,11,21,21,383,203,16,32,6.3,180,34,5.3,5,12,41.66666666666666666666666667,1,2,50,8,37,4,2,2,27:03,1623
401754598,2025,13,2,2025-11-22T01:00Z,152,NC State Wolfpack,NCSU,FBS,52,Florida State Seminoles,FBS,home,21,11,20,286,152,18,26,5.8,134,42,3.2,7,16,43.75,2,2,100,3,30,0,0,0,32:57,1977
401760418,2025,13,2,2025-11-22T03:30Z,62,Hawai'i Rainbow Warriors,HAW,FBS,2439,UNLV Rebels,FBS,away,10,38,12,231,163,15,24,6.8,68,26,2.6,3,10,30,0,2,0,11,103,1,0,1,24:58,1498
401760418,2025,13,2,2025-11-22T03:30Z,2439,UNLV Rebels,UNLV,FBS,62,Hawai'i Rainbow Warriors,FBS,home,38,10,30,470,253,21,26,9.7,217,41,5.3,8,11,72.72727272727272727272727273,0,1,0,6,80,1,1,0,35:02,2102
401752912,2025,13,2,2025-11-22T17:00Z,164,Rutgers Scarlet Knights,RUTG,FBS,194,Ohio State Buckeyes,FBS,away,9,42,12,147,81,10,20,4.1,66,35,1.9,5,14,35.71428571428571428571428571,0,2,0,4,37,1,1,0,27:11,1631
401752912,2025,13,2,2025-11-22T17:00Z,194,Ohio State Buckeyes,OSU,FBS,164,Rutgers Scarlet Knights,FBS,home,42,9,25,430,176,14,22,8.0,254,38,6.7,3,6,50,0,0,,5,60,1,1,0,32:49,1969
401752781,2025,13,2,2025-11-22T17:00Z,2535,Samford Bulldogs,SAM,FCS,245,Texas A&M Aggies,FBS,away,0,48,3,77,46,7,17,2.7,31,31,1.0,0,15,0,0,0,,3,32,0,0,0,26:56,1616
401752781,2025,13,2,2025-11-22T17:00Z,245,Texas A&M Aggies,TA&M,FBS,2535,Samford Bulldogs,FCS,home,48,0,22,475,228,20,37,6.2,247,43,5.7,7,15,46.66666666666666666666666667,2,2,100,5,50,2,1,1,33:04,1984
401752776,2025,13,2,2025-11-22T17:45Z,2429,Charlotte 49ers,CLT,FBS,61,Georgia Bulldogs,FBS,away,3,35,7,169,130,14,27,4.8,39,17,2.3,1,11,9.090909090909090909090909091,0,0,,5,35,2,0,2,23:06,1386
401752776,2025,13,2,2025-11-22T17:45Z,61,Georgia Bulldogs,UGA,FBS,2429,Charlotte 49ers,FBS,home,35,3,30,449,257,25,33,7.8,192,42,4.6,4,10,40,1,2,50,2,15,1,0,1,36:54,2214
401752911,2025,13,2,2025-11-22T20:30Z,30,USC Trojans,USC,FBS,2483,Oregon Ducks,FBS,away,27,42,23,382,330,26,44,7.5,52,28,1.9,7,16,43.75,2,4,50,8,103,2,0,2,26:56,1616
401752911,2025,13,2,2025-11-22T20:30Z,2483,Oregon Ducks,ORE,FBS,30,USC Trojans,FBS,home,42,27,26,436,257,22,30,8.6,179,41,4.4,7,12,58.33333333333333333333333333,0,1,0,11,130,1,0,1,33:04,1984
401752778,2025,13,2,2025-11-22T17:00Z,142,Missouri Tigers,MIZ,FBS,201,Oklahoma Sooners,FBS,away,6,17,19,301,231,20,36,6.4,70,35,2.0,3,15,20,0,1,0,6,51,2,0,2,32:48,1968
401752778,2025,13,2,2025-11-22T17:00Z,201,Oklahoma Sooners,OU,FBS,142,Missouri Tigers,FBS,home,17,6,14,276,173,14,30,5.8,103,32,3.2,6,16,37.5,0,0,,7,80,0,0,0,27:12,1632
401754604,2025,13,2,2025-11-22T20:30Z,183,Syracuse Orange,SYR,FBS,87,Notre Dame Fighting Irish,FBS,away,7,70,18,207,95,17,30,3.2,112,50,2.2,7,18,38.88888888888888888888888889,1,3,33.33333333333333333333333333,5,39,3,0,3,41:50,2510
401754604,2025,13,2,2025-11-22T20:30Z,87,Notre Dame Fighting Irish,ND,FBS,183,Syracuse Orange,FBS,home,70,7,17,396,67,9,15,4.5,329,24,13.7,4,7,57.14285714285714285714285714,1,1,100,5,55,0,0,0,18:10,1090
401752773,2025,13,2,2025-11-22T19:00Z,2197,Eastern Illinois Panthers,EIU,FCS,333,Alabama Crimson Tide,FBS,away,0,56,2,34,20,4,9,2.2,14,30,0.5,1,11,9.090909090909090909090909091,0,1,0,3,35,1,0,1,21:51,1311
401752773,2025,13,2,2025-11-22T19:00Z,333,Alabama Crimson Tide,ALA,FBS,2197,Eastern Illinois Panthers,FCS,home,56,0,32,539,270,23,30,9.0,269,49,5.5,8,11,72.72727272727272727272727273,1,2,50,4,29,2,0,2,38:09,2289
401756955,2025,13,2,2025-11-23T01:00Z,252,BYU Cougars,BYU,FBS,2132,Cincinnati Bearcats,FBS,away,26,14,24,392,127,15,25,5.1,265,49,5.4,7,14,50,0,0,,3,21,0,0,0,38:25,2305
401756955,2025,13,2,2025-11-23T01:00Z,2132,Cincinnati Bearcats,CIN,FBS,252,BYU Cougars,FBS,home,14,26,19,387,300,25,38,7.9,87,23,3.8,4,13,30.76923076923076923076923077,3,4,75,5,40,2,1,1,21:35,1295
401756960,2025,13,2,2025-11-22T21:00Z,2306,Kansas State Wildcats,KSU,FBS,254,Utah Utes,FBS,away,47,51,21,574,102,12,23,4.4,472,42,11.2,4,12,33.33333333333333333333333333,3,3,100,10,75,1,0,1,30:56,1856
401756960,2025,13,2,2025-11-22T21:00Z,254,Utah Utes,UTAH,FBS,2306,Kansas State Wildcats,FBS,home,51,47,32,551,259,18,34,7.6,292,50,5.8,7,15,46.66666666666666666666666667,2,2,100,5,30,1,1,0,29:04,1744
401754603,2025,13,2,2025-11-22T17:00Z,2390,Miami Hurricanes,MIA,FBS,259,Virginia Tech Hokies,FBS,away,34,17,22,418,335,28,33,10.2,83,30,2.8,7,13,53.84615384615384615384615385,2,2,100,9,88,0,0,0,33:29,2009
401754603,2025,13,2,2025-11-22T17:00Z,259,Virginia Tech Hokies,VT,FBS,2390,Miami Hurricanes,FBS,home,17,34,20,395,201,14,24,8.4,194,37,5.2,3,12,25,3,5,60,7,75,1,1,0,26:31,1591
401752782,2025,13,2,2025-11-22T20:30Z,96,Kentucky Wildcats,UK,FBS,238,Vanderbilt Commodores,FBS,away,17,45,18,315,284,29,49,5.8,31,19,1.6,6,15,40,1,1,100,7,65,3,0,3,23:47,1427
401752782,2025,13,2,2025-11-22T20:30Z,238,Vanderbilt Commodores,VAN,FBS,96,Kentucky Wildcats,FBS,home,45,17,29,604,539,37,44,12.3,65,25,2.6,3,9,33.33333333333333333333333333,2,4,50,7,70,1,0,1,36:13,2173
401754601,2025,13,2,2025-11-23T00:00Z,221,Pittsburgh Panthers,PITT,FBS,59,Georgia Tech Yellow Jackets,FBS,away,42,28,22,412,226,20,27,8.4,186,40,4.7,5,13,38.46153846153846153846153846,0,1,0,8,80,0,0,0,29:35,1775
401754601,2025,13,2,2025-11-23T00:00Z,59,Georgia Tech Yellow Jackets,GT,FBS,221,Pittsburgh Panthers,FBS,home,28,42,21,378,257,27,41,6.3,121,33,3.7,3,14,21.42857142857142857142857143,1,4,25,9,71,2,0,2,30:25,1825
401752780,2025,13,2,2025-11-22T20:30Z,8,Arkansas Razorbacks,ARK,FBS,251,Texas Longhorns,FBS,away,37,52,29,512,324,26,49,6.6,188,31,6.1,6,14,42.85714285714285714285714286,0,1,0,9,65,2,1,1,34:17,2057
401752780,2025,13,2,2025-11-22T20:30Z,251,Texas Longhorns,TEX,FBS,8,Arkansas Razorbacks,FBS,home,52,37,22,490,393,19,31,12.7,97,28,3.5,8,12,66.66666666666666666666666667,0,0,,7,72,0,0,0,25:43,1543
401752914,2025,13,2,2025-11-22T21:00Z,130,Michigan Wolverines,MICH,FBS,120,Maryland Terrapins,FBS,away,45,20,27,443,215,16,23,9.3,228,50,4.6,12,14,85.71428571428571428571428571,0,0,,4,30,0,0,0,35:38,2138
401752914,2025,13,2,2025-11-22T21:00Z,120,Maryland Terrapins,MD,FBS,130,Michigan Wolverines,FBS,home,20,45,21,347,276,22,43,6.4,71,25,2.8,5,14,35.71428571428571428571428571,2,4,50,4,40,1,0,1,24:22,1462
401752775,2025,13,2,2025-11-23T00:30Z,2633,Tennessee Volunteers,TENN,FBS,57,Florida Gators,FBS,away,31,11,28,452,204,17,22,9.3,248,51,4.9,9,13,69.23076923076923076923076923,1,1,100,4,25,0,0,0,35:42,2142
401752775,2025,13,2,2025-11-23T00:30Z,57,Florida Gators,FLA,FBS,2633,Tennessee Volunteers,FBS,home,11,31,15,261,116,11,17,6.8,145,30,4.8,2,9,22.22222222222222222222222222,0,1,0,3,30,0,0,0,24:18,1458
401752915,2025,13,2,2025-11-23T00:30Z,356,Illinois Fighting Illini,ILL,FBS,275,Wisconsin Badgers,FBS,away,10,27,19,298,248,21,35,7.1,50,29,1.7,4,13,30.76923076923076923076923077,0,3,0,3,40,0,0,0,28:15,1695
401752915,2025,13,2,2025-11-23T00:30Z,275,Wisconsin Badgers,WIS,FBS,356,Illinois Fighting Illini,FBS,home,27,10,14,301,92,11,15,6.1,209,44,4.8,7,15,46.66666666666666666666666667,0,0,,5,50,0,0,0,31:45,1905
401756957,2025,13,2,2025-11-22T21:00Z,2628,TCU Horned Frogs,TCU,FBS,248,Houston Cougars,FBS,away,17,14,22,426,293,24,33,8.9,133,36,3.7,5,11,45.45454545454545454545454545,0,1,0,7,70,4,1,3,27:32,1652
401756957,2025,13,2,2025-11-22T21:00Z,248,Houston Cougars,HOU,FBS,2628,TCU Horned Frogs,FBS,home,14,17,17,391,161,15,29,5.6,230,40,5.8,4,17,23.52941176470588235294117647,1,2,50,3,32,1,0,1,32:28,1948
401762515,2025,13,2,2025-11-22T20:45Z,2655,Tulane Green Wave,TULN,FBS,218,Temple Owls,FBS,away,37,13,22,406,231,17,29,8.0,175,39,4.5,3,12,25,1,1,100,8,83,0,0,0,34:21,2061
401762515,2025,13,2,2025-11-22T20:45Z,218,Temple Owls,TEM,FBS,2655,Tulane Green Wave,FBS,home,13,37,14,204,184,24,37,5.0,20,20,1.0,5,15,33.33333333333333333333333333,1,2,50,8,73,1,1,0,25:39,1539
401756956,2025,13,2,2025-11-23T01:00Z,9,Arizona State Sun Devils,ASU,FBS,38,Colorado Buffaloes,FBS,away,42,17,23,580,225,12,26,8.7,355,45,7.9,3,13,23.07692307692307692307692308,3,4,75,7,55,4,3,1,33:08,1988
401756956,2025,13,2,2025-11-23T01:00Z,38,Colorado Buffaloes,COLO,FBS,9,Arizona State Sun Devils,FBS,home,17,42,12,300,165,20,39,4.2,135,30,4.5,5,18,27.77777777777777777777777778,0,2,0,8,78,1,1,0,26:52,1612
401752909,2025,13,2,2025-11-22T17:00Z,135,Minnesota Golden Gophers,MINN,FBS,77,Northwestern Wildcats,FBS,away,35,38,15,323,264,20,31,8.5,59,17,3.5,2,8,25,1,1,100,5,31,0,0,0,19:12,1152
401752909,2025,13,2,2025-11-22T17:00Z,77,Northwestern Wildcats,NU,FBS,135,Minnesota Golden Gophers,FBS,home,38,35,25,525,305,25,31,9.8,220,39,5.6,8,14,57.14285714285714285714285714,2,2,100,10,76,1,1,0,40:48,2448
401754602,2025,13,2,2025-11-22T17:00Z,97,Louisville Cardinals,LOU,FBS,2567,SMU Mustangs,FBS,away,6,38,12,228,100,14,20,5.0,128,29,4.4,3,12,25,0,0,,6,47,1,0,1,24:04,1444
401754602,2025,13,2,2025-11-22T17:00Z,2567,SMU Mustangs,SMU,FBS,97,Louisville Cardinals,FBS,home,38,6,28,485,307,30,38,8.1,178,36,4.9,9,13,69.23076923076923076923076923,0,0,,7,70,0,0,0,35:56,2156
401754606,2025,13,2,2025-11-22T17:00Z,48,Delaware Blue Hens,DEL,FBS,154,Wake Forest Demon Deacons,FBS,away,14,52,19,300,233,32,47,5.0,67,29,2.3,8,18,44.44444444444444444444444444,3,4,75,3,25,2,2,0,33:03,1983
401754606,2025,13,2,2025-11-22T17:00Z,154,Wake Forest Demon Deacons,WAKE,FBS,48,Delaware Blue Hens,FBS,home,52,14,21,577,314,16,26,12.1,263,34,7.7,6,12,50,2,2,100,4,40,2,0,2,26:57,1617
401756958,2025,13,2,2025-11-22T17:00Z,2305,Kansas Jayhawks,KU,FBS,66,Iowa State Cyclones,FBS,away,14,38,17,323,191,16,29,6.6,132,21,6.3,5,9,55.55555555555555555555555556,0,1,0,4,25,1,0,1,20:52,1252
401756958,2025,13,2,2025-11-22T17:00Z,66,Iowa State Cyclones,ISU,FBS,2305,Kansas Jayhawks,FBS,home,38,14,25,462,241,18,23,10.5,221,50,4.4,9,16,56.25,4,5,80,3,30,0,0,0,39:08,2348
401762512,2025,13,2,2025-11-22T17:00Z,202,Tulsa Golden Hurricane,TLSA,FBS,349,Army Black Knights,FBS,away,26,25,26,497,267,20,33,8.1,230,38,6.1,7,12,58.33333333333333333333333333,2,2,100,9,67,2,2,0,25:24,1524
401762512,2025,13,2,2025-11-22T17:00Z,349,Army Black Knights,ARMY,FBS,202,Tulsa Golden Hurricane,FBS,home,25,26,19,311,64,6,10,6.4,247,55,4.5,6,13,46.15384615384615384615384615,2,4,50,2,26,1,0,1,34:36,2076
401752954,2025,13,2,2025-11-22T18:00Z,265,Washington State Cougars,WSU,FBS,256,James Madison Dukes,FBS,away,20,24,19,301,171,19,31,5.5,130,37,3.5,6,15,40,2,3,66.66666666666666666666666667,6,45,1,0,1,34:58,2098
401752954,2025,13,2,2025-11-22T18:00Z,256,James Madison Dukes,JMU,FBS,265,Washington State Cougars,FBS,home,24,20,14,319,144,9,18,8.0,175,32,5.5,4,11,36.36363636363636363636363636,0,1,0,5,54,1,0,1,25:02,1502
401756954,2025,13,2,2025-11-22T18:00Z,239,Baylor Bears,BAY,FBS,12,Arizona Wildcats,FBS,away,17,41,20,343,162,22,33,4.9,181,45,4.0,7,17,41.17647058823529411764705882,3,6,50,6,64,3,1,2,32:48,1968
401756954,2025,13,2,2025-11-22T18:00Z,12,Arizona Wildcats,ARIZ,FBS,239,Baylor Bears,FBS,home,41,17,21,355,183,14,24,7.6,172,35,4.9,4,10,40,2,2,100,9,104,1,0,1,27:12,1632
401761657,2025,13,2,2025-11-22T18:00Z,295,Old Dominion Monarchs,ODU,FBS,290,Georgia Southern Eagles,FBS,away,45,10,32,551,175,14,23,7.6,376,57,6.6,7,12,58.33333333333333333333333333,0,0,,5,41,1,1,0,34:35,2075
401761657,2025,13,2,2025-11-22T18:00Z,290,Georgia Southern Eagles,GASO,FBS,295,Old Dominion Monarchs,FBS,home,10,45,13,249,200,27,42,4.8,49,19,2.6,4,14,28.57142857142857142857142857,0,1,0,5,35,1,0,1,25:25,1525
401752774,2025,13,2,2025-11-22T19:00Z,2382,Mercer Bears,MER,FCS,2,Auburn Tigers,FBS,away,17,62,19,338,223,21,36,6.2,115,41,2.8,8,19,42.10526315789473684210526316,1,1,100,2,15,3,1,2,37:20,2240
401752774,2025,13,2,2025-11-22T19:00Z,2,Auburn Tigers,AUB,FBS,2382,Mercer Bears,FCS,home,62,17,21,547,270,18,25,10.8,277,31,8.9,7,11,63.63636363636363636363636364,0,0,,4,40,0,0,0,22:40,1360
401757306,2025,13,2,2025-11-22T19:00Z,2623,Missouri State Bears,MOST,FBS,338,Kennesaw State Owls,FBS,away,34,41,25,535,344,23,33,10.4,191,29,6.6,3,10,30,0,1,0,8,58,2,0,2,29:21,1761
401757306,2025,13,2,2025-11-22T19:00Z,338,Kennesaw State Owls,KENN,FBS,2623,Missouri State Bears,FBS,home,41,34,26,500,387,24,34,11.4,113,45,2.5,5,14,35.71428571428571428571428571,3,4,75,9,98,0,0,0,30:39,1839
401760419,2025,13,2,2025-11-22T19:00Z,2440,Nevada Wolf Pack,NEV,FBS,2751,Wyoming Cowboys,FBS,away,13,7,17,271,58,11,18,3.2,213,40,5.3,4,13,30.76923076923076923076923077,1,1,100,9,66,1,1,0,34:50,2090
401760419,2025,13,2,2025-11-22T19:00Z,2751,Wyoming Cowboys,WYO,FBS,2440,Nevada Wolf Pack,FBS,home,7,13,15,220,152,23,41,3.7,68,23,3.0,6,18,33.33333333333333333333333333,2,2,100,6,55,0,0,0,25:10,1510
401762867,2025,13,2,2025-11-22T19:00Z,2050,Ball State Cardinals,BALL,FBS,2649,Toledo Rockets,FBS,away,9,38,18,335,229,15,33,6.9,106,46,2.3,7,19,36.84210526315789473684210526,2,4,50,4,32,3,1,2,37:04,2224
401762867,2025,13,2,2025-11-22T19:00Z,2649,Toledo Rockets,TOL,FBS,2050,Ball State Cardinals,FBS,home,38,9,19,404,218,15,27,8.1,186,30,6.2,3,10,30,0,0,,9,85,2,0,2,22:56,1376
401761656,2025,13,2,2025-11-22T19:30Z,276,Marshall Thundering Herd,MRSH,FBS,2026,App State Mountaineers,FBS,away,24,26,23,438,200,21,30,6.7,238,40,6.0,5,12,41.66666666666666666666666667,0,0,,6,60,3,2,1,30:09,1809
401761656,2025,13,2,2025-11-22T19:30Z,2026,App State Mountaineers,APP,FBS,276,Marshall Thundering Herd,FBS,home,26,24,18,276,134,19,27,5.0,142,43,3.3,6,17,35.29411764705882352941176471,1,3,33.33333333333333333333333333,5,50,0,0,0,29:51,1791
401757175,2025,13,2,2025-11-22T20:00Z,41,UConn Huskies,CONN,FBS,2226,Florida Atlantic Owls,FBS,away,48,45,31,600,446,33,46,9.7,154,33,4.7,6,13,46.15384615384615384615384615,2,2,100,10,105,0,0,0,32:28,1948
401757175,2025,13,2,2025-11-22T20:00Z,2226,Florida Atlantic Owls,FAU,FBS,41,UConn Huskies,FBS,home,45,48,37,687,494,42,55,9.0,193,32,6.0,8,15,53.33333333333333333333333333,2,3,66.66666666666666666666666667,7,63,2,1,1,27:32,1652
401757307,2025,13,2,2025-11-22T20:00Z,2335,Liberty Flames,LIB,FBS,2348,Louisiana Tech Bulldogs,FBS,away,28,34,23,424,141,8,21,6.7,283,44,6.4,2,10,20,1,1,100,7,70,4,0,4,27:15,1635
401757307,2025,13,2,2025-11-22T20:00Z,2348,Louisiana Tech Bulldogs,LT,FBS,2335,Liberty Flames,FBS,home,34,28,26,437,118,13,21,5.6,319,54,5.9,9,16,56.25,2,2,100,5,55,1,0,1,32:45,1965
401757308,2025,13,2,2025-11-22T20:00Z,2534,Sam Houston Bearkats,SHSU,FBS,2393,Middle Tennessee Blue Raiders,FBS,away,17,31,20,360,281,25,41,6.9,79,24,3.3,2,13,15.38461538461538461538461538,2,4,50,4,50,1,0,1,30:35,1835
401757308,2025,13,2,2025-11-22T20:00Z,2393,Middle Tennessee Blue Raiders,MTSU,FBS,2534,Sam Houston Bearkats,FBS,home,31,17,24,460,268,21,34,7.9,192,32,6.0,5,12,41.66666666666666666666666667,1,1,100,5,55,0,0,0,29:25,1765
401757309,2025,13,2,2025-11-22T20:00Z,166,New Mexico State Aggies,NMSU,FBS,2638,UTEP Miners,FBS,away,34,31,27,470,276,30,42,6.6,194,39,5.0,8,16,50,1,1,100,6,51,2,1,1,36:44,2204
401757309,2025,13,2,2025-11-22T20:00Z,2638,UTEP Miners,UTEP,FBS,166,New Mexico State Aggies,FBS,home,31,34,20,399,151,16,30,5.0,248,34,7.3,6,15,40,2,2,100,4,40,1,0,1,23:16,1396
401762511,2025,13,2,2025-11-22T20:00Z,58,South Florida Bulls,USF,FBS,5,UAB Blazers,FBS,away,48,18,24,544,353,19,25,14.1,191,34,5.6,6,10,60,0,0,,13,104,1,1,0,21:52,1312
401762511,2025,13,2,2025-11-22T20:00Z,5,UAB Blazers,UAB,FBS,58,South Florida Bulls,FBS,home,18,48,27,382,251,21,40,6.3,131,43,3.0,8,15,53.33333333333333333333333333,1,3,33.33333333333333333333333333,10,94,3,0,3,38:08,2288
401752913,2025,13,2,2025-11-22T20:30Z,127,Michigan State Spartans,MSU,FBS,2294,Iowa Hawkeyes,FBS,away,17,20,19,335,255,25,42,6.1,80,27,3.0,4,15,26.66666666666666666666666667,0,1,0,1,10,1,0,1,30:20,1820
401752913,2025,13,2,2025-11-22T20:30Z,2294,Iowa Hawkeyes,IOWA,FBS,127,Michigan State Spartans,FBS,home,20,17,16,301,147,12,22,6.7,154,39,3.9,1,10,10,0,1,0,4,40,2,1,1,29:40,1780
401754600,2025,13,2,2025-11-22T20:30Z,150,Duke Blue Devils,DUKE,FBS,153,North Carolina Tar Heels,FBS,away,32,25,24,352,175,20,33,5.3,177,43,4.1,6,15,40,5,6,83.33333333333333333333333333,3,27,0,0,0,36:00,2160
401754600,2025,13,2,2025-11-22T20:30Z,153,North Carolina Tar Heels,UNC,FBS,150,Duke Blue Devils,FBS,home,25,32,18,305,204,21,27,7.6,101,25,4.0,8,13,61.53846153846153846153846154,0,1,0,12,103,0,0,0,24:00,1440
401757305,2025,13,2,2025-11-22T20:30Z,55,Jacksonville State Gamecocks,JVST,FBS,2229,Florida International Panthers,FBS,away,21,27,23,449,198,17,31,6.4,251,46,5.5,3,13,23.07692307692307692307692308,1,4,25,4,45,2,2,0,28:22,1702
401757305,2025,13,2,2025-11-22T20:30Z,2229,Florida International Panthers,FIU,FBS,55,Jacksonville State Gamecocks,FBS,home,27,21,19,398,196,14,28,7.0,202,41,4.9,2,13,15.38461538461538461538461538,3,3,100,9,70,3,1,2,31:38,1898
401761658,2025,13,2,2025-11-22T20:30Z,2572,Southern Miss Golden Eagles,USM,FBS,6,South Alabama Jaguars,FBS,away,35,42,24,441,400,31,52,7.7,41,23,1.8,4,13,30.76923076923076923076923077,2,4,50,7,29,1,0,1,22:43,1363
401761658,2025,13,2,2025-11-22T20:30Z,6,South Alabama Jaguars,USA,FBS,2572,Southern Miss Golden Eagles,FBS,home,42,35,26,449,186,23,26,7.2,263,52,5.1,7,15,46.66666666666666666666666667,2,4,50,5,52,0,0,0,37:17,2237
401762513,2025,13,2,2025-11-22T20:30Z,151,East Carolina Pirates,ECU,FBS,2636,UTSA Roadrunners,FBS,away,24,58,15,401,243,19,33,7.4,158,32,4.9,2,14,14.28571428571428571428571429,3,4,75,12,120,3,2,1,22:31,1351
401762513,2025,13,2,2025-11-22T20:30Z,2636,UTSA Roadrunners,UTSA,FBS,151,East Carolina Pirates,FBS,home,58,24,27,458,248,24,33,7.5,210,39,5.4,6,14,42.85714285714285714285714286,1,1,100,9,56,0,0,0,37:29,2249
401756959,2025,13,2,2025-11-22T21:00Z,197,Oklahoma State Cowboys,OKST,FBS,2116,UCF Knights,FBS,away,14,17,12,228,124,13,28,4.4,104,30,3.5,4,13,30.76923076923076923076923077,1,2,50,2,20,1,0,1,28:32,1712
401756959,2025,13,2,2025-11-22T21:00Z,2116,UCF Knights,UCF,FBS,197,Oklahoma State Cowboys,FBS,home,17,14,16,396,271,16,25,10.8,125,36,3.5,5,14,35.71428571428571428571428571,2,2,100,10,72,2,0,2,31:28,1888
401761660,2025,13,2,2025-11-22T21:00Z,2247,Georgia State Panthers,GAST,FBS,2653,Troy Trojans,FBS,away,19,31,26,516,360,25,51,7.1,156,34,4.6,3,14,21.42857142857142857142857143,0,4,0,5,30,1,0,1,29:55,1795
401761660,2025,13,2,2025-11-22T21:00Z,2653,Troy Trojans,TROY,FBS,2247,Georgia State Panthers,FBS,home,31,19,19,423,361,27,43,8.4,62,32,1.9,11,20,55,1,2,50,5,55,1,1,0,30:05,1805
401752779,2025,13,2,2025-11-22T21:15Z,324,Coastal Carolina Chanticleers,CCU,FBS,2579,South Carolina Gamecocks,FBS,away,7,51,13,220,174,27,36,4.8,46,29,1.6,5,15,33.33333333333333333333333333,1,3,33.33333333333333333333333333,5,63,1,1,0,26:10,1570
401752779,2025,13,2,2025-11-22T21:15Z,2579,South Carolina Gamecocks,SC,FBS,324,Coastal Carolina Chanticleers,FBS,home,51,7,25,579,315,23,30,10.5,264,39,6.8,6,11,54.54545454545454545454545455,1,1,100,7,43,0,0,0,33:50,2030
401754605,2025,13,2,2025-11-22T21:30Z,231,Furman Paladins,FUR,FCS,228,Clemson Tigers,FBS,away,10,45,15,271,205,25,42,4.9,66,28,2.4,4,17,23.52941176470588235294117647,1,3,33.33333333333333333333333333,4,35,2,1,1,32:07,1927
401754605,2025,13,2,2025-11-22T21:30Z,228,Clemson Tigers,CLEM,FBS,231,Furman Paladins,FCS,home,45,10,23,456,237,23,36,6.6,219,31,7.1,4,12,33.33333333333333333333333333,1,2,50,5,54,0,0,0,29:49,1789
401761659,2025,13,2,2025-11-22T22:00Z,2433,UL Monroe Warhawks,ULM,FBS,326,Texas State Bobcats,FBS,away,14,31,19,300,166,19,26,6.4,134,35,3.8,5,13,38.46153846153846153846153846,1,2,50,4,50,0,0,0,27:53,1673
401761659,2025,13,2,2025-11-22T22:00Z,326,Texas State Bobcats,TXST,FBS,2433,UL Monroe Warhawks,FBS,home,31,14,26,422,201,25,32,6.3,221,43,5.1,8,14,57.14285714285714285714285714,0,0,,4,35,1,0,1,32:07,1927
401752908,2025,13,2,2025-11-23T00:00Z,158,Nebraska Cornhuskers,NEB,FBS,213,Penn State Nittany Lions,FBS,away,10,37,17,318,187,21,37,5.1,131,32,4.1,9,18,50,1,6,16.66666666666666666666666667,6,58,0,0,0,29:38,1778
401752908,2025,13,2,2025-11-23T00:00Z,213,Penn State Nittany Lions,PSU,FBS,158,Nebraska Cornhuskers,FBS,home,37,10,20,412,181,11,12,15.1,231,39,5.9,5,9,55.55555555555555555555555556,1,1,100,5,65,0,0,0,30:22,1822
401760415,2025,13,2,2025-11-23T00:00Z,167,New Mexico Lobos,UNM,FBS,2005,Air Force Falcons,FBS,away,20,3,18,277,105,10,15,7.0,172,40,4.3,7,12,58.33333333333333333333333333,1,2,50,4,35,0,0,0,30:46,1846
401760415,2025,13,2,2025-11-23T00:00Z,2005,Air Force Falcons,AFA,FBS,167,New Mexico Lobos,FBS,home,3,20,14,161,51,4,11,4.6,110,48,2.3,5,13,38.46153846153846153846153846,3,5,60,0,0,2,1,1,29:14,1754
401760416,2025,13,2,2025-11-23T00:00Z,36,Colorado State Rams,CSU,FBS,68,Boise State Broncos,FBS,away,21,49,17,332,293,26,46,6.4,39,17,2.3,6,13,46.15384615384615384615384615,0,2,0,6,80,4,1,3,23:05,1385
401760416,2025,13,2,2025-11-23T00:00Z,68,Boise State Broncos,BOIS,FBS,36,Colorado State Rams,FBS,home,49,21,32,533,254,23,35,7.3,279,52,5.4,7,13,53.84615384615384615384615385,0,0,,9,95,1,1,0,36:55,2215
401754599,2025,13,2,2025-11-23T00:30Z,25,California Golden Bears,CAL,FBS,24,Stanford Cardinal,FBS,away,10,31,15,297,285,34,50,5.7,12,26,0.5,7,18,38.88888888888888888888888889,1,3,33.33333333333333333333333333,13,123,3,3,0,33:40,2020
401754599,2025,13,2,2025-11-23T00:30Z,24,Stanford Cardinal,STAN,FBS,25,California Golden Bears,FBS,home,31,10,17,282,123,10,20,6.2,159,37,4.3,6,14,42.85714285714285714285714286,0,1,0,6,30,0,0,0,26:20,1580
401762514,2025,13,2,2025-11-23T00:30Z,249,North Texas Mean Green,UNT,FBS,242,Rice Owls,FBS,away,56,24,25,640,469,19,23,20.4,171,32,5.3,1,6,16.66666666666666666666666667,3,3,100,2,10,0,0,0,22:15,1335
401762514,2025,13,2,2025-11-23T00:30Z,242,Rice Owls,RICE,FBS,249,North Texas Mean Green,FBS,home,24,56,24,397,101,14,21,4.8,296,53,5.6,6,14,42.85714285714285714285714286,1,2,50,1,5,0,0,0,37:45,2265
401752777,2025,13,2,2025-11-23T00:45Z,98,Western Kentucky Hilltoppers,WKU,FBS,99,LSU Tigers,FBS,away,10,13,14,152,130,21,41,3.2,22,24,0.9,4,15,26.66666666666666666666666667,0,3,0,4,26,2,0,2,24:06,1446
401752777,2025,13,2,2025-11-23T00:45Z,99,LSU Tigers,LSU,FBS,98,Western Kentucky Hilltoppers,FBS,home,13,10,20,328,202,25,42,4.8,126,37,3.4,3,16,18.75,1,3,33.33333333333333333333333333,9,69,2,1,1,35:54,2154
401752910,2025,13,2,2025-11-23T03:30Z,264,Washington Huskies,WASH,FBS,26,UCLA Bruins,FBS,away,48,14,25,426,214,18,28,7.6,212,39,5.4,4,11,36.36363636363636363636363636,2,3,66.66666666666666666666666667,5,50,2,1,1,34:27,2067
401752910,2025,13,2,2025-11-23T03:30Z,26,UCLA Bruins,UCLA,FBS,264,Washington Huskies,FBS,home,14,48,10,207,150,21,37,4.1,57,22,2.6,2,13,15.38461538461538461538461538,0,3,0,6,65,3,3,0,25:33,1533
401760417,2025,13,2,2025-11-23T03:30Z,328,Utah State Aggies,USU,FBS,278,Fresno State Bulldogs,FBS,away,28,17,27,409,177,18,32,5.5,232,47,4.9,8,16,50,1,1,100,7,40,2,1,1,34:05,2045
401760417,2025,13,2,2025-11-23T03:30Z,278,Fresno State Bulldogs,FRES,FBS,328,Utah State Aggies,FBS,home,17,28,12,365,187,23,33,5.7,178,27,6.6,3,14,21.42857142857142857142857143,0,3,0,10,93,1,0,1,25:55,1555
401760420,2025,13,2,2025-11-23T03:30Z,23,San José State Spartans,SJSU,FBS,21,San Diego State Aztecs,FBS,away,3,25,19,268,135,20,38,3.6,133,36,3.7,6,15,40,1,4,25,4,50,2,0,2,32:38,1958
401760420,2025,13,2,2025-11-23T03:30Z,21,San Diego State Aztecs,SDSU,FBS,23,San José State Spartans,FBS,home,25,3,16,248,81,8,16,5.1,167,44,3.8,5,14,35.71428571428571428571428571,1,1,100,3,30,0,0,0,27:22,1642
401762868,2025,14,2,2025-11-25T21:30Z,189,Bowling Green Falcons,BGSU,FBS,113,Massachusetts Minutemen,FBS,away,45,14,19,406,128,7,9,14.2,278,48,5.8,3,8,37.5,1,1,100,2,15,0,0,0,32:35,1955
401762868,2025,14,2,2025-11-25T21:30Z,113,Massachusetts Minutemen,MASS,FBS,189,Bowling Green Falcons,FBS,home,14,45,16,292,223,22,35,6.4,69,29,2.4,6,13,46.15384615384615384615384615,0,3,0,1,7,1,1,0,27:25,1645
401762869,2025,14,2,2025-11-26T00:30Z,2711,Western Michigan Broncos,WMU,FBS,2199,Eastern Michigan Eagles,FBS,away,31,21,18,378,100,7,15,6.7,278,49,5.7,6,12,50,1,1,100,7,75,0,0,0,32:21,1941
401762869,2025,14,2,2025-11-26T00:30Z,2199,Eastern Michigan Eagles,EMU,FBS,2711,Western Michigan Broncos,FBS,home,21,31,21,461,327,24,41,8.0,134,23,5.8,3,12,25,1,1,100,5,30,5,2,3,27:39,1659
401762516,2025,14,2,2025-11-28T00:30Z,2426,Navy Midshipmen,NAVY,FBS,235,Memphis Tigers,FBS,away,28,17,21,300,100,5,9,11.1,200,60,3.3,8,15,53.33333333333333333333333333,1,1,100,7,56,1,1,0,35:29,2129
401762516,2025,14,2,2025-11-28T00:30Z,235,Memphis Tigers,MEM,FBS,2426,Navy Midshipmen,FBS,home,17,28,18,288,172,19,36,4.8,116,29,4.0,4,12,33.33333333333333333333333333,0,2,0,6,49,0,0,0,24:31,1471
401752924,2025,14,2,2025-11-29T00:30Z,84,Indiana Hoosiers,IU,FBS,2509,Purdue Boilermakers,FBS,away,56,3,22,548,193,10,17,11.4,355,37,9.6,4,8,50,0,0,,2,15,0,0,0,26:52,1612
401752924,2025,14,2,2025-11-29T00:30Z,2509,Purdue Boilermakers,PUR,FBS,84,Indiana Hoosiers,FBS,home,3,56,16,282,238,25,47,5.1,44,27,1.6,7,19,36.84210526315789473684210526,1,2,50,3,35,2,1,1,33:08,1988
401752792,2025,14,2,2025-11-29T00:30Z,245,Texas A&M Aggies,TA&M,FBS,251,Texas Longhorns,FBS,away,17,27,19,337,180,20,32,5.6,157,34,4.6,4,14,28.57142857142857142857142857,1,1,100,8,62,2,0,2,32:15,1935
401752792,2025,14,2,2025-11-29T00:30Z,251,Texas Longhorns,TEX,FBS,245,Texas A&M Aggies,FBS,home,27,17,19,397,179,14,31,5.8,218,35,6.2,4,13,30.76923076923076923076923077,0,0,,7,78,0,0,0,27:45,1665
401752786,2025,14,2,2025-11-28T20:30Z,61,Georgia Bulldogs,UGA,FBS,59,Georgia Tech Yellow Jackets,FBS,away,16,9,19,260,70,11,21,3.3,190,46,4.1,6,14,42.85714285714285714285714286,1,1,100,5,45,1,0,1,35:21,2121
401752786,2025,14,2,2025-11-28T20:30Z,59,Georgia Tech Yellow Jackets,GT,FBS,61,Georgia Bulldogs,FBS,home,9,16,14,250,181,19,27,6.7,69,23,3.0,4,11,36.36363636363636363636363636,0,0,,5,57,1,0,1,24:39,1479
401752788,2025,14,2,2025-11-28T17:00Z,145,Ole Miss Rebels,MISS,FBS,344,Mississippi State Bulldogs,FBS,away,38,19,29,545,359,23,34,10.6,186,41,4.5,5,12,41.66666666666666666666666667,1,2,50,5,50,0,0,0,31:23,1883
401752788,2025,14,2,2025-11-28T17:00Z,344,Mississippi State Bulldogs,MSST,FBS,145,Ole Miss Rebels,FBS,home,19,38,22,440,178,15,31,5.7,262,43,6.1,9,17,52.94117647058823529411764706,0,2,0,6,67,1,0,1,28:37,1717
401756964,2025,14,2,2025-11-28T17:00Z,254,Utah Utes,UTAH,FBS,2305,Kansas Jayhawks,FBS,away,31,21,18,414,253,15,25,10.1,161,31,5.2,7,13,53.84615384615384615384615385,0,2,0,9,65,1,1,0,23:03,1383
401756964,2025,14,2,2025-11-28T17:00Z,2305,Kansas Jayhawks,KU,FBS,254,Utah Utes,FBS,home,21,31,26,477,187,10,27,6.9,290,51,5.7,8,15,53.33333333333333333333333333,0,2,0,4,32,3,0,3,36:57,2217
401756961,2025,14,2,2025-11-29T02:00Z,12,Arizona Wildcats,ARIZ,FBS,9,Arizona State Sun Devils,FBS,away,23,7,24,374,286,28,45,6.4,88,44,2.0,10,20,50,2,2,100,3,30,1,1,0,40:01,2401
401756961,2025,14,2,2025-11-29T02:00Z,9,Arizona State Sun Devils,ASU,FBS,12,Arizona Wildcats,FBS,home,7,23,12,214,114,11,25,4.6,100,27,3.7,3,11,27.27272727272727272727272727,1,1,100,3,35,5,2,3,19:59,1199
401752916,2025,14,2,2025-11-28T17:00Z,2294,Iowa Hawkeyes,IOWA,FBS,158,Nebraska Cornhuskers,FBS,away,40,16,18,379,166,9,16,10.4,213,46,4.6,7,12,58.33333333333333333333333333,1,1,100,4,45,1,1,0,33:20,2000
401752916,2025,14,2,2025-11-28T17:00Z,158,Nebraska Cornhuskers,NEB,FBS,2294,Iowa Hawkeyes,FBS,home,16,40,14,300,69,9,24,2.9,231,36,6.4,5,15,33.33333333333333333333333333,2,3,66.66666666666666666666666667,5,53,1,1,0,26:40,1600
401762870,2025,14,2,2025-11-28T17:00Z,195,Ohio Bobcats,OHIO,FBS,2084,Buffalo Bulls,FBS,away,31,26,27,506,147,10,23,6.4,359,54,6.6,7,17,41.17647058823529411764705882,3,3,100,5,40,3,2,1,38:04,2284
401762870,2025,14,2,2025-11-28T17:00Z,2084,Buffalo Bulls,BUFF,FBS,195,Ohio Bobcats,FBS,home,26,31,19,370,270,16,28,9.6,100,32,3.1,5,12,41.66666666666666666666666667,1,2,50,4,45,1,0,1,21:56,1316
401762871,2025,14,2,2025-11-28T17:00Z,2309,Kent State Golden Flashes,KENT,FBS,2459,Northern Illinois Huskies,FBS,away,35,31,20,438,207,11,22,9.4,231,36,6.4,3,9,33.33333333333333333333333333,2,3,66.66666666666666666666666667,3,20,2,1,1,28:09,1689
401762871,2025,14,2,2025-11-28T17:00Z,2459,Northern Illinois Huskies,NIU,FBS,2309,Kent State Golden Flashes,FBS,home,31,35,21,334,27,5,10,2.7,307,58,5.3,6,12,50,1,2,50,3,32,1,1,0,31:51,1911
401760421,2025,14,2,2025-11-28T20:00Z,2005,Air Force Falcons,AFA,FBS,36,Colorado State Rams,FBS,away,42,21,22,420,104,4,4,26.0,316,67,4.7,11,15,73.33333333333333333333333333,3,3,100,0,0,0,0,0,40:47,2447
401760421,2025,14,2,2025-11-28T20:00Z,36,Colorado State Rams,CSU,FBS,2005,Air Force Falcons,FBS,home,21,42,17,335,323,28,37,8.7,12,9,1.3,2,8,25,2,2,100,2,11,0,0,0,19:13,1153
401760426,2025,14,2,2025-11-28T20:30Z,21,San Diego State Aztecs,SDSU,FBS,167,New Mexico Lobos,FBS,away,17,23,20,355,162,14,24,6.8,193,42,4.6,4,13,30.76923076923076923076923077,1,2,50,9,73,2,1,1,31:28,1888
401760426,2025,14,2,2025-11-28T20:30Z,167,New Mexico Lobos,UNM,FBS,21,San Diego State Aztecs,FBS,home,23,17,16,308,127,14,25,5.1,181,35,5.2,1,11,9.090909090909090909090909091,2,2,100,6,53,1,1,0,28:32,1712
401762442,2025,14,2,2025-11-28T20:30Z,218,Temple Owls,TEM,FBS,249,North Texas Mean Green,FBS,away,25,52,18,316,144,13,33,4.4,172,37,4.6,6,15,40,1,2,50,5,45,1,0,1,31:02,1862
401762442,2025,14,2,2025-11-28T20:30Z,249,North Texas Mean Green,UNT,FBS,218,Temple Owls,FBS,home,52,25,26,605,366,20,24,15.3,239,40,6.0,6,9,66.66666666666666666666666667,0,0,,4,25,2,2,0,28:58,1738
401760422,2025,14,2,2025-11-28T21:00Z,68,Boise State Broncos,BOIS,FBS,328,Utah State Aggies,FBS,away,25,24,28,512,341,26,49,7.0,171,46,3.7,13,24,54.16666666666666666666666667,1,4,25,7,65,1,1,0,36:58,2218
401760422,2025,14,2,2025-11-28T21:00Z,328,Utah State Aggies,USU,FBS,68,Boise State Broncos,FBS,home,24,25,22,405,184,13,32,5.8,221,34,6.5,1,10,10,0,2,0,11,91,1,1,0,23:02,1382
401752921,2025,14,2,2025-11-29T17:00Z,194,Ohio State Buckeyes,OSU,FBS,130,Michigan Wolverines,FBS,away,27,9,23,419,233,19,26,9.0,186,47,4.0,11,17,64.70588235294117647058823529,2,2,100,6,72,1,0,1,40:01,2401
401752921,2025,14,2,2025-11-29T17:00Z,130,Michigan Wolverines,MICH,FBS,194,Ohio State Buckeyes,FBS,home,9,27,9,163,63,8,18,3.5,100,24,4.2,1,9,11.11111111111111111111111111,0,1,0,1,3,1,0,1,19:59,1199
401756968,2025,14,2,2025-11-29T17:00Z,2641,Texas Tech Red Raiders,TTU,FBS,277,West Virginia Mountaineers,FBS,away,49,0,32,572,384,29,40,9.6,188,54,3.5,14,21,66.66666666666666666666666667,3,3,100,6,54,2,1,1,40:00,2400
401756968,2025,14,2,2025-11-29T17:00Z,277,West Virginia Mountaineers,WVU,FBS,2641,Texas Tech Red Raiders,FBS,home,0,49,9,180,143,16,32,4.5,37,22,1.7,2,13,15.38461538461538461538461538,0,2,0,7,70,2,0,2,20:00,1200
401752917,2025,14,2,2025-11-29T20:30Z,2483,Oregon Ducks,ORE,FBS,264,Washington Huskies,FBS,away,26,14,17,392,286,20,29,9.9,106,42,2.5,6,16,37.5,2,3,66.66666666666666666666666667,5,58,0,0,0,34:58,2098
401752917,2025,14,2,2025-11-29T20:30Z,264,Washington Huskies,WASH,FBS,2483,Oregon Ducks,FBS,home,14,26,18,283,129,15,30,4.3,154,33,4.7,5,13,38.46153846153846153846153846,1,2,50,4,39,2,0,2,25:02,1502
401752789,2025,14,2,2025-11-29T20:30Z,99,LSU Tigers,LSU,FBS,201,Oklahoma Sooners,FBS,away,13,17,9,198,113,15,26,4.3,85,29,2.9,2,14,14.28571428571428571428571429,0,1,0,4,25,1,0,1,29:19,1759
401752789,2025,14,2,2025-11-29T20:30Z,201,Oklahoma Sooners,OU,FBS,99,LSU Tigers,FBS,home,17,13,14,393,318,23,38,8.4,75,28,2.7,4,15,26.66666666666666666666666667,0,1,0,8,60,3,0,3,30:41,1841
401754614,2025,14,2,2025-11-30T03:30Z,87,Notre Dame Fighting Irish,ND,FBS,24,Stanford Cardinal,FBS,away,49,20,24,524,337,23,36,9.4,187,38,4.9,11,18,61.11111111111111111111111111,3,3,100,3,35,0,0,0,30:35,1835
401754614,2025,14,2,2025-11-30T03:30Z,24,Stanford Cardinal,STAN,FBS,87,Notre Dame Fighting Irish,FBS,home,20,49,16,312,226,20,40,5.7,86,30,2.9,8,19,42.10526315789473684210526316,3,4,75,3,23,1,0,1,29:25,1765
401752784,2025,14,2,2025-11-30T00:30Z,333,Alabama Crimson Tide,ALA,FBS,2,Auburn Tigers,FBS,away,27,20,18,280,122,19,35,3.5,158,38,4.2,4,17,23.52941176470588235294117647,3,3,100,8,87,0,0,0,34:29,2069
401752784,2025,14,2,2025-11-30T00:30Z,2,Auburn Tigers,AUB,FBS,333,Alabama Crimson Tide,FBS,home,20,27,20,411,259,18,39,6.6,152,36,4.2,8,19,42.10526315789473684210526316,2,3,66.66666666666666666666666667,10,84,2,1,1,25:31,1531
401756963,2025,14,2,2025-11-29T18:00Z,2116,UCF Knights,UCF,FBS,252,BYU Cougars,FBS,away,21,41,15,296,254,24,41,6.2,42,19,2.2,6,13,46.15384615384615384615384615,2,4,50,6,34,2,1,1,24:52,1492
401756963,2025,14,2,2025-11-29T18:00Z,252,BYU Cougars,BYU,FBS,2116,UCF Knights,FBS,home,41,21,21,407,289,21,25,11.6,118,40,3.0,6,13,46.15384615384615384615384615,1,2,50,4,40,0,0,0,35:08,2108
401754611,2025,14,2,2025-11-29T17:00Z,2390,Miami Hurricanes,MIA,FBS,221,Pittsburgh Panthers,FBS,away,38,7,28,416,276,24,32,8.6,140,39,3.6,5,8,62.5,0,0,,5,28,1,0,1,35:55,2155
401754611,2025,14,2,2025-11-29T17:00Z,221,Pittsburgh Panthers,PITT,FBS,2390,Miami Hurricanes,FBS,home,7,38,11,229,199,22,33,6.0,30,21,1.4,4,13,30.76923076923076923076923077,1,2,50,9,88,1,0,1,24:05,1445
401752791,2025,14,2,2025-11-29T20:30Z,238,Vanderbilt Commodores,VAN,FBS,2633,Tennessee Volunteers,FBS,away,45,24,27,579,265,18,28,9.5,314,37,8.5,7,10,70,0,0,,6,51,2,0,2,34:59,2099
401752791,2025,14,2,2025-11-29T20:30Z,2633,Tennessee Volunteers,TENN,FBS,238,Vanderbilt Commodores,FBS,home,24,45,21,382,299,29,44,6.8,83,31,2.7,12,19,63.15789473684210526315789474,0,2,0,5,60,0,0,0,25:01,1501
401752919,2025,14,2,2025-11-30T00:30Z,26,UCLA Bruins,UCLA,FBS,30,USC Trojans,FBS,away,10,29,20,308,200,27,38,5.3,108,26,4.2,5,12,41.66666666666666666666666667,0,2,0,6,49,0,0,0,33:16,1996
401752919,2025,14,2,2025-11-30T00:30Z,30,USC Trojans,USC,FBS,26,UCLA Bruins,FBS,home,29,10,21,388,257,21,29,8.9,131,26,5.0,6,9,66.66666666666666666666666667,0,0,,3,30,0,0,0,26:44,1604
401754613,2025,14,2,2025-11-30T00:00Z,259,Virginia Tech Hokies,VT,FBS,258,Virginia Cavaliers,FBS,away,7,27,6,197,78,4,16,4.9,119,31,3.8,2,14,14.28571428571428571428571429,2,2,100,6,44,2,0,2,23:04,1384
401754613,2025,14,2,2025-11-30T00:00Z,258,Virginia Cavaliers,UVA,FBS,259,Virginia Tech Hokies,FBS,home,27,7,25,380,183,22,36,5.1,197,47,4.2,8,16,50,1,2,50,5,50,0,0,0,36:56,2216
401754609,2025,14,2,2025-11-30T01:00Z,2567,SMU Mustangs,SMU,FBS,25,California Golden Bears,FBS,away,35,38,23,477,250,24,36,6.9,227,31,7.3,7,11,63.63636363636363636363636364,1,1,100,9,94,1,0,1,23:04,1384
401754609,2025,14,2,2025-11-30T01:00Z,25,California Golden Bears,CAL,FBS,2567,SMU Mustangs,FBS,home,38,35,27,452,330,31,40,8.3,122,37,3.3,7,13,53.84615384615384615384615385,0,0,,7,72,0,0,0,36:56,2216
401762518,2025,14,2,2025-11-30T00:30Z,2429,Charlotte 49ers,CLT,FBS,2655,Tulane Green Wave,FBS,away,0,27,7,140,143,20,28,5.1,-3,21,-0.1,2,13,15.38461538461538461538461538,0,0,,6,49,2,0,2,25:44,1544
401762518,2025,14,2,2025-11-30T00:30Z,2655,Tulane Green Wave,TULN,FBS,2429,Charlotte 49ers,FBS,home,27,0,25,463,312,29,39,8.0,151,35,4.3,6,12,50,0,0,,2,25,3,1,2,34:16,2056
401752787,2025,14,2,2025-11-29T17:00Z,96,Kentucky Wildcats,UK,FBS,97,Louisville Cardinals,FBS,away,0,41,10,140,100,13,26,3.8,40,26,1.5,2,13,15.38461538461538461538461538,0,1,0,6,54,2,0,2,23:32,1412
401752787,2025,14,2,2025-11-29T17:00Z,97,Louisville Cardinals,LOU,FBS,96,Kentucky Wildcats,FBS,home,41,0,26,440,182,12,21,8.7,258,50,5.2,4,12,33.33333333333333333333333333,2,2,100,9,75,0,0,0,36:28,2188
401752790,2025,14,2,2025-11-29T17:00Z,228,Clemson Tigers,CLEM,FBS,2579,South Carolina Gamecocks,FBS,away,28,14,25,415,268,24,39,6.9,147,40,3.7,7,17,41.17647058823529411764705882,0,0,,7,45,1,0,1,38:44,2324
401752790,2025,14,2,2025-11-29T17:00Z,2579,South Carolina Gamecocks,SC,FBS,228,Clemson Tigers,FBS,home,14,28,17,422,381,23,42,9.1,41,19,2.2,1,11,9.090909090909090909090909091,1,3,33.33333333333333333333333333,5,54,4,2,2,21:16,1276
401756962,2025,14,2,2025-11-29T17:00Z,248,Houston Cougars,HOU,FBS,239,Baylor Bears,FBS,away,31,24,29,417,201,21,31,6.5,216,48,4.5,5,14,35.71428571428571428571428571,4,5,80,2,24,1,0,1,36:26,2186
401756962,2025,14,2,2025-11-29T17:00Z,239,Baylor Bears,BAY,FBS,248,Houston Cougars,FBS,home,24,31,25,421,309,23,46,6.7,112,26,4.3,3,11,27.27272727272727272727272727,1,3,33.33333333333333333333333333,8,90,2,1,1,23:34,1414
401756965,2025,14,2,2025-11-29T17:00Z,38,Colorado Buffaloes,COLO,FBS,2306,Kansas State Wildcats,FBS,away,14,24,18,323,172,14,25,6.9,151,47,3.2,8,17,47.05882352941176470588235294,1,5,20,0,0,1,0,1,29:23,1763
401756965,2025,14,2,2025-11-29T17:00Z,2306,Kansas State Wildcats,KSU,FBS,38,Colorado Buffaloes,FBS,home,24,14,16,321,115,10,17,6.8,206,43,4.8,4,11,36.36363636363636363636363636,2,3,66.66666666666666666666666667,4,50,0,0,0,30:37,1837
401756966,2025,14,2,2025-11-29T17:00Z,66,Iowa State Cyclones,ISU,FBS,197,Oklahoma State Cowboys,FBS,away,20,13,17,346,113,9,19,5.9,233,48,4.9,4,14,28.57142857142857142857142857,2,2,100,5,54,1,1,0,34:24,2064
401756966,2025,14,2,2025-11-29T17:00Z,197,Oklahoma State Cowboys,OKST,FBS,66,Iowa State Cyclones,FBS,home,13,20,11,229,202,23,34,5.9,27,23,1.2,2,13,15.38461538461538461538461538,1,1,100,3,35,2,1,1,25:36,1536
401762519,2025,14,2,2025-11-29T17:00Z,151,East Carolina Pirates,ECU,FBS,2226,Florida Atlantic Owls,FBS,away,42,3,28,512,258,20,30,8.6,254,56,4.5,12,17,70.58823529411764705882352941,1,1,100,11,87,1,1,0,34:39,2079
401762519,2025,14,2,2025-11-29T17:00Z,2226,Florida Atlantic Owls,FAU,FBS,151,East Carolina Pirates,FBS,home,3,42,21,338,299,31,51,5.9,39,22,1.8,3,15,20,2,4,50,5,38,5,2,3,25:21,1521
401762872,2025,14,2,2025-11-29T17:00Z,2649,Toledo Rockets,TOL,FBS,2117,Central Michigan Chippewas,FBS,away,21,3,18,411,206,14,24,8.6,205,37,5.5,4,12,33.33333333333333333333333333,0,3,0,8,70,1,1,0,28:34,1714
401762872,2025,14,2,2025-11-29T17:00Z,2117,Central Michigan Chippewas,CMU,FBS,2649,Toledo Rockets,FBS,home,3,21,15,323,242,19,30,8.1,81,36,2.3,5,15,33.33333333333333333333333333,0,4,0,6,47,1,0,1,31:26,1886
401762875,2025,14,2,2025-11-29T17:00Z,2050,Ball State Cardinals,BALL,FBS,193,Miami (OH) RedHawks,FBS,away,24,45,15,280,177,14,23,7.7,103,36,2.9,5,13,38.46153846153846153846153846,0,0,,7,50,1,1,0,27:26,1646
401762875,2025,14,2,2025-11-29T17:00Z,193,Miami (OH) RedHawks,M-OH,FBS,2050,Ball State Cardinals,FBS,home,45,24,23,458,226,12,24,9.4,232,42,5.5,5,12,41.66666666666666666666666667,0,1,0,7,50,0,0,0,32:34,1954
401757310,2025,14,2,2025-11-29T18:00Z,2638,UTEP Miners,UTEP,FBS,48,Delaware Blue Hens,FBS,away,31,61,18,370,344,23,41,8.4,26,33,0.8,5,16,31.25,0,4,0,8,80,6,1,5,26:55,1615
401757310,2025,14,2,2025-11-29T18:00Z,48,Delaware Blue Hens,DEL,FBS,2638,UTEP Miners,FBS,home,61,31,22,527,311,24,37,8.4,216,37,5.8,2,12,16.66666666666666666666666667,2,3,66.66666666666666666666666667,8,83,1,1,0,33:05,1985
401757311,2025,14,2,2025-11-29T18:00Z,2229,Florida International Panthers,FIU,FBS,2534,Sam Houston Bearkats,FBS,away,56,16,24,594,291,15,24,12.1,303,40,7.6,4,12,33.33333333333333333333333333,0,1,0,4,25,1,0,1,30:41,1841
401757311,2025,14,2,2025-11-29T18:00Z,2534,Sam Houston Bearkats,SHSU,FBS,2229,Florida International Panthers,FBS,home,16,56,19,359,163,16,33,4.9,196,38,5.2,3,12,25,1,2,50,7,57,4,2,2,29:19,1759
401761663,2025,14,2,2025-11-29T18:30Z,290,Georgia Southern Eagles,GASO,FBS,276,Marshall Thundering Herd,FBS,away,24,19,31,528,355,26,39,9.1,173,48,3.6,11,19,57.89473684210526315789473684,2,3,66.66666666666666666666666667,2,15,1,1,0,41:38,2498
401761663,2025,14,2,2025-11-29T18:30Z,276,Marshall Thundering Herd,MRSH,FBS,290,Georgia Southern Eagles,FBS,home,19,24,18,372,308,22,35,8.8,64,16,4.0,3,10,30,0,1,0,3,27,1,0,1,18:22,1102
401757312,2025,14,2,2025-11-29T19:00Z,98,Western Kentucky Hilltoppers,WKU,FBS,55,Jacksonville State Gamecocks,FBS,away,34,37,21,384,180,17,25,7.2,204,36,5.7,4,10,40,0,0,,7,63,2,1,1,28:36,1716
401757312,2025,14,2,2025-11-29T19:00Z,55,Jacksonville State Gamecocks,JVST,FBS,98,Western Kentucky Hilltoppers,FBS,home,37,34,24,515,222,13,20,11.1,293,48,6.1,5,15,33.33333333333333333333333333,2,3,66.66666666666666666666666667,7,70,1,1,0,31:24,1884
401757314,2025,14,2,2025-11-29T19:00Z,2348,Louisiana Tech Bulldogs,LT,FBS,2623,Missouri State Bears,FBS,away,42,30,20,475,87,8,13,6.7,388,51,7.6,8,13,61.53846153846153846153846154,1,2,50,9,96,0,0,0,33:50,2030
401757314,2025,14,2,2025-11-29T19:00Z,2623,Missouri State Bears,MOST,FBS,2348,Louisiana Tech Bulldogs,FBS,home,30,42,21,416,294,17,31,9.5,122,27,4.5,6,12,50,1,2,50,5,33,1,0,1,26:10,1570
401761664,2025,14,2,2025-11-29T19:00Z,2247,Georgia State Panthers,GAST,FBS,295,Old Dominion Monarchs,FBS,away,10,27,15,283,154,18,37,4.2,129,30,4.3,4,15,26.66666666666666666666666667,0,0,,10,105,1,0,1,27:32,1652
401761664,2025,14,2,2025-11-29T19:00Z,295,Old Dominion Monarchs,ODU,FBS,2247,Georgia State Panthers,FBS,home,27,10,27,409,106,9,22,4.8,303,54,5.6,7,15,46.66666666666666666666666667,0,0,,3,20,2,1,1,32:28,1948
401761661,2025,14,2,2025-11-29T19:30Z,2032,Arkansas State Red Wolves,ARST,FBS,2026,App State Mountaineers,FBS,away,30,29,23,448,363,32,47,7.7,85,34,2.5,7,17,41.17647058823529411764705882,0,1,0,4,40,3,2,1,30:31,1831
401761661,2025,14,2,2025-11-29T19:30Z,2026,App State Mountaineers,APP,FBS,2032,Arkansas State Red Wolves,FBS,home,29,30,23,453,271,26,39,6.9,182,36,5.1,5,16,31.25,1,1,100,6,28,1,1,0,29:29,1769
401754608,2025,14,2,2025-11-29T20:00Z,103,Boston College Eagles,BC,FBS,183,Syracuse Orange,FBS,away,34,12,20,433,296,18,26,11.4,137,29,4.7,6,12,50,0,1,0,4,31,0,0,0,26:50,1610
401754608,2025,14,2,2025-11-29T20:00Z,183,Syracuse Orange,SYR,FBS,103,Boston College Eagles,FBS,home,12,34,12,254,65,10,18,3.6,189,41,4.6,4,14,28.57142857142857142857142857,1,2,50,8,76,0,0,0,33:10,1990
401757315,2025,14,2,2025-11-29T20:00Z,2393,Middle Tennessee Blue Raiders,MTSU,FBS,166,New Mexico State Aggies,FBS,away,31,24,20,459,260,24,43,6.0,199,33,6.0,8,18,44.44444444444444444444444444,0,1,0,13,129,1,1,0,30:33,1833
401757315,2025,14,2,2025-11-29T20:00Z,166,New Mexico State Aggies,NMSU,FBS,2393,Middle Tennessee Blue Raiders,FBS,home,24,31,24,395,311,29,47,6.6,84,27,3.1,6,15,40,0,1,0,6,45,3,1,2,29:27,1767
401761665,2025,14,2,2025-11-29T20:00Z,2433,UL Monroe Warhawks,ULM,FBS,309,Louisiana Ragin' Cajuns,FBS,away,27,30,29,516,311,19,33,9.4,205,43,4.8,5,13,38.46153846153846153846153846,0,1,0,8,52,2,1,1,30:08,1808
401761665,2025,14,2,2025-11-29T20:00Z,309,Louisiana Ragin' Cajuns,UL,FBS,2433,UL Monroe Warhawks,FBS,home,30,27,17,338,126,16,30,4.2,212,38,5.6,6,16,37.5,1,1,100,3,25,0,0,0,29:52,1792
401761667,2025,14,2,2025-11-29T20:00Z,6,South Alabama Jaguars,USA,FBS,326,Texas State Bobcats,FBS,away,26,49,22,362,157,20,32,4.9,205,38,5.4,5,13,38.46153846153846153846153846,0,2,0,3,25,1,0,1,29:11,1751
401761667,2025,14,2,2025-11-29T20:00Z,326,Texas State Bobcats,TXST,FBS,6,South Alabama Jaguars,FBS,home,49,26,26,544,281,20,26,10.8,263,43,6.1,5,10,50,1,1,100,9,78,2,2,0,30:49,1849
401762517,2025,14,2,2025-11-29T20:00Z,5,UAB Blazers,UAB,FBS,202,Tulsa Golden Hurricane,FBS,away,31,24,19,395,166,14,18,9.2,229,55,4.2,9,17,52.94117647058823529411764706,1,2,50,3,27,1,0,1,35:23,2123
401762517,2025,14,2,2025-11-29T20:00Z,202,Tulsa Golden Hurricane,TLSA,FBS,5,UAB Blazers,FBS,home,24,31,19,357,159,11,22,7.2,198,42,4.7,4,13,30.76923076923076923076923077,1,4,25,2,10,2,1,1,24:37,1477
401752783,2025,14,2,2025-11-29T20:30Z,142,Missouri Tigers,MIZ,FBS,8,Arkansas Razorbacks,FBS,away,31,17,26,347,25,4,7,3.6,322,58,5.6,4,10,40,1,2,50,5,45,1,1,0,34:03,2043
401752783,2025,14,2,2025-11-29T20:30Z,8,Arkansas Razorbacks,ARK,FBS,142,Missouri Tigers,FBS,home,17,31,15,246,185,17,30,6.2,61,25,2.4,5,13,38.46153846153846153846153846,1,1,100,16,121,0,0,0,25:57,1557
401752918,2025,14,2,2025-11-29T20:30Z,275,Wisconsin Badgers,WIS,FBS,135,Minnesota Golden Gophers,FBS,away,7,17,11,268,182,17,27,6.7,86,28,3.1,4,13,30.76923076923076923076923077,2,3,66.66666666666666666666666667,3,9,3,1,2,29:28,1768
401752918,2025,14,2,2025-11-29T20:30Z,135,Minnesota Golden Gophers,MINN,FBS,275,Wisconsin Badgers,FBS,home,17,7,13,218,90,18,24,3.8,128,32,4.0,7,14,50,0,0,,1,5,0,0,0,30:32,1832
401752920,2025,14,2,2025-11-29T20:30Z,213,Penn State Nittany Lions,PSU,FBS,164,Rutgers Scarlet Knights,FBS,away,40,36,23,509,209,17,21,10.0,300,33,9.1,1,8,12.5,3,3,100,7,54,0,0,0,27:36,1656
401752920,2025,14,2,2025-11-29T20:30Z,164,Rutgers Scarlet Knights,RUTG,FBS,213,Penn State Nittany Lions,FBS,home,36,40,27,533,338,16,22,15.4,195,42,4.6,5,10,50,0,2,0,6,42,1,1,0,32:24,1944
401754610,2025,14,2,2025-11-29T20:30Z,154,Wake Forest Demon Deacons,WAKE,FBS,150,Duke Blue Devils,FBS,away,32,49,27,468,342,27,43,8.0,126,32,3.9,6,12,50,1,2,50,8,97,4,3,1,25:21,1521
401754610,2025,14,2,2025-11-29T20:30Z,150,Duke Blue Devils,DUKE,FBS,154,Wake Forest Demon Deacons,FBS,home,49,32,24,378,268,24,35,7.7,110,39,2.8,5,13,38.46153846153846153846153846,3,5,60,5,50,0,0,0,34:39,2079
401756967,2025,14,2,2025-11-29T20:30Z,2132,Cincinnati Bearcats,CIN,FBS,2628,TCU Horned Frogs,FBS,away,23,45,17,397,282,23,33,8.5,115,19,6.1,3,9,33.33333333333333333333333333,0,2,0,5,40,1,1,0,22:05,1325
401756967,2025,14,2,2025-11-29T20:30Z,2628,TCU Horned Frogs,TCU,FBS,2132,Cincinnati Bearcats,FBS,home,45,23,27,544,306,19,22,13.9,238,52,4.6,6,14,42.85714285714285714285714286,3,3,100,6,45,0,0,0,37:55,2275
401757313,2025,14,2,2025-11-29T20:30Z,338,Kennesaw State Owls,KENN,FBS,2335,Liberty Flames,FBS,away,48,42,25,452,240,14,23,10.4,212,44,4.8,7,13,53.84615384615384615384615385,1,2,50,7,49,0,0,0,27:03,1623
401757313,2025,14,2,2025-11-29T20:30Z,2335,Liberty Flames,LIB,FBS,338,Kennesaw State Owls,FBS,home,42,48,24,503,212,12,22,9.6,291,57,5.1,9,15,60,0,2,0,9,97,1,1,0,32:57,1977
401761666,2025,14,2,2025-11-29T20:30Z,2653,Troy Trojans,TROY,FBS,2572,Southern Miss Golden Eagles,FBS,away,28,18,22,428,296,25,35,8.5,132,38,3.5,7,15,46.66666666666666666666666667,1,3,33.33333333333333333333333333,11,87,1,0,1,32:30,1950
401761666,2025,14,2,2025-11-29T20:30Z,2572,Southern Miss Golden Eagles,USM,FBS,2653,Troy Trojans,FBS,home,18,28,20,304,209,20,35,6.0,95,31,3.1,5,14,35.71428571428571428571428571,1,1,100,6,53,1,0,1,27:30,1650
401762441,2025,14,2,2025-11-29T20:30Z,349,Army Black Knights,ARMY,FBS,2636,UTSA Roadrunners,FBS,away,27,24,16,303,70,5,11,6.4,233,50,4.7,3,14,21.42857142857142857142857143,4,5,80,0,0,0,0,0,33:07,1987
401762441,2025,14,2,2025-11-29T20:30Z,2636,UTSA Roadrunners,UTSA,FBS,349,Army Black Knights,FBS,home,24,27,18,386,270,28,42,6.4,116,24,4.8,6,14,42.85714285714285714285714286,1,4,25,3,32,1,0,1,26:53,1613
401761662,2025,14,2,2025-11-29T20:45Z,256,James Madison Dukes,JMU,FBS,324,Coastal Carolina Chanticleers,FBS,away,59,10,24,525,239,16,22,10.9,286,48,6.0,5,11,45.45454545454545454545454545,1,2,50,6,70,1,0,1,36:04,2164
401761662,2025,14,2,2025-11-29T20:45Z,324,Coastal Carolina Chanticleers,CCU,FBS,256,James Madison Dukes,FBS,home,10,59,10,170,175,18,40,4.4,-5,22,-0.2,2,16,12.5,2,3,66.66666666666666666666666667,6,50,1,0,1,23:56,1436
401752785,2025,14,2,2025-11-29T21:30Z,52,Florida State Seminoles,FSU,FBS,57,Florida Gators,FBS,away,21,40,24,407,240,17,28,8.6,167,37,4.5,6,12,50,1,3,33.33333333333333333333333333,4,28,2,1,1,25:18,1518
401752785,2025,14,2,2025-11-29T21:30Z,57,Florida Gators,FLA,FBS,52,Florida State Seminoles,FBS,home,40,21,26,440,168,15,24,7.0,272,45,6.0,6,13,46.15384615384615384615384615,2,2,100,5,45,1,0,1,34:42,2082
401752946,2025,14,2,2025-11-29T23:30Z,204,Oregon State Beavers,ORST,FBS,265,Washington State Cougars,FBS,away,8,32,17,280,240,28,41,5.9,40,29,1.4,3,14,21.42857142857142857142857143,1,2,50,13,119,3,1,2,31:26,1886
401752946,2025,14,2,2025-11-29T23:30Z,265,Washington State Cougars,WSU,FBS,204,Oregon State Beavers,FBS,home,32,8,22,383,197,17,28,7.0,186,34,5.5,6,14,42.85714285714285714285714286,1,2,50,9,77,2,2,0,28:34,1714
401752923,2025,14,2,2025-11-30T00:00Z,120,Maryland Terrapins,MD,FBS,127,Michigan State Spartans,FBS,away,28,38,26,534,459,38,61,7.5,75,16,4.7,9,16,56.25,0,2,0,8,75,1,0,1,28:16,1696
401752923,2025,14,2,2025-11-30T00:00Z,127,Michigan State Spartans,MSU,FBS,120,Maryland Terrapins,FBS,home,38,28,24,453,292,27,39,7.5,161,31,5.2,5,14,35.71428571428571428571428571,1,1,100,7,50,1,0,1,31:44,1904
401762520,2025,14,2,2025-11-30T00:00Z,242,Rice Owls,RICE,FBS,58,South Florida Bulls,FBS,away,3,52,13,257,104,9,18,5.8,153,40,3.8,4,13,30.76923076923076923076923077,1,3,33.33333333333333333333333333,9,83,1,1,0,31:22,1882
401762520,2025,14,2,2025-11-30T00:00Z,58,South Florida Bulls,USF,FBS,242,Rice Owls,FBS,home,52,3,30,553,281,18,28,10.0,272,49,5.6,7,12,58.33333333333333333333333333,3,3,100,3,30,0,0,0,28:38,1718
401752922,2025,14,2,2025-11-30T00:30Z,77,Northwestern Wildcats,NU,FBS,356,Illinois Fighting Illini,FBS,away,13,20,19,254,163,19,36,4.5,91,29,3.1,5,13,38.46153846153846153846153846,2,4,50,4,35,4,1,3,30:34,1834
401752922,2025,14,2,2025-11-30T00:30Z,356,Illinois Fighting Illini,ILL,FBS,77,Northwestern Wildcats,FBS,home,20,13,14,284,164,11,16,10.3,120,36,3.3,2,10,20,0,1,0,5,44,1,1,0,29:26,1766
401754612,2025,14,2,2025-11-30T00:30Z,153,North Carolina Tar Heels,UNC,FBS,152,NC State Wolfpack,FBS,away,19,42,20,265,195,22,36,5.4,70,24,2.9,7,13,53.84615384615384615384615385,0,0,,11,129,1,1,0,27:01,1621
401754612,2025,14,2,2025-11-30T00:30Z,152,NC State Wolfpack,NCSU,FBS,153,North Carolina Tar Heels,FBS,home,42,19,27,386,201,21,30,6.7,185,42,4.4,6,12,50,4,4,100,5,60,0,0,0,32:59,1979
401760425,2025,14,2,2025-11-30T02:00Z,2439,UNLV Rebels,UNLV,FBS,2440,Nevada Wolf Pack,FBS,away,42,17,24,496,270,15,22,12.3,226,33,6.8,5,7,71.42857142857142857142857143,0,0,,14,92,2,0,2,27:09,1629
401760425,2025,14,2,2025-11-30T02:00Z,2440,Nevada Wolf Pack,NEV,FBS,2439,UNLV Rebels,FBS,home,17,42,23,341,148,23,34,4.4,193,33,5.8,3,13,23.07692307692307692307692308,1,3,33.33333333333333333333333333,4,40,2,2,0,32:51,1971
401760423,2025,14,2,2025-11-30T03:30Z,278,Fresno State Bulldogs,FRES,FBS,23,San José State Spartans,FBS,away,41,14,16,397,138,15,20,6.9,259,53,4.9,4,16,25,3,3,100,5,60,3,2,1,39:07,2347
401760423,2025,14,2,2025-11-30T03:30Z,23,San José State Spartans,SJSU,FBS,278,Fresno State Bulldogs,FBS,home,14,41,14,227,114,11,34,3.4,113,26,4.3,3,12,25,0,2,0,3,40,5,0,5,20:53,1253
401760424,2025,14,2,2025-11-30T04:00Z,2751,Wyoming Cowboys,WYO,FBS,62,Hawai'i Rainbow Warriors,FBS,away,7,27,16,256,202,20,37,5.5,54,28,1.9,3,15,20,1,3,33.33333333333333333333333333,5,35,1,0,1,29:02,1742
401760424,2025,14,2,2025-11-30T04:00Z,62,Hawai'i Rainbow Warriors,HAW,FBS,2751,Wyoming Cowboys,FBS,home,27,7,14,417,289,17,25,11.6,128,33,3.9,5,14,35.71428571428571428571428571,0,0,,9,95,1,0,1,30:58,1858
401777324,2025,15,2,2025-12-06T01:00Z,249,North Texas Mean Green,UNT,FBS,2655,Tulane Green Wave,FBS,away,21,34,25,415,294,21,34,8.6,121,34,3.6,4,12,33.33333333333333333333333333,3,4,75,7,65,5,2,3,24:52,1492
401777324,2025,15,2,2025-12-06T01:00Z,2655,Tulane Green Wave,TULN,FBS,249,North Texas Mean Green,FBS,home,34,21,22,344,145,13,22,6.6,199,52,3.8,5,14,35.71428571428571428571428571,3,3,100,5,48,0,0,0,35:08,2108
401777352,2025,15,2,2025-12-06T00:00Z,2653,Troy Trojans,TROY,FBS,256,James Madison Dukes,FBS,away,14,31,12,177,203,16,39,5.2,-26,28,-0.9,4,18,22.22222222222222222222222222,0,2,0,4,45,1,1,0,29:26,1766
401777352,2025,15,2,2025-12-06T00:00Z,256,James Madison Dukes,JMU,FBS,2653,Troy Trojans,FBS,home,31,14,19,411,93,10,25,3.7,318,42,7.6,2,14,14.28571428571428571428571429,1,2,50,7,80,2,1,1,30:34,1834
401777325,2025,15,2,2025-12-06T00:00Z,338,Kennesaw State Owls,KENN,FBS,55,Jacksonville State Gamecocks,FBS,away,19,15,23,318,246,26,32,7.7,72,36,2.0,6,14,42.85714285714285714285714286,2,3,66.66666666666666666666666667,4,26,1,1,0,31:12,1872
401777325,2025,15,2,2025-12-06T00:00Z,55,Jacksonville State Gamecocks,JVST,FBS,338,Kennesaw State Owls,FBS,home,15,19,19,306,96,12,22,4.4,210,40,5.3,3,11,27.27272727272727272727272727,2,4,50,7,72,1,0,1,28:48,1728
401777326,2025,15,2,2025-12-06T01:00Z,2439,UNLV Rebels,UNLV,FBS,68,Boise State Broncos,FBS,away,21,38,22,409,225,18,38,5.9,184,34,5.4,4,14,28.57142857142857142857142857,1,2,50,9,70,1,1,0,28:40,1720
401777326,2025,15,2,2025-12-06T01:00Z,68,Boise State Broncos,BOIS,FBS,2439,UNLV Rebels,FBS,home,38,21,23,460,289,17,31,9.3,171,38,4.5,10,16,62.5,0,1,0,3,20,0,0,0,31:20,1880
401777353,2025,15,2,2025-12-07T01:00Z,84,Indiana Hoosiers,IU,FBS,194,Ohio State Buckeyes,FBS,away,13,10,17,340,222,15,23,9.7,118,34,3.5,6,13,46.15384615384615384615384615,1,1,100,5,49,1,0,1,29:47,1787
401777353,2025,15,2,2025-12-07T01:00Z,194,Ohio State Buckeyes,OSU,FBS,84,Indiana Hoosiers,FBS,home,10,13,17,322,264,22,30,8.8,58,26,2.2,4,12,33.33333333333333333333333333,0,1,0,2,20,1,0,1,30:13,1813
401777351,2025,15,2,2025-12-06T21:00Z,61,Georgia Bulldogs,UGA,FBS,333,Alabama Crimson Tide,FBS,away,28,7,16,297,156,20,26,6.0,141,41,3.4,6,16,37.5,2,2,100,7,80,0,0,0,36:52,2212
401777351,2025,15,2,2025-12-06T21:00Z,333,Alabama Crimson Tide,ALA,FBS,61,Georgia Bulldogs,FBS,home,7,28,11,209,212,19,39,5.4,-3,16,-0.2,3,14,21.42857142857142857142857143,1,3,33.33333333333333333333333333,1,5,1,0,1,23:08,1388
401777327,2025,15,2,2025-12-06T17:00Z,252,BYU Cougars,BYU,FBS,2641,Texas Tech Red Raiders,FBS,away,7,34,14,200,137,17,29,4.7,63,30,2.1,6,14,42.85714285714285714285714286,0,2,0,4,30,4,2,2,28:06,1686
401777327,2025,15,2,2025-12-06T17:00Z,2641,Texas Tech Red Raiders,TTU,FBS,252,BYU Cougars,FBS,home,34,7,19,374,215,20,33,6.5,159,41,3.9,8,19,42.10526315789473684210526316,1,2,50,5,35,0,0,0,31:54,1914
401777328,2025,15,2,2025-12-07T01:00Z,150,Duke Blue Devils,DUKE,FBS,258,Virginia Cavaliers,FBS,away,27,20,18,333,196,19,25,7.8,137,44,3.1,6,16,37.5,4,4,100,8,72,1,0,1,34:24,2064
401777328,2025,15,2,2025-12-07T01:00Z,258,Virginia Cavaliers,UVA,FBS,150,Duke Blue Devils,FBS,home,20,27,25,344,216,21,40,5.4,128,29,4.4,7,15,46.66666666666666666666666667,1,2,50,5,40,2,0,2,25:36,1536
401777329,2025,15,2,2025-12-06T17:00Z,193,Miami (OH) RedHawks,M-OH,FBS,2711,Western Michigan Broncos,FBS,away,13,23,18,272,199,14,38,5.2,73,31,2.4,6,15,40,0,3,0,4,50,1,1,0,24:43,1483
401777329,2025,15,2,2025-12-06T17:00Z,2711,Western Michigan Broncos,WMU,FBS,193,Miami (OH) RedHawks,FBS,home,23,13,18,397,111,8,13,8.5,286,56,5.1,4,15,26.66666666666666666666666667,1,4,25,4,37,0,0,0,35:17,2117
401762521,2025,16,2,2025-12-13T20:00Z,349,Army Black Knights,ARMY,FBS,2426,Navy Midshipmen,FBS,away,16,17,11,0,0,0,0,.0,0,0,.0,3,10,30,2,2,100,3,20,0,0,0,25:25,1525
401762521,2025,16,2,2025-12-13T20:00Z,2426,Navy Midshipmen,NAVY,FBS,349,Army Black Knights,FBS,home,17,16,17,0,0,0,0,.0,0,0,.0,11,18,61.11111111111111111111111111,2,2,100,2,15,0,0,0,34:35,2075
401778302,2025,1,3,2025-12-14T01:00Z,68,Boise State Broncos,BOIS,FBS,264,Washington Huskies,FBS,away,10,38,16,311,253,22,43,5.9,58,28,2.1,5,16,31.25,2,4,50,6,30,5,0,5,31:54,1914
401778302,2025,1,3,2025-12-14T01:00Z,264,Washington Huskies,WASH,FBS,68,Boise State Broncos,FBS,home,38,10,17,355,228,17,28,8.1,127,34,3.7,6,13,46.15384615384615384615384615,0,0,,9,70,1,1,0,28:06,1686
401778303,2025,1,3,2025-12-17T02:00Z,2653,Troy Trojans,TROY,FBS,55,Jacksonville State Gamecocks,FBS,away,13,17,15,217,129,15,30,4.3,88,32,2.8,2,12,16.66666666666666666666666667,1,3,33.33333333333333333333333333,3,15,2,0,2,29:30,1770
401778303,2025,1,3,2025-12-17T02:00Z,55,Jacksonville State Gamecocks,JVST,FBS,2653,Troy Trojans,FBS,home,17,13,15,273,173,14,22,7.9,100,43,2.3,8,17,47.05882352941176470588235294,0,1,0,3,45,1,1,0,30:30,1830
401778304,2025,1,3,2025-12-17T22:00Z,295,Old Dominion Monarchs,ODU,FBS,58,South Florida Bulls,FBS,away,24,10,21,382,127,11,26,4.9,255,55,4.6,9,20,45,0,2,0,6,70,1,1,0,31:07,1867
401778304,2025,1,3,2025-12-17T22:00Z,58,South Florida Bulls,USF,FBS,295,Old Dominion Monarchs,FBS,home,10,24,19,333,281,26,40,7.0,52,35,1.5,5,16,31.25,0,1,0,7,65,5,1,4,28:53,1733
401778305,2025,1,3,2025-12-18T01:40Z,309,Louisiana Ragin' Cajuns,UL,FBS,48,Delaware Blue Hens,FBS,away,13,20,20,335,231,21,38,6.1,104,39,2.7,6,17,35.29411764705882352941176471,3,5,60,1,5,3,2,1,33:55,2035
401778305,2025,1,3,2025-12-18T01:40Z,48,Delaware Blue Hens,DEL,FBS,309,Louisiana Ragin' Cajuns,FBS,home,20,13,16,334,176,19,30,5.9,158,30,5.3,6,14,42.85714285714285714285714286,0,2,0,2,29,0,0,0,26:05,1565
401838053,2025,1,3,2025-12-19T02:00Z,2623,Missouri State Bears,MOST,FBS,2032,Arkansas State Red Wolves,FBS,away,28,34,23,396,349,25,35,10.0,47,37,1.3,8,15,53.33333333333333333333333333,0,0,,14,115,2,2,0,39:07,2347
401838053,2025,1,3,2025-12-19T02:00Z,2032,Arkansas State Red Wolves,ARST,FBS,2623,Missouri State Bears,FBS,home,34,28,16,359,288,17,31,9.3,71,25,2.8,2,11,18.18181818181818181818181818,0,0,,10,110,0,0,0,20:53,1253
401778306,2025,1,3,2025-12-19T16:00Z,338,Kennesaw State Owls,KENN,FBS,2711,Western Michigan Broncos,FBS,away,6,41,18,378,209,18,36,5.8,169,34,5.0,4,14,28.57142857142857142857142857,0,0,,8,75,4,2,2,25:44,1544
401778306,2025,1,3,2025-12-19T16:00Z,2711,Western Michigan Broncos,WMU,FBS,338,Kennesaw State Owls,FBS,home,41,6,18,423,120,12,19,6.3,303,43,7.0,5,13,38.46153846153846153846153846,1,1,100,7,75,2,1,1,34:16,2056
401778307,2025,1,3,2025-12-19T19:30Z,235,Memphis Tigers,MEM,FBS,152,NC State Wolfpack,FBS,away,7,31,17,303,154,20,34,4.5,149,36,4.1,8,17,47.05882352941176470588235294,0,3,0,6,65,2,1,1,32:37,1957
401778307,2025,1,3,2025-12-19T19:30Z,152,NC State Wolfpack,NCSU,FBS,235,Memphis Tigers,FBS,home,31,7,17,337,221,14,26,8.5,116,33,3.5,5,13,38.46153846153846153846153846,0,2,0,6,56,0,0,0,27:23,1643
401778308,2025,1,3,2025-12-22T19:00Z,265,Washington State Cougars,WSU,FBS,328,Utah State Aggies,FBS,away,34,21,30,628,373,28,47,7.9,255,41,6.2,9,18,50,1,2,50,6,72,3,0,3,35:48,2148
401778308,2025,1,3,2025-12-22T19:00Z,328,Utah State Aggies,USU,FBS,265,Washington State Cougars,FBS,home,21,34,13,254,194,14,27,7.2,60,26,2.3,3,13,23.07692307692307692307692308,0,0,,7,74,1,0,1,24:12,1452
401778309,2025,1,3,2025-12-23T19:00Z,2649,Toledo Rockets,TOL,FBS,97,Louisville Cardinals,FBS,away,22,27,20,336,167,17,28,6.0,169,40,4.2,4,13,30.76923076923076923076923077,1,1,100,14,100,1,1,0,31:46,1906
401778309,2025,1,3,2025-12-23T19:00Z,97,Louisville Cardinals,LOU,FBS,2649,Toledo Rockets,FBS,home,27,22,23,333,153,16,24,6.4,180,36,5.0,1,9,11.11111111111111111111111111,3,3,100,6,47,1,1,0,28:14,1694
401778310,2025,1,3,2025-12-23T22:30Z,98,Western Kentucky Hilltoppers,WKU,FBS,2572,Southern Miss Golden Eagles,FBS,away,27,16,18,422,267,22,40,6.7,155,33,4.7,9,17,52.94117647058823529411764706,0,0,,8,74,3,1,2,31:24,1884
401778310,2025,1,3,2025-12-23T22:30Z,2572,Southern Miss Golden Eagles,USM,FBS,98,Western Kentucky Hilltoppers,FBS,home,16,27,21,377,258,24,48,5.4,119,36,3.3,7,20,35,1,3,33.33333333333333333333333333,12,100,1,0,1,28:36,1716
401778311,2025,1,3,2025-12-24T02:00Z,2439,UNLV Rebels,UNLV,FBS,195,Ohio Bobcats,FBS,away,10,17,18,281,184,19,30,6.1,97,29,3.3,4,11,36.36363636363636363636363636,1,2,50,5,40,2,1,1,28:00,1680
401778311,2025,1,3,2025-12-24T02:00Z,195,Ohio Bobcats,OHIO,FBS,2439,UNLV Rebels,FBS,home,17,10,19,350,143,11,15,9.5,207,43,4.8,4,11,36.36363636363636363636363636,1,1,100,5,50,3,2,1,32:00,1920
401778312,2025,1,3,2025-12-25T01:00Z,25,California Golden Bears,CAL,FBS,62,Hawai'i Rainbow Warriors,FBS,away,31,35,28,481,337,28,39,8.6,144,28,5.1,5,9,55.55555555555555555555555556,0,1,0,8,85,1,1,0,29:40,1780
401778312,2025,1,3,2025-12-25T01:00Z,62,Hawai'i Rainbow Warriors,HAW,FBS,25,California Golden Bears,FBS,home,35,31,24,395,302,34,49,6.2,93,23,4.0,8,17,47.05882352941176470588235294,3,3,100,8,56,0,0,0,30:20,1820
401778313,2025,1,3,2025-12-26T18:00Z,2117,Central Michigan Chippewas,CMU,FBS,77,Northwestern Wildcats,FBS,away,7,34,15,269,178,21,26,6.8,91,34,2.7,3,11,27.27272727272727272727272727,0,1,0,5,46,4,3,1,32:42,1962
401778313,2025,1,3,2025-12-26T18:00Z,77,Northwestern Wildcats,NU,FBS,2117,Central Michigan Chippewas,FBS,home,34,7,18,313,236,20,35,6.7,77,26,3.0,4,13,30.76923076923076923076923077,2,5,40,2,20,1,0,1,27:18,1638
401778314,2025,1,3,2025-12-26T21:30Z,167,New Mexico Lobos,UNM,FBS,135,Minnesota Golden Gophers,FBS,away,17,20,17,204,88,15,28,3.1,116,38,3.1,8,18,44.44444444444444444444444444,1,2,50,6,50,1,0,1,30:29,1829
401778314,2025,1,3,2025-12-26T21:30Z,135,Minnesota Golden Gophers,MINN,FBS,167,New Mexico Lobos,FBS,home,20,17,16,252,147,18,28,5.3,105,32,3.3,7,15,46.66666666666666666666666667,1,2,50,9,87,1,1,0,29:31,1771
401778315,2025,1,3,2025-12-27T01:00Z,2229,Florida International Panthers,FIU,FBS,2636,UTSA Roadrunners,FBS,away,20,57,22,255,176,21,49,3.6,79,29,2.7,6,18,33.33333333333333333333333333,1,10,10,4,31,2,0,2,28:54,1734
401778315,2025,1,3,2025-12-27T01:00Z,2636,UTSA Roadrunners,UTSA,FBS,2229,Florida International Panthers,FBS,home,57,20,25,481,295,18,31,9.5,186,40,4.7,4,12,33.33333333333333333333333333,2,2,100,11,133,0,0,0,31:06,1866
401778319,2025,1,3,2025-12-27T20:40Z,59,Georgia Tech Yellow Jackets,GT,FBS,252,BYU Cougars,FBS,away,21,25,21,385,254,22,40,6.4,131,28,4.7,4,12,33.33333333333333333333333333,2,3,66.66666666666666666666666667,7,49,2,1,1,28:49,1729
401778319,2025,1,3,2025-12-27T20:40Z,252,BYU Cougars,BYU,FBS,59,Georgia Tech Yellow Jackets,FBS,home,25,21,26,425,329,28,40,8.2,96,23,4.2,5,10,50,0,1,0,4,49,2,1,1,31:11,1871
401778322,2025,1,3,2025-12-28T00:30Z,258,Virginia Cavaliers,UVA,FBS,142,Missouri Tigers,FBS,away,13,7,18,308,198,25,38,5.2,110,41,2.7,13,23,56.52173913043478260869565217,2,4,50,4,30,1,1,0,38:19,2299
401778322,2025,1,3,2025-12-28T00:30Z,142,Missouri Tigers,MIZ,FBS,258,Virginia Cavaliers,FBS,home,7,13,13,260,101,12,23,4.4,159,32,5.0,3,12,25,0,3,0,5,40,1,0,1,21:41,1301
401778323,2025,1,3,2025-12-28T02:20Z,99,LSU Tigers,LSU,FBS,248,Houston Cougars,FBS,away,35,38,17,344,267,16,26,10.3,77,24,3.2,7,12,58.33333333333333333333333333,1,1,100,9,95,1,1,0,21:28,1288
401778323,2025,1,3,2025-12-28T02:20Z,248,Houston Cougars,HOU,FBS,99,LSU Tigers,FBS,home,38,35,32,437,230,28,37,6.2,207,45,4.6,7,15,46.66666666666666666666666667,2,3,66.66666666666666666666666667,4,29,0,0,0,38:32,2312
401778321,2025,1,3,2025-12-27T22:45Z,249,North Texas Mean Green,UNT,FBS,21,San Diego State Aztecs,FBS,away,49,47,28,618,250,27,49,5.1,368,49,7.5,9,20,45,5,7,71.42857142857142857142857143,10,90,2,0,2,32:31,1951
401778321,2025,1,3,2025-12-27T22:45Z,21,San Diego State Aztecs,SDSU,FBS,249,North Texas Mean Green,FBS,home,47,49,25,532,206,18,36,5.7,326,46,7.1,4,14,28.57142857142857142857142857,3,5,60,8,77,3,1,2,27:29,1649
401778316,2025,1,3,2025-12-27T16:00Z,221,Pittsburgh Panthers,PITT,FBS,151,East Carolina Pirates,FBS,away,17,23,24,376,256,25,40,6.4,120,40,3.0,5,15,33.33333333333333333333333333,3,5,60,3,35,5,4,1,33:05,1985
401778316,2025,1,3,2025-12-27T16:00Z,151,East Carolina Pirates,ECU,FBS,221,Pittsburgh Panthers,FBS,home,23,17,11,249,177,8,17,10.4,72,42,1.7,2,15,13.33333333333333333333333333,2,3,66.66666666666666666666666667,5,40,1,1,0,26:55,1615
401778317,2025,1,3,2025-12-27T17:00Z,213,Penn State Nittany Lions,PSU,FBS,228,Clemson Tigers,FBS,away,22,10,20,397,260,23,35,7.4,137,41,3.3,11,19,57.89473684210526315789473684,0,2,0,3,35,0,0,0,33:01,1981
401778317,2025,1,3,2025-12-27T17:00Z,228,Clemson Tigers,CLEM,FBS,213,Penn State Nittany Lions,FBS,home,10,22,16,236,193,22,40,4.8,43,25,1.7,5,15,33.33333333333333333333333333,1,3,33.33333333333333333333333333,1,5,0,0,0,26:59,1619
401778318,2025,1,3,2025-12-27T19:15Z,41,UConn Huskies,CONN,FBS,349,Army Black Knights,FBS,away,16,41,14,267,84,11,17,4.9,183,30,6.1,1,9,11.11111111111111111111111111,2,3,66.66666666666666666666666667,5,36,0,0,0,23:45,1425
401778318,2025,1,3,2025-12-27T19:15Z,349,Army Black Knights,ARMY,FBS,41,UConn Huskies,FBS,home,41,16,23,476,108,7,9,12.0,368,56,6.6,8,12,66.66666666666666666666666667,2,3,66.66666666666666666666666667,0,0,1,1,0,36:15,2175
401778320,2025,1,3,2025-12-27T21:30Z,193,Miami (OH) RedHawks,M-OH,FBS,278,Fresno State Bulldogs,FBS,away,3,18,12,192,72,6,22,3.3,120,26,4.6,4,12,33.33333333333333333333333333,0,2,0,4,39,2,1,1,21:20,1280
401778320,2025,1,3,2025-12-27T21:30Z,278,Fresno State Bulldogs,FRES,FBS,193,Miami (OH) RedHawks,FBS,home,18,3,18,396,219,15,22,10.0,177,49,3.6,6,16,37.5,1,1,100,8,70,0,0,0,38:40,2320
401778324,2025,1,3,2025-12-29T19:00Z,290,Georgia Southern Eagles,GASO,FBS,2026,App State Mountaineers,FBS,away,29,10,22,413,171,18,27,6.3,242,38,6.4,5,11,45.45454545454545454545454545,1,1,100,4,40,1,0,1,30:35,1835
401778324,2025,1,3,2025-12-29T19:00Z,2026,App State Mountaineers,APP,FBS,290,Georgia Southern Eagles,FBS,home,10,29,21,379,192,16,29,6.6,187,33,5.7,3,10,30,0,0,,6,50,4,0,4,29:25,1765
401778327,2025,1,3,2025-12-31T02:00Z,30,USC Trojans,USC,FBS,2628,TCU Horned Frogs,FBS,away,27,30,19,392,280,18,30,9.3,112,33,3.4,5,12,41.66666666666666666666666667,0,0,,7,50,2,0,2,31:52,1912
401778327,2025,1,3,2025-12-31T02:00Z,2628,TCU Horned Frogs,TCU,FBS,30,USC Trojans,FBS,home,30,27,20,375,258,29,40,6.5,117,31,3.8,8,15,53.33333333333333333333333333,1,1,100,10,81,1,0,1,28:08,1688
401778325,2025,1,3,2025-12-30T19:00Z,324,Coastal Carolina Chanticleers,CCU,FBS,2348,Louisiana Tech Bulldogs,FBS,away,14,23,19,356,311,25,49,6.3,45,25,1.8,2,14,14.28571428571428571428571429,0,1,0,14,115,3,1,2,28:08,1688
401778325,2025,1,3,2025-12-30T19:00Z,2348,Louisiana Tech Bulldogs,LT,FBS,324,Coastal Carolina Chanticleers,FBS,home,23,14,12,295,114,9,19,6.0,181,47,3.9,4,16,25,0,0,,11,113,4,3,1,31:52,1912
401778326,2025,1,3,2025-12-30T22:30Z,2633,Tennessee Volunteers,TENN,FBS,356,Illinois Fighting Illini,FBS,away,28,30,18,278,121,14,18,6.7,157,37,4.2,5,10,50,2,2,100,4,46,1,1,0,24:14,1454
401778326,2025,1,3,2025-12-30T22:30Z,356,Illinois Fighting Illini,ILL,FBS,2633,Tennessee Volunteers,FBS,home,30,28,27,417,196,20,34,5.8,221,39,5.7,6,13,46.15384615384615384615384615,1,3,33.33333333333333333333333333,4,20,0,0,0,35:46,2146
401778330,2025,1,3,2025-12-31T20:00Z,130,Michigan Wolverines,MICH,FBS,251,Texas Longhorns,FBS,away,27,41,19,373,199,23,43,4.6,174,38,4.6,4,18,22.22222222222222222222222222,5,6,83.33333333333333333333333333,9,95,3,0,3,33:08,1988
401778330,2025,1,3,2025-12-31T20:00Z,251,Texas Longhorns,TEX,FBS,130,Michigan Wolverines,FBS,home,41,27,24,456,221,21,34,6.5,235,33,7.1,3,11,27.27272727272727272727272727,2,2,100,12,103,1,1,0,26:52,1612
401778328,2025,1,3,2025-12-31T17:00Z,2294,Iowa Hawkeyes,IOWA,FBS,238,Vanderbilt Commodores,FBS,away,34,27,19,379,212,16,22,9.6,167,37,4.5,6,12,50,0,0,,5,53,1,0,1,32:18,1938
401778328,2025,1,3,2025-12-31T17:00Z,238,Vanderbilt Commodores,VAN,FBS,2294,Iowa Hawkeyes,FBS,home,27,34,21,398,347,25,38,9.1,51,22,2.3,2,9,22.22222222222222222222222222,0,1,0,10,53,0,0,0,27:42,1662
401778331,2025,1,3,2025-12-31T20:30Z,158,Nebraska Cornhuskers,NEB,FBS,254,Utah Utes,FBS,away,22,44,17,343,182,15,28,6.5,161,37,4.4,8,16,50,1,3,33.33333333333333333333333333,5,35,1,0,1,31:39,1899
401778331,2025,1,3,2025-12-31T20:30Z,254,Utah Utes,UTAH,FBS,158,Nebraska Cornhuskers,FBS,home,44,22,26,535,310,19,31,10.0,225,45,5.0,7,14,50,2,3,66.66666666666666666666666667,4,25,0,0,0,28:21,1701
401778329,2025,1,3,2025-12-31T19:00Z,9,Arizona State Sun Devils,ASU,FBS,150,Duke Blue Devils,FBS,away,39,42,22,619,375,27,38,9.9,244,37,6.6,3,10,30,1,4,25,3,33,3,2,1,26:33,1593
401778329,2025,1,3,2025-12-31T19:00Z,150,Duke Blue Devils,DUKE,FBS,9,Arizona State Sun Devils,FBS,home,42,39,24,539,327,29,51,6.4,212,36,5.9,6,17,35.29411764705882352941176471,3,5,60,6,60,1,0,1,33:27,2007
401831583,2025,1,3,2026-01-03T01:00Z,12,Arizona Wildcats,ARIZ,FBS,2567,SMU Mustangs,FBS,away,19,24,26,441,265,28,43,6.2,176,36,4.9,8,16,50,2,5,40,6,60,1,0,1,33:12,1992
401831583,2025,1,3,2026-01-03T01:00Z,2567,SMU Mustangs,SMU,FBS,12,Arizona Wildcats,FBS,home,24,19,18,392,278,21,32,8.7,114,32,3.6,3,10,30,1,1,100,6,45,3,0,3,26:48,1608
401778332,2025,1,3,2026-01-02T18:00Z,242,Rice Owls,RICE,FBS,326,Texas State Bobcats,FBS,away,10,41,12,196,94,13,21,4.5,102,44,2.3,3,17,17.64705882352941176470588235,3,5,60,5,57,3,2,1,30:32,1832
401778332,2025,1,3,2026-01-02T18:00Z,326,Texas State Bobcats,TXST,FBS,242,Rice Owls,FBS,home,41,10,24,437,196,18,26,7.5,241,41,5.9,2,11,18.18181818181818181818181818,2,3,66.66666666666666666666666667,9,87,1,1,0,29:28,1768
401778333,2025,1,3,2026-01-02T21:30Z,2426,Navy Midshipmen,NAVY,FBS,2132,Cincinnati Bearcats,FBS,away,35,13,22,349,108,9,15,7.2,241,51,4.7,9,15,60,1,1,100,2,10,1,1,0,33:42,2022
401778333,2025,1,3,2026-01-02T21:30Z,2132,Cincinnati Bearcats,CIN,FBS,2426,Navy Midshipmen,FBS,home,13,35,12,239,97,12,20,4.9,142,38,3.7,4,13,30.76923076923076923076923077,2,3,66.66666666666666666666666667,9,76,2,1,1,26:18,1578
401778334,2025,1,3,2026-01-03T01:00Z,154,Wake Forest Demon Deacons,WAKE,FBS,344,Mississippi State Bulldogs,FBS,away,43,29,23,451,303,20,33,9.2,148,35,4.2,9,15,60,0,0,,9,76,1,0,1,31:35,1895
401778334,2025,1,3,2026-01-03T01:00Z,344,Mississippi State Bulldogs,MSST,FBS,154,Wake Forest Demon Deacons,FBS,home,29,43,20,408,294,16,27,10.9,114,42,2.7,3,14,21.42857142857142857142857143,0,2,0,7,60,0,0,0,28:25,1705
401779840,2025,1,3,2025-12-20T01:00Z,333,Alabama Crimson Tide,ALA,FBS,201,Oklahoma Sooners,FBS,away,34,24,12,260,232,18,29,8.0,28,25,1.1,2,12,16.66666666666666666666666667,1,1,100,4,46,0,0,0,26:52,1612
401779840,2025,1,3,2025-12-20T01:00Z,201,Oklahoma Sooners,OU,FBS,333,Alabama Crimson Tide,FBS,home,24,34,18,362,307,26,42,7.3,55,33,1.7,7,18,38.88888888888888888888888889,1,1,100,5,50,1,0,1,33:08,1988
401779843,2025,1,3,2025-12-21T00:30Z,256,James Madison Dukes,JMU,FBS,2483,Oregon Ducks,FBS,away,34,51,22,509,323,24,49,6.6,186,35,5.3,9,22,40.90909090909090909090909091,4,4,100,13,113,0,0,0,35:50,2150
401779843,2025,1,3,2025-12-21T00:30Z,2483,Oregon Ducks,ORE,FBS,256,James Madison Dukes,FBS,home,51,34,22,514,313,19,27,11.6,201,26,7.7,3,7,42.85714285714285714285714286,0,0,,5,71,2,0,2,24:10,1450
401779842,2025,1,3,2025-12-20T20:30Z,2655,Tulane Green Wave,TULN,FBS,145,Ole Miss Rebels,FBS,away,10,41,20,421,306,20,37,8.3,115,34,3.4,5,13,38.46153846153846153846153846,0,4,0,3,38,3,2,1,31:01,1861
401779842,2025,1,3,2025-12-20T20:30Z,145,Ole Miss Rebels,MISS,FBS,2655,Tulane Green Wave,FBS,home,41,10,29,497,346,27,34,10.2,151,34,4.4,3,10,30,2,2,100,1,5,1,1,0,28:59,1739
401779841,2025,1,3,2025-12-20T17:00Z,2390,Miami Hurricanes,MIA,FBS,245,Texas A&M Aggies,FBS,away,10,3,12,278,103,14,21,4.9,175,28,6.3,3,12,25,0,0,,4,30,1,1,0,26:16,1576
401779841,2025,1,3,2025-12-20T17:00Z,245,Texas A&M Aggies,TA&M,FBS,2390,Miami Hurricanes,FBS,home,3,10,21,326,237,25,40,5.9,89,35,2.5,8,18,44.44444444444444444444444444,0,1,0,4,15,3,1,2,33:44,2024
401769070,2025,1,3,2026-01-01T00:30Z,2390,Miami Hurricanes,MIA,FBS,194,Ohio State Buckeyes,FBS,away,24,14,18,291,138,19,26,5.3,153,37,4.1,7,14,50,1,1,100,0,0,1,1,0,33:20,2000
401769070,2025,1,3,2026-01-01T00:30Z,194,Ohio State Buckeyes,OSU,FBS,2390,Miami Hurricanes,FBS,home,14,24,18,332,287,22,35,8.2,45,24,1.9,3,10,30,1,1,100,2,15,2,0,2,26:40,1600
401769072,2025,1,3,2026-01-01T21:00Z,333,Alabama Crimson Tide,ALA,FBS,84,Indiana Hoosiers,FBS,away,3,38,11,193,170,24,33,5.2,23,17,1.4,3,11,27.27272727272727272727272727,0,2,0,1,5,1,1,0,25:39,1539
401769072,2025,1,3,2026-01-01T21:00Z,84,Indiana Hoosiers,IU,FBS,333,Alabama Crimson Tide,FBS,home,38,3,22,407,192,14,16,12.0,215,50,4.3,9,14,64.28571428571428571428571429,0,0,,1,10,0,0,0,34:21,2061
401769073,2025,1,3,2026-01-02T01:00Z,145,Ole Miss Rebels,MISS,FBS,61,Georgia Bulldogs,FBS,away,39,34,23,473,362,30,46,7.9,111,27,4.1,5,14,35.71428571428571428571428571,1,2,50,4,48,1,1,0,27:28,1648
401769073,2025,1,3,2026-01-02T01:00Z,61,Georgia Bulldogs,UGA,FBS,145,Ole Miss Rebels,FBS,home,34,39,23,343,219,19,33,6.6,124,37,3.4,3,13,23.07692307692307692307692308,2,3,66.66666666666666666666666667,4,38,1,1,0,32:32,1952
401769071,2025,1,3,2026-01-01T17:00Z,2483,Oregon Ducks,ORE,FBS,2641,Texas Tech Red Raiders,FBS,away,23,0,16,309,245,27,34,7.2,64,47,1.4,4,19,21.05263157894736842105263158,4,8,50,3,25,1,0,1,38:00,2280
401769071,2025,1,3,2026-01-01T17:00Z,2641,Texas Tech Red Raiders,TTU,FBS,2483,Oregon Ducks,FBS,home,0,23,10,215,137,18,32,4.3,78,30,2.6,6,16,37.5,0,3,0,6,36,4,2,2,22:00,1320
401769075,2025,1,3,2026-01-09T00:30Z,2390,Miami Hurricanes,MIA,FBS,145,Ole Miss Rebels,FBS,away,31,27,28,459,268,23,37,7.2,191,51,3.7,11,19,57.89473684210526315789473684,2,2,100,10,74,1,0,1,41:22,2482
401769075,2025,1,3,2026-01-09T00:30Z,145,Ole Miss Rebels,MISS,FBS,2390,Miami Hurricanes,FBS,home,27,31,23,398,277,23,39,7.1,121,21,5.8,2,10,20,0,0,,4,34,0,0,0,18:38,1118
401769074,2025,1,3,2026-01-10T00:30Z,2483,Oregon Ducks,ORE,FBS,84,Indiana Hoosiers,FBS,away,22,56,20,378,285,24,40,7.1,93,26,3.6,8,13,61.53846153846153846153846154,0,2,0,5,43,3,2,1,28:47,1727
401769074,2025,1,3,2026-01-10T00:30Z,84,Indiana Hoosiers,IU,FBS,2483,Oregon Ducks,FBS,home,56,22,18,362,177,17,20,8.9,185,40,4.6,11,14,78.57142857142857142857142857,0,0,,5,23,0,0,0,31:13,1873
401769076,2025,1,3,2026-01-20T00:30Z,2390,Miami Hurricanes,MIA,FBS,84,Indiana Hoosiers,FBS,away,21,27,15,342,232,19,32,7.3,110,21,5.2,3,11,27.27272727272727272727272727,1,1,100,7,60,1,0,1,23:36,1416
401769076,2025,1,3,2026-01-20T00:30Z,84,Indiana Hoosiers,IU,FBS,2390,Miami Hurricanes,FBS,home,27,21,20,317,186,16,27,6.9,131,45,2.9,6,16,37.5,2,2,100,5,38,0,0,0,36:24,2184
